id,sales
3000888,0.023895473192733396
3001778,2.7954473951280088e-05
3000890,39.43261995139828
3000891,58.05027294578159
3000892,0.0
3000893,54.18623597844298
3000894,0.0
3000895,54.229956715129646
3000896,54.23025624516901
3000897,47.46409528020319
3000898,45.92409817937311
3000899,45.87331872626435
3000901,0.0
3000913,41.716622709020264
3000902,0.0
3000903,36.683499540405826
3000904,36.748884405212955
3000905,0.0
3000906,40.23688427435479
3000907,0.0
3000908,38.79580314815898
3000909,39.03902206221079
3000910,38.03776399991959
3000911,0.024805188617931552
3000900,69.60018495912271
3000996,44.91216910354758
3000914,0.0
3000916,0.0025058633905089105
3000917,0.0025058633905089105
3000918,44.2776778340992
3000919,27.929046279931743
3000920,0.0
3000921,0.04400700793692783
3000922,0.00039903214853580183
3000923,39.65997572991847
3000924,58.555905871980954
3000925,0.0021537069688461774
3000926,54.63378575826923
3000927,0.006497619440174933
3000912,0.003211379073588484
3000929,54.67784905499714
3000930,47.810007334416085
3000931,46.246867418949776
3000932,46.195318544633594
3000933,70.27854341434967
3000934,0.009816234798440933
3000935,0.006149339371220617
3000936,36.91500507777247
3000937,36.98021255915675
3000938,0.0
3000939,40.51767737014559
3000940,0.0
3000915,0.002107081224930583
3000941,39.07343407903641
3000942,39.29827805228387
3000943,38.28075315740374
3000968,0.009950623907848151
3000945,0.016505988245988916
3000946,42.023949866822875
3000947,0.012763951698788929
3000948,0.015382967683026123
3000949,0.015789842926740853
3000950,0.015789842926740853
3000951,44.62435486909099
3000952,28.04524390197661
3000953,0.0
3000954,0.021260956313146666
3000969,35.97076642777901
3000955,0.004148185380515702
3000957,56.72646100419617
3000958,0.005914059577903676
3000959,53.07542920082515
3000960,0.010287150922259907
3000961,52.92186170559432
3000962,52.9221574012187
3000963,46.587656134739206
3000964,45.1459065619853
3000965,45.09943192771843
3000966,67.31397738077895
3000967,0.013645989351659346
3000956,39.13629697323291
3000928,54.67755316883318
3000970,36.02966630723458
3000995,50.5250736521926
3000983,0.01919233109622476
3000972,39.21966004378966
3000973,0.0
3000974,37.9151411390109
3000975,38.07605371810098
3000976,37.171085240033186
3000977,0.040237595673745366
3000978,0.019912416166488943
3000979,40.53449955081544
3000980,0.016148573635489223
3000981,37.20501079654298
3000971,0.002494198287634629
3000982,0.01919233109622476
3000944,0.04511012500904483
3000985,28.45617372529043
3000986,0.003916627954754289
3000987,0.020789539986284668
3000988,0.0003321761511603812
3000989,38.24714353621389
3000990,53.69029816669384
3000991,0.0020862532275034464
3000992,50.484950085666995
3000993,0.006428618769225706
3000994,50.52477780494449
3000984,42.01286360078075
3000997,43.63465655319358
3000998,43.592566192263895
3000999,62.974327403224734
3001000,0.009746328587078832
3001001,0.006081210554843875
3001002,35.116353501790435
3001003,35.16964577626553
3001004,0.0
3001005,38.05072309646607
3001006,0.0
3001007,36.87043392955451
3001008,36.98706507782163
3001009,36.109036202752016
3001010,0.04501910670580675
3001011,0.019215447175553662
3001012,39.26343803521045
3001013,0.014662138890211757
3001014,0.017290127236132796
3001015,38.53392156354141
3001016,0.017719255124591892
3001017,41.932941890248706
3001018,27.76933516429999
3001019,0.0
3001020,0.020789539986284668
3001021,0.0003321761511603812
3001022,38.24714353621389
3001023,53.69029816669384
3001024,0.0020862532275034464
3001052,0.0
3001053,0.015266952130645307
3001027,50.52477780494449
3001028,50.5250736521926
3001029,44.91216910354758
3001030,43.63465655319358
3001031,43.592566192263895
3001032,62.974327403224734
3001033,0.009746328587078832
3001034,0.006081210554843875
3001035,35.116353501790435
3001036,35.16964577626553
3001037,0.0
3001038,37.933113118743904
3001025,50.484950085666995
3001040,36.87043392955451
3001041,36.98706507782163
3001042,36.109036202752016
3001043,0.04501910670580675
3001044,0.019215447175553662
3001045,39.26343803521045
3001046,0.014662138890211757
3001047,0.017290127236132796
3001048,0.017719255124591892
3001049,0.017719255124591892
3001050,41.932941890248706
3001051,27.76933516429999
3001026,0.006428618769225706
3001108,36.51021554814857
3001054,0.002131857931551977
3001095,45.785504138004676
3001056,54.910099935848876
3001057,0.0038921685896652807
3001058,51.523927526055374
3001059,0.008251145600940054
3001060,51.56377890297453
3001061,51.56407396829979
3001062,45.63456575907127
3001063,44.284992623695295
3001064,44.24156799152597
3001065,64.71545509537978
3001066,0.011600396986626562
3001067,0.006350033451547699
3001068,36.84748323702786
3001069,36.912245352506375
3001070,0.00047870607409495464
3001071,38.54237009968251
3001072,0.0
3001073,37.41973247586305
3001074,37.567583284456006
3001075,36.636516216258954
3001076,0.03634021348019315
3001077,0.02032642342881773
3001078,39.94723649192128
3001079,0.01576241569135425
3001080,0.01839663179133174
3001109,0.03496016803098099
3001055,38.5958620805671
3001083,43.135684443170845
3001084,27.806677369179813
3001085,0.0
3001086,0.01987484412929849
3001087,0.0014805340804321617
3001088,38.674730792196904
3001089,55.155229437195246
3001090,0.0032382870840077633
3001091,51.734543653059326
3001092,0.0075903833115753255
3001093,51.77497150889688
3001094,51.77526739789237
3001081,0.018826798328260386
3001096,44.42221716595878
3001097,44.377287747145246
3001098,65.38396587690417
3001099,0.010899000727785458
3001100,0.00723940170265568
3001101,35.65939691935492
3001102,35.716269287213805
3001103,0.0
3001104,38.669037205225536
3001105,0.0
3001106,37.20433378812616
3001107,37.254443633587705
3001082,0.018826798328260386
3001332,38.61168246733269
3001110,0.01936132357912354
3001262,45.86584125853901
3001112,0.014807008971597969
3001113,0.01743557566883784
3001114,0.0178440319153928
3001115,0.0178440319153928
3001116,42.93743374432292
3001117,27.897741331118358
3001118,0.0
3001119,0.01620903065614409
3001120,0.0026098938346277864
3001121,39.5262587166466
3001122,57.28477961371875
3001124,53.5495395627134
3001136,0.000956669769462607
3001125,0.008734687783046109
3001126,53.59066784462415
3001127,53.590962948762396
3001128,47.05045849319599
3001129,45.45158726211689
3001130,45.40395613937852
3001131,68.15546631582731
3001132,0.012071366507375402
3001133,0.008400983681817657
3001134,38.160030748477205
3001123,0.004371720751087146
3001219,0.0027953038703987815
3001137,39.37055218369575
3001139,37.81685380726376
3001140,37.88306755892492
3001141,36.82085761999884
3001142,0.03618271525937552
3001143,0.018184072345361662
3001144,40.17488534270017
3001145,0.014430044602179259
3001146,0.017057536553168027
3001147,38.41267875055741
3001148,37.86800483087968
3001149,42.48257105424883
3001150,27.859882196450094
3001135,38.233445551028474
3001152,0.015685659806224852
3001153,0.0
3001154,39.27685280892848
3001155,57.44943767129736
3001156,0.0014907103023402445
3001157,53.69000104452411
3001158,0.005828961030907269
3001159,53.73222922474138
3001160,53.73252511090534
3001161,47.14965367383259
3001162,45.540425539677315
3001163,45.49142583680889
3001138,0.0
3001164,68.39018434452545
3001165,0.009129236319372654
3001166,0.005482776437745838
3001191,0.007187494459345542
3001168,36.49041305964503
3001169,0.0
3001170,39.71433550460604
3001171,0.0
3001172,38.11755391393631
3001173,38.1976415700451
3001174,37.37522985723284
3001175,0.03310532486818713
3001176,0.01582588341661794
3001177,41.266482596925414
3001192,54.64282996148954
3001178,0.012088724205741214
3001180,0.015110588394880501
3001181,0.015110588394880501
3001182,43.73118546601482
3001183,27.96297935939696
3001184,0.0
3001185,0.0178483871530501
3001186,0.0014161801799615382
3001187,38.8187906732568
3001188,55.9508696055668
3001189,0.0028347919392009233
3001190,52.40573183667414
3001179,0.014704286845871734
3001151,0.0015972506772362952
3001193,54.64312635473407
3001218,0.01988909820559829
3001206,38.6716926496848
3001195,46.094154224912295
3001196,46.04301007965311
3001197,69.93835784364654
3001198,0.010496839224981805
3001199,0.006835014414059964
3001200,36.80347787765511
3001201,36.86817895797738
3001202,0.0
3001203,40.23499588226213
3001204,0.0
3001194,47.77348505071796
3001205,38.568640435872744
3001167,36.428412784986826
3001208,0.034551776256054045
3001209,0.01721433053305322
3001210,41.870125509916726
3001211,0.013464721406037897
3001212,0.01608904406630525
3001213,40.61349678973716
3001214,39.96553517322105
3001215,43.74889887979902
3001216,28.439182297380917
3001217,0.0016079761520419867
3001207,37.80098354342299
3001220,38.289466171864525
3001221,54.01523598712841
3001222,0.0045899901034547365
3001223,50.76212217429004
3001224,0.008953742536780464
3001225,50.80165425452945
3001226,50.801950101777564
3001227,45.10557997696067
3001228,43.713063840791236
3001229,43.670691192263895
3001230,63.181873637355594
3001231,0.012034843335294507
3001232,0.008207617898738117
3001233,35.16690777730313
3001234,35.222156991475494
3001235,0.001021864320428991
3001236,38.00381090316773
3001237,0.0
3001238,36.622462394825504
3001239,36.64498496154966
3001240,35.87627100499811
3001241,0.035260682691953676
3001242,0.021662292349389416
3001243,39.344931412895995
3001244,0.01708768192279833
3001245,0.019728068966155227
3001246,0.02015926439072997
3001247,0.02015926439072997
3001275,41.9636444647864
3001276,41.70951851748738
3001250,0.0
3001251,0.02266370930660071
3001252,0.0
3001253,39.42814706442935
3001254,58.04072530829848
3001255,0.0
3001256,54.17742973377132
3001257,0.0
3001258,54.220874802416326
3001259,54.22117068858029
3001260,47.456313396404994
3001261,45.916613841961635
3001248,42.01169726897185
3001263,69.58813291429564
3001264,0.0
3001265,0.0
3001266,36.677349107210965
3001267,36.74272157425198
3001268,0.0
3001269,40.2300343051116
3001270,0.0
3001271,38.78922710256443
3001272,39.03229326499382
3001273,38.03108586456682
3001274,0.023508715166337162
3001249,27.776405944100404
3001331,0.010114965862236517
3001277,0.0
3001318,0.004508960994799636
3001279,0.0012136502557915964
3001280,0.0012136502557915964
3001281,44.27125897895776
3001282,27.925759328152242
3001283,0.0
3001284,0.01721163230424939
3001285,0.004435947508269529
3001286,39.52489700522923
3001287,58.297593823515484
3001288,0.006235924410033485
3001289,54.41406766589642
3001290,0.010612835573929502
3001291,54.24870703406891
3001292,54.24900272969329
3001293,47.51143387440764
3001294,45.8643887389096
3001295,45.815286731901026
3001296,69.25165975464388
3001297,0.013723696941730442
3001298,0.010041365949384035
3001299,36.44985622244892
3001300,36.51385349112568
3001301,0.0026839981658378616
3001302,39.74459213693332
3001303,0.0
3001111,40.084327529896605
3001278,0.0008145976560423479
3001306,37.4009610831903
3001307,0.03800709144411471
3001308,0.01995529083059131
3001309,41.28311991173085
3001310,0.016190233854954293
3001311,0.018825474409763863
3001312,0.019234993418780117
3001313,0.019234993418780117
3001314,42.828602357748224
3001315,28.438976694495654
3001316,0.003270847652056004
3001317,0.017285958867537872
3001304,38.14448855350466
3001319,39.60338696698462
3001320,58.56872600560099
3001321,0.006309170688726572
3001322,54.64532292196802
3001323,0.01068668228639668
3001324,54.47804802059515
3001325,54.478343726054035
3001326,47.6716430195721
3001327,46.007698775187336
3001328,45.958079918973645
3001329,69.63470636385627
3001330,0.013797884558048859
3001305,38.2256024792772
3001777,28.128746187016713
3000889,0.0
3001636,38.30283972596563
3001345,0.019309880262851742
3001555,50.647881037434985
3001335,39.875646181725934
3001336,0.0
3001337,38.2591203362994
3001338,38.345523402215704
3001339,37.22914307367341
3001340,0.038084565377370476
3001341,0.020030271271452772
3001342,40.72631547727501
3001343,0.016264697934243334
3001344,37.04215429105675
3001346,0.019309880262851742
3001358,51.38357219375449
3001347,41.924796041140574
3001348,28.254788586982325
3001349,0.0028979894135658245
3001350,0.01766836379045986
3001351,0.003986441595716157
3001352,38.48032381959695
3001353,54.6993207389529
3001354,0.005785385725199521
3001355,51.34416200645451
3001442,0.018613517610701184
3001359,45.5085378614791
3001361,44.02969005072321
3001385,39.031875300522614
3001373,0.03686545609908589
3001362,64.46835658932285
3001363,0.013268983964982689
3001364,0.009589060581430579
3001365,35.41352397124447
3001366,35.47050696532406
3001367,0.0022346565309113377
3001368,38.34113802905056
3001369,0.0
3001370,36.9164547378656
3001371,36.94112146035964
3001356,0.010160108805889648
3001372,36.225583258579
3001360,44.07234630264121
3001375,40.06466949397944
3001376,0.015888047483602834
3001377,0.018522787918189836
3001378,0.018932272528224263
3001379,38.563045784470205
3001380,43.30538240389002
3001381,27.914937177739994
3001382,0.0
3001383,0.01875071799240771
3001384,0.005163735038137616
3001374,0.01965233300930306
3001357,51.38327697199918
3001386,56.57920043340869
3001387,0.006966076321445568
3001415,0.0
3001414,27.985139265771874
3001391,52.990103423069186
3001392,46.63389939017124
3001393,45.080082594822116
3001394,45.033829489751994
3001395,67.14479509677592
3001396,0.01446341177168874
3001397,0.010775200368847425
3001398,36.64791271654409
3001399,36.71237060991567
3001416,0.018131933317352755
3001400,0.004045330512851776
3001402,0.0
3001403,37.73820964220737
3001404,37.82427925515093
3001405,37.038065485736404
3001406,0.024820967726298073
3001407,0.021283472223373325
3001408,41.185780664736484
3001409,0.017508604234989702
3001410,0.02015082225852829
3001411,0.020561543490574593
3001412,0.020561543490574593
3001401,39.29670955891009
3001443,0.02126164953258858
3001417,0.005672958683401475
3001440,0.023201424456388994
3001388,52.94922339443231
3001429,0.01489991965084602
3001418,38.26935905425983
3001419,53.092586998101346
3001420,0.00739709357780481
3001421,49.96886042910263
3001422,0.011784054443718163
3001423,50.006719108848834
3001424,50.007014498579835
3001425,44.55009959684644
3001426,43.21611999021802
3001441,38.88310302543679
3001427,43.17659060476563
3001430,0.01120828471755048
3001389,0.011349553318275269
3001431,34.73528881640632
3001432,34.7869236049195
3001433,0.0044753581567027806
3001434,37.417697977832155
3001435,0.0
3001436,36.11170248254865
3001437,36.02689128999442
3001438,35.32235076335591
3001439,0.03149543261224142
3001428,62.16206487277164
3001390,52.989808106778085
3001445,0.021673371312820083
3001524,44.55264141686772
3001457,52.50238849470095
3001498,35.208172859315255
3001447,27.854890651745237
3001448,0.01252674332709769
3001449,0.01533147983512582
3001450,0.0047300908133888
3001451,39.150086678673276
3001452,56.005747563725706
3001453,0.006994348911395062
3001454,52.461928000626465
3001455,0.011375384029303498
3001471,36.34232834943321
3001456,52.50209265501335
3001470,37.33802052297697
3001459,44.78009368726687
3001460,44.734970075098865
3001461,66.32167007065776
3001462,0.014488863132554718
3001463,0.010802883752118233
3001464,37.702622568281704
3001465,37.774078523787075
3001466,0.004073578151268733
3001467,38.86020393284732
3001468,0.0
3001458,46.29703475782351
3001469,37.3750459036426
3001446,41.76933897121881
3001472,0.03284641279542468
3001485,53.957195211366106
3001474,40.18877955271642
3001475,0.017446863836380434
3001476,0.020086744240256738
3001477,0.020496999106683976
3001478,0.020496999106683976
3001479,42.13224231439655
3001480,27.842918901346213
3001481,0.012007336347566356
3001482,0.020386096245741597
3001483,0.0063380111455609576
3001473,0.021218521499659495
3001484,38.271464438829156
3001486,0.008064382213639254
3001487,50.70606888364945
3001488,0.012457743738136615
3001489,50.74458398693361
3001490,50.74487911600715
3001491,45.065430988260566
3001492,43.677050937601386
3001493,43.63585722368501
3001494,63.39474680180687
3001495,0.015576660692604657
3001496,0.01187904680946525
3001497,35.15373045361457
3001413,43.29887814534384
3001553,50.609455284226556
3001499,0.005140900585205181
3001512,42.77126197696477
3001501,0.0005645442605135632
3001502,36.59241569312827
3001503,36.623071825980546
3001504,35.856691460112174
3001505,0.0323967683444484
3001506,0.024798508431116688
3001507,39.67129580825571
3001508,0.02019698816752844
3001509,0.02285303819394522
3001510,38.77887542069819
3001500,37.98494785378722
3001511,0.02326607009829321
3001526,43.17885388372895
3001514,0.005162232206165074
3001515,0.018230966843362825
3001516,0.005770216948218769
3001517,38.27063367823622
3001518,53.096866636279806
3001519,0.007494665703248485
3001520,49.97250680842592
3001521,0.011882501306107714
3001522,50.010366253258674
3001523,50.010661627133835
3001513,27.850541544041846
3001525,43.21839192040776
3001527,62.168172455382084
3001444,0.021673371312820083
3001541,0.018713058969452415
3001530,34.736830874281544
3001531,34.78847663004937
3001532,0.004572686954722742
3001533,37.41979458268892
3001534,2.0478024814486176e-06
3001535,36.11353395025706
3001536,36.028794182695314
3001537,35.324053465144054
3001538,0.031597590916123776
3001539,0.02330188380274781
3001529,0.011306348899831797
3001540,38.88556664430572
3001528,0.014998814395867519
3001543,0.02177354011041897
3001544,0.02177354011041897
3001545,41.7724224529303
3001546,27.855173060151987
3001547,0.012626337135380208
3001548,0.017729622103996055
3001549,0.0037358606938028265
3001550,38.23867405407201
3001551,53.84389230646582
3001552,0.005454080888996341
3001542,0.02136172733314279
3001334,0.002756988681820601
3001554,0.009825138367637905
3001556,50.64817617060774
3001569,36.571340798299445
3001558,43.616627670546706
3001559,43.5756514119953
3001560,63.2332302491549
3001561,0.012931968171239447
3001562,0.0092558984003398
3001563,35.1120511193859
3001564,35.16621409851188
3001565,0.0025368534703540235
3001566,37.92845510018501
3001567,0.0
3001568,36.543071686257775
3001570,35.81033079932878
3001582,0.0024002935975545574
3001571,0.02966859686486703
3001572,0.022109714292564198
3001573,39.60438897606709
3001574,0.017531618095488827
3001575,0.02017402610883264
3001576,0.02058478517450566
3001577,0.02058478517450566
3001578,42.68763077797661
3001579,27.843005929377178
3001665,37.22364305031929
3001583,38.22185076229344
3001585,0.004114332387218692
3001609,0.01920861823477025
3001597,35.14468680816764
3001586,50.55989092265429
3001587,0.00847394763670853
3001588,50.598272806844165
3001589,50.59856794001692
3001590,44.96322629572981
3001591,43.58562944056624
3001592,43.54476476190985
3001593,63.15035213636193
3001594,0.01157457017535026
3001595,0.007909560791346746
3001580,0.0025428963557801746
3001596,35.09066783386344
3001584,53.78576585688086
3001599,37.899472937709426
3001600,0.0
3001601,36.51775735520309
3001602,36.54480194942249
3001603,35.78654520820329
3001604,0.028268370137739002
3001605,0.020729689814724728
3001606,39.570064330071
3001607,0.016163608610184472
3001608,0.018799028910250943
3001598,0.001200312676353994
3001581,0.016366182618565338
3001610,38.12774007144605
3001611,42.644728785178756
3001638,0.013476131299860873
3001637,0.036206896858656794
3001614,0.03235153084667021
3001615,0.0
3001616,39.613471303293714
3001617,58.67582997654994
3001618,0.0
3001619,54.71916582276139
3001620,0.0036604786947924063
3001621,54.76215376958913
3001622,54.76244887372738
3001639,42.05553856520306
3001623,47.83411368390804
3001625,46.206253755627685
3001626,70.50133740146664
3001627,0.006775556081715721
3001628,0.0030795322850840647
3001629,36.91302018654607
3001630,36.979971938255055
3001631,0.0
3001632,40.55287505341518
3001633,0.0
3001634,39.096940692180944
3001635,39.334775146817975
3001624,46.25720557233578
3001666,0.0
3001640,0.00971759223012703
3001663,34.642711271821206
3001612,27.839138183977703
3001652,49.7964345780498
3001641,0.012348280480191879
3001642,0.012757102616707115
3001643,0.012757102616707115
3001644,45.093639898002316
3001645,27.963322570364372
3001646,0.0
3001647,0.01684672830326058
3001648,0.0036426129523420264
3001649,38.208265671656235
3001664,0.001811219074277821
3001650,52.89043161310644
3001653,0.009730799116119656
3001613,0.001198513592871239
3001654,49.83411646529143
3001655,49.834411598464186
3001656,44.42942807795637
3001657,43.10814283015364
3001658,43.069000487312685
3001659,61.873994485605095
3001660,0.012837194923401426
3001661,0.009161899081561285
3001662,34.59137164550895
3001651,0.005360541177908399
3001667,35.940071045388635
3001668,35.930280922811164
3001748,38.535703598963124
3001680,0.015301609718668457
3001669,35.23580210517595
3001670,0.03611457283906919
3001671,0.020810139321365162
3001672,38.75683858391621
3001673,0.01624335496828107
3001674,0.0188791803936675
3001675,0.019288842361347626
3001676,0.019288842361347626
3001677,41.60457909645805
3001678,27.83959559002171
3001722,44.45217607142561
3001679,0.010085677887590936
3001693,0.012896174308320414
3001682,38.047945572132015
3001683,53.174519925431305
3001684,0.005420688899025317
3001685,50.03930384369961
3001686,0.00978959030800631
3001687,52.01473717542617
3001688,52.01503286007791
3001689,45.95398244503885
3001690,44.47231778744607
3001691,44.42827306817064
3001681,0.0037030297672985945
3001692,65.51339540914731
3001694,0.0092218355241943
3001720,49.86668253584807
3001708,39.54544514301694
3001697,0.0018716675348830155
3001698,38.713445397052915
3001699,0.0
3001700,37.2436442319667
3001701,37.29539631817321
3001702,36.54766734907998
3001703,0.029066928453778323
3001704,0.019940061615318465
3001705,40.49392842390715
3001706,0.01538279190275562
3001696,35.75021730325394
3001707,0.01801303218666208
3001695,35.691430911042026
3001710,43.17503190066874
3001711,28.479565587640817
3001712,0.004089899368742458
3001713,0.014774444305128831
3001714,0.004558926332345002
3001715,38.21975506298314
3001716,52.928586215157225
3001717,0.006279723497102477
3001718,49.82897013102831
3001719,0.010657832018956455
3001709,38.948995291027195
3001776,42.398666337270065
3001721,49.86697766902083
3001557,44.99788091303938
3001736,0.03708713437728864
3001725,61.92839397596154
3001726,0.013768485833049368
3001727,0.010085603437516409
3001728,34.60509931045646
3001729,34.65653239685172
3001730,0.002727051891832295
3001731,37.24225114358101
3001732,0.0
3001733,35.95634740494674
3001734,35.947327851216926
3001724,43.08927560327948
3001735,35.251080921399094
3001749,54.001498038785066
3001738,38.778853201836135
3001739,0.017179758838863652
3001740,0.019820373124928754
3001741,0.0202308304420876
3001742,0.0202308304420876
3001743,41.632052546165085
3001744,27.84224334755192
3001745,0.008185723956020883
3001746,0.015320022100523948
3001747,0.00532828280712213
3001737,0.021754766770281597
3001723,43.1284913790428
3001750,0.007051857084304639
3001333,38.69036345945916
3001764,37.76182157271644
3001753,50.78090591693454
3001754,50.781201090569915
3001755,45.08773395037216
3001756,43.695927347894134
3001757,43.654628921355425
3001758,63.46223212756432
3001759,0.014552264156448214
3001760,0.01086180018897201
3001761,34.98612263271529
3001762,35.0402031190129
3001752,0.011437529378828137
3001763,0.0034964683293630255
3001751,50.742345641726345
3001766,36.409726200838655
3001767,36.42273394956677
3001768,35.768379460054916
3001769,0.03957001228255147
3001770,0.020842330196241883
3001771,39.35342832479163
3001772,0.01627428117840975
3001773,0.018910840485984976
3001774,0.0193206194628512
3001775,37.53574547042421
3001765,0.0
3002223,36.07003705145689
3001039,0.0
3002378,47.544911013398234
3001781,38.19921233574196
3001782,53.69727999389326
3001783,0.006325927529613593
3001784,50.48505466226281
3001785,0.0107026701612824
3001786,50.35231742568337
3001787,50.352613069802445
3001788,44.79268799045674
3001789,43.433526613503616
3001790,43.39322870638458
3001791,62.73669675989082
3001793,0.01013155705095628
3001805,0.017224450449916166
3001794,34.81166975107299
3001795,34.86448137369262
3001796,0.0027735681294547712
3001797,37.52095960937454
3001798,0.0
3001799,36.20058486444983
3001800,36.20292110515934
3001801,35.48057479623069
3001802,0.037125103647509344
3001803,0.02179800998738929
3001792,0.013813441050169989
3001888,42.73095668133023
3001806,0.019864181842180532
3001808,37.32700944696526
3001809,40.93225995737003
3001810,28.470035408514008
3001811,0.0
3001812,0.0156583889416471
3001813,0.005234783873987128
3001814,37.93819544343603
3001815,52.0173059077439
3001816,0.006958090487421905
3001817,49.050408863531985
3001818,0.011343072169876546
3001819,49.087417456706234
3001804,39.10789112824321
3001821,43.904735867161705
3001822,42.63772231735702
3001823,42.60024032150093
3001824,60.633688019348604
3001825,0.014457365282565098
3001826,0.010767601032139683
3001827,34.27219264407325
3001828,34.32142369647193
3001829,0.0034030037533455517
3001830,36.794116903786886
3001831,0.0
3001832,35.56328022753055
3001807,0.020274440707541596
3001833,35.53618666825436
3001834,34.88163825129148
3001835,0.03879398892465695
3001860,34.75981723266715
3001837,38.25037966054648
3001838,0.017873049440342494
3001839,0.020517850952703066
3001840,0.020929004899147726
3001841,0.020929004899147726
3001842,40.97469062240536
3001843,27.971784108900216
3001844,8.568443553407315e-05
3001845,0.015115586832887907
3001846,0.004122059210737937
3001861,34.81161891418571
3001847,37.961556324884995
3001849,0.005841488262633302
3001850,49.793022331345696
3001851,0.010215855196043762
3001852,49.830702311238696
3001853,49.83099744441145
3001854,44.427041984816725
3001855,43.10600850703352
3001856,43.066874747261416
3001857,61.868297235238884
3001858,0.01332447593295629
3001859,0.009645212656948286
3001848,52.8864299956748
3001820,49.08771258987899
3001862,0.002923332315384093
3001887,44.007740624506496
3001875,42.00959122719536
3001864,0.0
3001865,36.126079498757775
3001866,36.13417839900745
3001867,35.437107494580246
3001868,0.0331700847607134
3001869,0.02347389138547401
3001870,39.06192853447774
3001871,0.01888392455086259
3001872,0.021533248565645497
3001873,0.021945155020730446
3001863,37.45104955208931
3001874,0.021945155020730446
3001836,0.02245524904468162
3001877,0.001074934537800362
3001878,0.016053154411837075
3001879,0.006395038792166629
3001880,37.99535235271653
3001881,52.183031105846105
3001882,0.0081215163955983
3001883,49.19325173710422
3001884,0.012515052535050393
3001885,49.23038868361169
3001886,49.230683930475735
3001876,27.98279145756016
3001889,42.69317572044949
3001890,60.58443974650022
3001891,0.015634248050473424
3001892,0.011776983803152837
3001893,34.40381354081274
3001894,34.453227221843015
3001895,0.005123974675598489
3001896,37.08280078693858
3001897,0.0005480922130555898
3001898,35.71868156173487
3001899,35.618812760476146
3001900,34.974146630205
3001901,0.032990333638984196
3001902,0.024609803924120915
3001903,38.37297809921363
3001904,0.020009097279131617
3001905,0.022664696545422282
3001906,0.023098435555019444
3001907,0.023098435555019444
3001908,41.13266132333998
3001909,28.045833358570743
3001910,0.002294277583991587
3001911,0.016008256726689117
3001912,0.005001610494753115
3001913,38.23825729839574
3001914,52.99003335871191
3001915,0.006723792536179044
3001916,49.88136499797167
3001944,0.01656276433945827
3001945,0.005862565003948103
3001919,49.919420219680006
3001920,44.48881051661604
3001921,43.161260582228834
3001922,43.1219275045246
3001923,62.015975610483025
3001924,0.014218403112233232
3001925,0.010531858756336885
3001926,34.637398829041665
3001927,34.68837987381095
3001928,0.0038035248149918943
3001929,37.48674939644966
3001930,0.0
3001917,0.011105695731863293
3001932,35.980879067342414
3001933,35.376847675549485
3001934,0.034020438150691806
3001935,0.02368307947424869
3001936,38.8486812352834
3001937,0.019091292835326474
3001938,36.193876051872756
3001939,0.022153761964218567
3001940,0.022153761964218567
3001941,41.209495669028854
3001942,28.061379228022197
3001943,0.0012664559029958748
3001918,49.91912508650725
3002000,0.036177925276005655
3001946,38.21457845120041
3001987,46.25103243848568
3001948,0.0075869407499144035
3001949,50.53005310568889
3001950,0.011974143958001738
3001951,50.396950293746144
3001952,50.39724605259202
3001953,44.82391231235764
3001954,43.46147220310471
3001955,43.42107465334443
3001956,62.51123791799206
3001957,0.015090772383242787
3001958,0.011239533758090827
3001959,34.839879769820705
3001960,34.892882127303615
3001961,0.00463550457444943
3001962,37.6801816968949
3001963,0.0
3001964,36.234006932733934
3001965,36.23789921515465
3001966,35.53068454066608
3001967,0.039924212282651125
3001968,0.024455541844716957
3001969,39.17106768001344
3001970,0.01985903140675024
3001971,0.022512114239444294
3001972,37.90172855466756
3002001,0.01344838161242763
3001947,53.75002594919996
3001975,28.545334079053273
3001976,0.0020822048943104393
3001977,0.03224544948013121
3001978,0.0
3001979,39.61012104542018
3001980,58.664351552477676
3001981,0.0
3001982,54.70937540222916
3001983,0.0035594404399949477
3001984,54.75235190496511
3001985,54.752647009103356
3001986,47.82726820966488
3001973,0.0229454040993958
3001988,46.20010160261255
3001989,70.48484265049008
3001990,0.00667405123430838
3001991,0.002978857246090706
3001992,36.908761077049
3001993,36.97568517220281
3001994,0.0
3001995,40.547040473947405
3001996,0.0
3001997,39.07203739475663
3001998,39.33113878664952
3001999,38.299572437757625
3001974,41.005612243908935
3001931,35.99568360947555
3002002,42.05116120009075
3002154,67.15640591664103
3002004,0.012320588534758262
3002005,0.012729386456886559
3002006,0.012729386456886559
3002007,45.082605886161495
3002008,27.962884595434563
3002009,0.0
3002010,0.015785155609972255
3002011,0.005360732204815142
3002012,37.94843471996556
3002013,52.027545184273436
3002014,0.007084038818249919
3002016,0.01146902050070456
3002028,36.91523717415962
3002017,49.097656733235766
3002018,49.09795186640852
3002019,43.91497514369124
3002020,42.64796159388655
3002021,42.61047959803046
3002022,60.64393390821252
3002023,0.01458339494848306
3002024,0.010893876879605966
3002025,34.28091012436027
3002026,34.33014117675895
3002015,49.06064814006152
3002111,37.93632019512425
3002029,0.0
3002031,35.54474949733509
3002032,34.90771143745134
3002033,0.04108074616007787
3002034,0.024614264213123127
3002035,38.304251456230666
3002036,0.020014369479866307
3002037,0.022669471419902127
3002038,0.02308233899988408
3002039,0.02308233899988408
3002040,41.03975785317192
3002041,27.986539278414348
3002042,0.002179756454469969
3002027,0.003528438203482571
3002044,0.005001610494753115
3002045,37.972144493982896
3002046,52.1062843505332
3002047,0.006723792536179044
3002048,49.12778871928515
3002049,0.011105695731863293
3002050,49.16485834761565
3002051,49.165153480788405
3002052,43.96191880824202
3002053,42.68995282771223
3002054,42.652319197639834
3002055,60.75615276502404
3002030,35.571980415811
3002056,0.014218403112233232
3002057,0.010531858756336885
3002058,34.319004644929116
3002083,49.23038868361169
3002060,0.0038035248149918943
3002061,36.96658872140083
3002062,0.0
3002063,35.61814302109664
3002064,35.585771798055305
3002065,34.94455473731706
3002066,0.034020438150691806
3002067,0.024751017757334515
3002068,38.36123349663594
3002069,0.020149930931182187
3002084,49.230683930475735
3002070,35.81238915917256
3002072,0.023218710701839874
3002073,40.621514444968795
3002074,27.994341407206157
3002075,0.00230107425832968
3002076,0.016053154411837075
3002077,0.006395038792166629
3002078,37.99535235271653
3002079,52.183031105846105
3002080,0.0081215163955983
3002081,49.19325173710422
3001779,0.015287873771918242
3002071,37.17347829166089
3002043,0.016008256726689117
3002085,44.007740624506496
3002110,0.0020257894653582503
3002098,34.974146630205
3002087,42.69317572044949
3002088,60.58443974650022
3002089,0.015634248050473424
3002090,0.011776983803152837
3002091,34.40381354081274
3002092,34.453227221843015
3002093,0.005123974675598489
3002094,37.08280078693858
3002095,0.0005480922130555898
3002096,35.71868156173487
3002086,42.73095668133023
3002097,35.618812760476146
3002059,34.36785088974113
3002100,0.024609803924120915
3002101,38.37297809921363
3002102,0.020009097279131617
3002103,0.022664696545422282
3002104,0.023098435555019444
3002105,0.023098435555019444
3002106,41.13266132333998
3002107,28.045833358570743
3002108,0.002294277583991587
3002109,0.012988058642275114
3002099,0.032990333638984196
3002112,52.79923746027441
3002113,0.003738656418392875
3002114,49.718673881638665
3002115,0.008095061398968014
3002116,49.75628328963225
3002117,49.756578422805006
3002118,44.37505815150374
3002119,43.05950830103987
3002120,43.02054238794745
3002121,61.7439838807467
3002122,0.011193943295717787
3002123,0.007532037078532893
3002124,34.72774087387199
3002125,34.77932750183219
3002126,0.0008255349681513935
3002127,37.61159013283882
3002128,0.0
3002129,36.088105141152795
3002130,36.094367264669074
3002131,35.40135138343523
3002132,0.029992065684127628
3002133,0.021303842731394573
3002134,39.010343337029006
3002135,0.016732766843886655
3002136,0.0193710938017085
3002137,0.019781171139256905
3002138,0.019781171139256905
3002139,41.94511330666313
3002167,40.8974972600614
3002168,0.018183427221969414
3002142,0.01164606542024508
3002143,0.005532757023772388
3002144,39.09677399839033
3002145,56.82336401326935
3002146,0.0072565228954999455
3002147,53.14918273634411
3002148,0.011642116244592021
3002149,52.99430017492537
3002150,52.99459588449149
3002151,46.63517606179862
3002152,45.08057343881278
3002153,45.03429818240766
3002140,27.976145420458415
3002155,0.014757705544079016
3002156,0.011066977527986601
3002157,35.921059241448546
3002158,35.98146497264972
3002159,0.003700892577814691
3002160,39.26361812107036
3002161,37.62054606804172
3002162,37.51752894810368
3002163,37.56971706662441
3002164,36.80703187576419
3002165,0.04008458096635632
3002166,0.021962850816895405
3002141,0.0
3002224,36.13145558478209
3002169,0.020828830368713188
3002210,38.3133953974946
3002171,0.021240044848270613
3002172,42.40326811973945
3002173,28.877973713021408
3002174,0.0019009184737851376
3002175,0.01164606542024508
3002176,0.0027126244906840614
3002177,38.30502642835249
3002178,54.087819808557434
3002179,0.00442756305421877
3002180,50.816571652359734
3002181,0.00878899277345116
3002182,52.876782703611894
3002183,52.87707841317801
3002184,46.553085683991
3002185,45.00714242379813
3002186,44.96113228885297
3002187,66.9601206688383
3002188,0.011891478364313314
3002189,0.008224099536489084
3002190,36.05821000591388
3002191,36.11954747692218
3002192,0.0008822396834667851
3002193,39.4531608914561
3002194,37.78475638756076
3002195,37.68013804844548
3002003,0.009690041845724754
3002170,0.021240044848270613
3002198,0.037080111988905
3002199,0.019679700486709514
3002200,41.13485249230017
3002201,0.015916654199258137
3002202,37.93277462669958
3002203,0.018959751815743643
3002204,0.018959751815743643
3002205,42.89350249473945
3002206,28.8551649228145
3002207,0.0
3002208,0.011641810968331027
3002209,0.0033452150135380495
3002196,37.73982872281338
3002211,54.117020758225664
3002212,0.005062188408024449
3002213,50.841456157659884
3002214,0.00945628394764613
3002215,52.90542532080372
3002216,52.90572175837437
3002217,46.57338056422154
3002218,45.02539644099156
3002219,44.978270158070934
3002220,67.00626284692576
3002221,0.012540067644114873
3002222,0.008867259911814014
3002197,36.961075073396024
3001780,0.0046054194235332835
3002082,0.012515052535050393
3002227,37.79893621338767
3002228,37.69417842082729
3002229,37.754519953040166
3002230,36.974365851188715
3002231,0.03776119260124368
3002232,0.020337698106459533
3002233,41.153904632470834
3002234,0.016569748007861748
3002235,37.947600082299935
3002236,0.019616909471732332
3002237,0.019616909471732332
3002238,42.91509793414381
3002240,0.00031887124353366055
3002252,43.80287228514613
3002241,0.011641810968331027
3002242,0.0033452150135380495
3002243,37.73488082153635
3002244,52.11821094377254
3002245,0.005062188408024449
3002246,49.137062770819064
3002247,0.00945628394764613
3002248,51.01753927344044
3002249,51.01783571101109
3002250,45.254605387219584
3002239,28.85835629222178
3002335,0.020101350125592575
3002253,63.852917738893524
3002255,0.008867259911814014
3002256,35.25738350989195
3002257,35.31328217627379
3002258,0.0015197864653318308
3002259,39.75085936974275
3002260,37.403015459908666
3002261,37.30211909465542
3002262,37.344372286109014
3002263,36.60296024968725
3002264,0.03776119260124368
3002265,0.020337698106459533
3002266,40.62278337850355
3002251,43.845744226941264
3002268,0.01920704306027092
3002269,39.150925608394566
3002270,0.019616909471732332
3002271,41.74766133441236
3002272,28.831176574204203
3002273,0.00031887124353366055
3002274,0.011641810968331027
3002275,0.0033452150135380495
3002276,37.73488082153635
3002277,52.11821094377254
3002278,0.005062188408024449
3002279,49.137062770819064
3002254,0.012540067644114873
3002280,0.00945628394764613
3002281,50.31324697607716
3002282,50.31354341364781
3002307,0.011573734956779895
3002284,43.40566358424107
3002285,43.36437951018275
3002286,62.67654330346872
3002287,0.012540067644114873
3002288,0.008867259911814014
3002289,34.9542161667523
3002290,35.00805537344786
3002291,0.0015197864653318308
3002292,39.28014480065095
3002293,37.01877435578269
3002308,0.01783825796300896
3002294,36.921624023244284
3002296,36.24251045873266
3002297,0.03776119260124368
3002298,0.020337698106459533
3002299,40.107329086206185
3002300,0.016569748007861748
3002301,37.132077888391244
3002302,38.68968960833353
3002303,0.019616909471732332
3002304,41.18494389666822
3002305,28.740751321289775
3002306,0.00031887124353366055
3002295,36.946321977881475
3002267,0.016569748007861748
3002309,37.992971844046274
3002334,0.01969109824845187
3002322,35.07966316914761
3002311,0.019600547873146544
3002312,49.897222499873685
3002313,0.024091716142195425
3002314,51.12314801247318
3002315,51.123443718201855
3002316,45.32808982873652
3002317,43.9113751604626
3002318,43.86931703538906
3002319,64.03099272729061
3002320,0.013018626468966935
3002310,53.00966099929426
3002321,0.009342057273916413
3002283,44.762624834546244
3002324,0.001990665625949521
3002325,39.47487154321366
3002326,37.17774390151859
3002327,37.07904500835679
3002328,37.11100280926084
3002329,36.39164760363218
3002330,0.03826168643769398
3002331,0.020822735850543377
3002332,40.32055693959138
3002333,0.01705147488960616
3002323,35.13435353017056
3002336,0.020101350125592575
3002337,41.41770097598667
3002338,28.778218371935107
3002339,0.0007913151763967907
3002340,0.04055005138926215
3002341,0.002342488073221961
3002342,39.959339389864375
3002343,58.50614077399707
3002344,0.004103451886485296
3002345,54.591333385955586
3002346,0.008464129261894566
3002347,54.63409054359876
3002348,54.634385647737005
3002349,47.77933842178486
3002350,46.21911007400654
3002351,46.16871043472764
3002352,70.20709824331755
3002353,0.011580212127232713
3002354,0.007898938881148702
3002355,38.800520326724275
3002356,38.879470255007966
3002357,0.0011896536156800008
3002358,40.22606575638862
3002359,0.0
3002360,38.81532315998593
3002361,39.030806015650995
3002362,37.746024703739074
3002363,0.04098446544248099
3002391,37.84444510291698
3002392,35.84840980088212
3002366,0.014522581744515628
3002225,0.0015197864653318308
3002368,0.017558917252438848
3002369,0.017558917252438848
3002370,42.83446161821367
3002371,27.945092281365255
3002372,0.0
3002373,0.009006685712081325
3002374,0.01539239914386405
3002375,37.20126263848461
3002376,50.24925229993647
3002377,0.01714666598523585
3002364,0.01827727724598403
3002379,0.021615914781477168
3002380,48.613872822586146
3002381,48.614169225958804
3002382,43.57860480335138
3002383,42.347625837592105
3002384,42.31019362906728
3002385,59.83124836597365
3002386,0.010579429334798145
3002387,0.006923805144773299
3002388,34.43777569960243
3002389,34.48804816435463
3002390,0.0
3002365,40.95163495360105
3002447,47.05599940184638
3002393,35.76275687233202
3002434,0.012690548096911109
3002395,35.14509306765096
3002396,0.027643110679063172
3002397,0.018347870736951762
3002398,38.5342349401498
3002399,0.014595020162255319
3002400,0.017221634807378802
3002401,36.865650382992285
3002402,0.01762972581548057
3002403,38.95170843609246
3002404,28.771034621476325
3002405,0.0004998112976612448
3002406,0.011446636175732813
3002407,0.016229333104760022
3002408,36.664580569891555
3002409,48.39516590517313
3002410,0.01798625328998434
3002411,45.96391204129878
3002412,0.02246285821737732
3002413,46.9271865488281
3002414,46.92748288660016
3002415,42.40034894494977
3002416,41.29365853815045
3002417,41.26002858111018
3002418,57.014100461055016
3002419,0.01140665957762321
3002448,42.48679888609931
3002394,35.73345180367709
3002422,33.368900765541305
3002423,0.000406337831920895
3002424,36.74759311873143
3002425,0.0
3002426,34.87611848460923
3002427,34.70847395828768
3002428,34.15701028803799
3002429,0.029805288991209877
3002430,0.014192974707207814
3002431,37.21015282170867
3002432,0.009685285349912944
3002433,0.012286669535167518
3002420,0.0077441774084168104
3002435,0.012690548096911109
3002436,38.61663610717516
3002437,28.579770001933397
3002438,0.0
3002439,0.012451417800299389
3002440,0.0025022002643635883
3002441,36.69890765704999
3002442,48.53849379314015
3002443,0.004216466585037472
3002444,46.08464373616047
3002445,0.008576158908917494
3002446,47.055703668721584
3002421,33.32617806351494
3002449,41.36982500914618
3002367,0.017150551463985173
3002601,45.17987291887285
3002451,57.23720148570097
3002452,0.011677671474036477
3002453,0.008012076077501661
3002454,33.55249799777741
3002455,33.59681524326081
3002456,0.0006720634577121289
3002457,37.103694613527644
3002458,0.0
3002459,35.16234541595824
3002460,35.105871078637314
3002461,34.582915611409476
3002463,0.019617856414687333
3002475,49.21276407588959
3002464,37.727321044990774
3002465,0.01585530889966535
3002466,0.018488770628357406
3002467,0.01889798971326125
3002468,0.01889798971326125
3002469,39.0805827674126
3002470,28.656742399018345
3002471,0.0
3002472,0.006619632457353761
3002473,0.0
3002462,0.03733877298159733
3002558,38.88066312108963
3002476,0.0
3002478,0.0
3002479,46.69477338387683
3002480,46.695069388239595
3002481,42.233707503168795
3002482,41.143096999018404
3002483,41.10995794021923
3002484,56.63543274591373
3002485,0.001983774805857622
3002486,0.0
3002487,33.40340623305276
3002488,33.44617232726053
3002489,0.0
3002503,27.992159749591462
3002491,0.0
3002492,34.9641835012726
3002493,34.916635949321126
3002494,34.4110059272732
3002495,0.02135948836993362
3002496,0.010355335267798003
3002497,37.47390068540075
3002498,0.006657692773982348
3002499,0.009245283140584292
3002500,0.009646912521318558
3002501,0.009646912521318558
3002502,39.291667022250785
3002477,46.65898745708003
3002504,0.0
3002505,0.01752735691549792
3002545,54.324022285044116
3002507,36.13630632531712
3002508,46.00930161951408
3002509,0.004633485116822869
3002510,43.92888310599395
3002511,0.008997420869174148
3002512,43.96118837575627
3002513,43.961483597780926
3002514,40.326946854616864
3002515,39.43845903875993
3002516,39.412554077367396
3002517,52.06443924082448
3002530,35.70249642027972
3002518,0.012100462993894797
3002520,32.11564548885694
3002521,32.11362369930616
3002522,0.0010870267820686143
3002523,35.2898714930337
3002524,0.0
3002525,33.69714172765845
3002526,33.5727400662026
3002527,33.17523456347658
3002528,0.02969494935966229
3002529,0.01942693905716846
3002226,39.469541658866284
3002519,0.008431331832593704
3002490,36.873361978484034
3002531,0.01566517458497326
3002533,0.018707319959254384
3002534,0.018707319959254384
3002535,36.96961582241507
3002536,27.842503898081294
3002537,0.0
3002538,0.03015927688309863
3002539,0.0
3002540,39.53912850472926
3002541,58.141843371980954
3002542,0.0
3002543,54.280588660490906
3002544,0.0
3002532,0.018298133399475024
3002546,54.32431817120808
3002547,47.56304955548542
3002548,46.02416539258259
3002549,45.97342046571514
3002550,69.6832255737735
3002551,0.0
3002552,0.0
3002553,36.770127643995615
3002554,36.83546577876124
3002555,0.0
3002556,40.32070643050936
3002557,0.0
3002506,0.002917876483561265
3002559,39.12182732291375
3002474,36.89112601618062
3002561,0.02859740323208255
3002563,41.79800153308264
3002564,0.003343137007677482
3002565,0.005913985686847494
3002566,0.006312835723936764
3002567,0.006312835723936764
3002568,44.35792687531658
3002569,28.02070586181548
3002570,0.0
3002571,0.042839529125019975
3002572,0.0026266620647530945
3002574,58.77661043952441
3002573,39.724354038301875
3002586,37.00567379199527
3002576,54.822038647186055
3002577,0.008751655549033028
3002578,54.86501324257337
3002579,54.865308346711615
3002580,47.94064861770771
3002581,46.36457687851093
3002582,46.3136517646837
3002583,70.59594559439176
3002584,0.011869066480362577
3002585,0.008185431400229341
3002614,46.36457687851093
3002575,0.004388541368107277
3002616,70.59594559439176
3002615,46.3136517646837
3002589,40.64337456376167
3002560,38.12223055150774
3002591,39.18821363239804
3002592,39.42414898745275
3002593,38.39383945441046
3002594,0.0412896151466989
3002595,0.018569582149252844
3002596,42.14383847532957
3002597,0.01481279396595928
3002598,0.01744224355699989
3002599,0.017850857077258413
3002600,0.017850857077258413
3002587,37.07259025775455
3002602,28.058249076866964
3002603,0.0
3002604,0.042839529125019975
3002605,0.0026266620647530945
3002606,39.724354038301875
3002607,58.77661043952441
3002608,0.004388541368107277
3002609,54.822038647186055
3002610,0.008751655549033028
3002611,54.86501324257337
3002612,54.865308346711615
3002613,47.94064861770771
3002588,0.0014740609035160757
3002450,41.336934673040595
3002562,0.007017097367132736
3002590,0.0
3002618,0.008185431400229341
3002619,37.00567379199527
3002620,37.07259025775455
3002621,0.0014740609035160757
3002622,40.64337456376167
3002623,0.0
3002624,39.18821363239804
3002625,39.42414898745275
3002626,38.39383945441046
3002627,0.0412896151466989
3002628,0.018569582149252844
3002629,42.14383847532957
3002630,0.01481279396595928
3002631,0.01744224355699989
3002632,0.017850857077258413
3002633,0.017850857077258413
3002634,45.17987291887285
3002635,28.058249076866964
3002636,0.0
3002637,0.04427339924907504
3002638,0.003103163902366141
3002639,40.03645267692112
3002640,59.83558057888658
3002657,39.27938197086306
3002642,55.72597066577435
3002617,0.011869066480362577
3002641,0.004866076959628126
3002645,55.55073956135833
3002643,0.009231290246325685
3002647,46.797953878680104
3002648,46.7454844476603
3002649,71.74716604126498
3002650,0.012585325526294175
3002651,0.008897352581790747
3002652,37.08399146872578
3002653,37.15028804617939
3002654,0.0014498490711668504
3002655,40.74775738198947
3002656,0.0
3002658,39.51519331484849
3002646,48.42075756672942
3002659,38.47606770397888
3002660,0.048051602851728464
3002661,0.01868651097164451
3002662,42.26617884117421
3002663,0.014930557674174358
3002664,0.017559356270735314
3002665,0.01796780425879076
3002666,39.65218065972449
3002667,43.94953589046307
3002668,28.5803164733958
3002669,0.0027132471315047995
3002644,55.550443865733946
3002678,54.02483106109119
3002677,54.024560597873254
3002676,0.0
3002675,53.98318002482365
3002682,69.28027605789552
3002673,57.79410557268978
3002672,39.332542219690666
3002671,0.0
3002692,37.87192279392183
3002674,0.0
3002679,47.30915475341297
3002685,0.0
3002681,0.0
3002683,0.0
3002695,41.45737748307556
3002684,0.0
3002686,36.63836206651339
3002687,0.0
3002688,40.09856934610737
3002689,0.0
3002690,0.0
3002691,0.0030464217247872585
3002778,45.114955913671814
3002680,0.0
3002696,0.0
3002697,0.0
3002722,0.0
3002693,0.019812085622669957
3002710,55.048693000180535
3002699,0.0
3002700,43.80225639457843
3002701,0.0
3002702,0.0
3002703,0.04441065454581697
3002704,0.0003856826580733879
3002705,39.7509695082007
3002706,58.999214222632595
3002707,0.002817670549530852
3002698,40.037631592040725
3002708,55.00669750011456
3002711,55.04896017312993
3002712,48.057943785190474
3002713,46.46676965951909
3002714,0.010139542317954367
3002715,70.9291425262677
3002716,0.010275856088207466
3002717,0.006300174088393979
3002718,0.0
3002719,0.0
3002720,0.0
3002721,40.7106760125854
3002709,0.007167755787856127
3002694,0.00315782685411135
3002748,67.93010133946294
3002724,0.01896201836213219
3002751,36.09049126406055
3002750,0.010371222960815482
3002727,42.92212337481742
3002728,42.137353868324006
3002729,0.01300880060607135
3002730,0.015627843598663208
3002731,0.016034654510645733
3002732,0.016034654510645733
3002733,44.578280528488534
3002734,0.0
3002735,0.0
3002752,36.15141102571827
3002736,0.021479947970244846
3002738,39.222392102483546
3002739,57.14998917344721
3002740,0.006850922860353179
3002741,53.431469403513354
3002742,0.01123251941340019
3002743,53.272603679205666
3002744,53.27287068010571
3002745,46.82135166765454
3002746,45.352968832266356
3002747,0.014244392779123101
3002779,43.81384373868402
3002737,0.004402037749258261
3002723,0.0
3002753,0.002967398592928868
3002776,50.83128251823243
3002725,38.40347916591275
3002765,0.01955671251273926
3002754,39.39728973101622
3002755,0.0
3002756,0.0
3002757,0.023134984110025566
3002758,37.29710308534795
3002759,0.03955327280755275
3002760,41.34517736852675
3002761,40.636774974956076
3002762,0.016512285649226265
3002777,50.83154965604242
3002763,0.019147298030005054
3002766,41.981103128957656
3002726,0.04344616245053571
3002767,28.390642021461417
3002768,0.005363979029450433
3002769,0.021008566498141198
3002770,0.000583813618485102
3002771,0.0012382255623453419
3002772,54.05788750812008
3002773,0.003016166214746248
3002774,50.793285553539704
3002775,0.007366977187302558
3002764,38.85727353721237
3002780,0.01033908119352713
3002821,0.0
3002861,0.014866224595453753
3002793,39.9815321716362
3002782,0.01047549233413376
3002783,0.006499290335296349
3002784,0.0
3002785,35.276709663723096
3002786,0.0
3002787,38.20834860033647
3002788,0.0
3002789,0.0
3002790,37.12472286062973
3002791,36.20749685598596
3002835,0.01603696232961311
3002792,0.043681680796326755
3002806,0.003016166214746248
3002795,0.013494763839840001
3002796,0.01611555865019471
3002797,0.016543464870883567
3002798,0.016543464870883567
3002799,41.90143611470804
3002800,27.710552790570613
3002801,0.0
3002802,0.021008566498141198
3002803,0.000583813618485102
3002804,0.0012382255623453419
3002794,39.315480790617464
3002805,54.05788750812008
3002807,50.793285553539704
3002833,27.710552790570613
3002971,0.0035001208148563653
3002810,50.83154965604242
3002811,45.114955913671814
3002812,43.81384373868402
3002813,0.01033908119352713
3002814,63.51045046641031
3002815,0.01047549233413376
3002816,0.006499290335296349
3002817,35.22158919558345
3002818,0.0
3002819,0.0
3002809,50.83128251823243
3002820,38.08871206469194
3002808,0.007366977187302558
3002823,0.019156885913916597
3002824,36.20749685598596
3002825,0.043681680796326755
3002826,39.9815321716362
3002827,39.315480790617464
3002828,0.013494763839840001
3002829,0.01611555865019471
3002830,0.016543464870883567
3002831,0.016543464870883567
3002832,41.90143611470804
3002822,0.0
3002781,63.51045046641031
3002834,0.0
3002891,0.03365205698905548
3002849,0.006887434815585568
3002838,55.30593433798652
3002839,0.004944880101842793
3002840,51.856357668767714
3002841,0.009313349587465406
3002842,51.894493409007495
3002843,51.89475984077354
3002844,45.854294485854105
3002845,44.47946805457969
3002846,44.43508492015263
3002847,65.29179542957391
3002837,38.674828565488866
3002848,0.012453065609706429
3002862,0.01749463296785594
3002851,37.051848820974996
3002852,0.001068884009917137
3002853,38.71138268614639
3002854,0.0
3002855,0.0
3002856,0.021173039388828765
3002857,0.01717114558036301
3002858,0.03448173917674364
3002859,40.71404263880345
3002860,40.011104078732025
3002850,0.0015516088116502682
3002836,0.0025032136548899884
3002863,0.017923813459933
3002889,0.01624501784351973
3002877,46.00441801321005
3002866,27.748201209548167
3002867,0.0
3002868,0.020093322529764875
3002869,0.0017329149323141151
3002870,38.75322823798529
3002871,55.54987526465449
3002872,0.004170437445580421
3002873,52.06595687284678
3002874,0.00853099516508605
3002875,52.104563206478325
3002865,43.108386608671225
3002876,52.10483038198446
3002864,0.017923813459933
3002879,44.57016246342321
3002880,65.96459545333695
3002881,0.011629879554718024
3002882,37.164417315078474
3002883,35.77392339899586
3002884,0.0005161985193687012
3002885,0.00027660971399501993
3002886,38.83731152349622
3002887,0.0
3002888,0.0
3002878,44.61594736349081
3002749,0.014380561986157562
3003082,36.638993290175776
3002892,40.40497426465025
3002905,0.005048900416901329
3002894,0.013639398879823206
3002895,0.016260772972819325
3002896,0.016667955996601827
3002897,38.94046441789721
3002898,0.009500982245873266
3002899,27.83771152227117
3002900,0.0
3002901,0.01659787969559604
3002902,0.0026068014655015997
3002903,0.003263993252649209
3002904,57.70579591634566
3002906,53.90344753033084
3002918,0.0011724960802438887
3002907,0.009418151047353008
3002908,53.942871348316004
3002909,53.94313781512857
3002910,47.285196950565584
3002911,45.657617261539706
3002912,0.012407012008104028
3002913,68.76872036620732
3002914,0.012543316040375105
3002915,0.008562104461819948
3003001,0.002917813113507101
3002919,39.54464539739416
3002921,0.0
3002945,0.009451865836051768
3002933,0.0029502507060328955
3002922,0.017169353518170255
3002923,0.021820547733558928
3002924,0.03456053606307244
3002925,40.765446665739276
3002926,40.27097370364462
3002927,0.01468507244647345
3002928,0.017312646353848785
3002929,0.017720876093072997
3002930,0.017720876093072997
3002931,0.010549474016191107
3002916,0.0016551652774498193
3002932,0.001128003536121034
3002920,0.0
3002935,0.0
3002936,39.36163292220216
3002937,57.87288861533279
3002938,0.0021537171819101452
3002939,54.045985067253234
3002940,0.006498132062739874
3002941,54.08641463409167
3002942,54.08668180704106
3002943,47.385747396945845
3002944,45.74765821695317
3002934,0.016063868270310953
3002917,0.0014107205756292074
3002946,69.00691657411926
3002947,0.009588179606304866
3002974,55.014014310610165
3002973,0.007859007692388502
3002950,36.61529199125765
3002951,0.0
3002952,39.893921671459914
3002953,0.0
3002954,0.0
3002955,0.014183945192841168
3002956,37.48554379451382
3002957,0.03148331466637414
3002958,41.63262695300345
3002975,55.014281941432316
3002959,41.37268349631473
3002961,0.014949157173573372
3002962,40.15706794274325
3002963,0.015355391596882212
3002964,0.008195637537542587
3002965,27.901886760423263
3002966,0.0
3002967,0.01822870022362657
3002968,0.0014028756196907313
3002969,38.89674204281339
3002970,56.34811416953437
3002670,0.023668296205536548
3002960,0.012333566593765614
3003002,38.35982469813192
3002976,48.02143259145673
3002999,0.0029346157564882633
3002948,0.005633535717790656
3002988,38.845674623885465
3002977,46.31198377706464
3002978,0.010821617084703531
3002979,70.5835217069598
3002980,0.010957393413180874
3002981,0.006986125528470807
3002982,9.233846193412558e-05
3002983,36.99988564705942
3002984,0.0
3002985,40.42379394774797
3003000,0.020254999875407128
3002986,0.0
3002989,37.91754416370568
3002949,0.0
3002990,0.03292394975046611
3002991,42.253596124914715
3002992,41.98233424329843
3002993,0.013709995870231716
3002994,0.016334343676208583
3002995,0.016741992196557365
3002996,0.016741992196557365
3002997,43.797517057225264
3002998,28.383903122176754
3002987,0.0
3003003,54.38298173114254
3003004,0.005393475352701556
3003084,39.92455260418918
3003058,41.45071010901537
3003016,0.0017321832648216299
3003005,51.07059115656705
3003006,0.009764591718521563
3003007,51.10828103812989
3003008,51.10854817593988
3003009,45.30845357144769
3003010,43.89058018887933
3003011,0.012732722702642826
3003012,63.71357355906168
3003013,0.012869133843249456
3003030,42.06174209157572
3003014,0.008727776686965184
3003017,0.0014939493460120888
3003029,0.0189767984168068
3003018,38.160628644892135
3003019,0.0
3003020,0.0
3003021,0.017491062752314577
3003022,35.971400473844845
3003023,0.033951535461129306
3003024,39.64615352478562
3003025,39.397522531034944
3003026,0.015913670267759864
3003015,0.0019767336717544607
3003027,0.01854682931661517
3003032,0.0
3003055,37.86569351064907
3003113,0.010377489085064424
3003044,0.0
3003033,0.02243755088705129
3003034,0.0
3003035,39.32850420788492
3003036,57.785036161391524
3003037,0.0
3003038,53.97484289468404
3003039,0.0
3003040,54.01597055112208
3003041,54.01623772407147
3003056,0.018513767523651973
3003042,47.30185745978925
3003045,69.26874224960234
3003031,27.724859097409603
3003046,0.0
3003047,0.0
3003048,0.0
3003049,36.632621830022316
3003050,0.0
3003051,40.09214801407973
3003052,0.0
3003053,0.0
3003054,0.0017163101547120572
3003043,0.0
3002890,36.614406524172246
3003028,0.0189767984168068
3003059,0.0
3003060,0.0
3003072,0.011155644538805118
3003061,0.0
3003062,0.0
3003063,43.795655448291825
3003064,0.0
3003065,0.0
3003066,0.017737495681005945
3003067,0.004291871817910983
3003068,39.611549557117804
3003069,58.72915193051067
3003086,0.0
3003070,0.0067736368068414135
3003073,54.60622009532674
3003085,0.0
3003074,54.606487096226786
3003075,47.749858678258036
3003076,46.0737093099719
3003077,0.014152660515495187
3003078,69.87382619379662
3003079,0.014288748378552
3003080,0.010293805398278795
3003081,0.0033722526462943597
3003083,0.002890402027520717
3003071,54.77694571343326
3003057,0.001861855418234594
3003088,37.51150365537274
3003111,70.26441321186378
3002893,40.1418883893985
3003100,0.004374845395552951
3003089,0.036369328954804644
3003090,41.649547622630635
3003091,41.38937501879385
3003092,0.01643561574765099
3003093,0.019070881448170075
3003094,0.019480338771742715
3003095,0.019480338771742715
3003096,42.87609222161849
3003097,28.383860544713272
3003112,0.014373168880351546
3003098,0.0045999077212599375
3003101,0.0050340159862357825
3003087,38.39133526743299
3003102,59.005566293071986
3003103,0.006856981679765621
3003104,55.01274691225824
3003105,0.011239673197879503
3003106,54.84006690153297
3003107,54.84033391131317
3003108,47.913215609921565
3003109,46.219835254086604
3003110,0.01423708508066265
3003099,0.017822071487264585
3003560,0.001350082926872077
3003447,37.36700370548816
3003417,39.21177422978107
3003169,0.0
3003127,0.019565468834697765
3003337,50.60859755820377
3003117,40.05805171778946
3003118,0.0
3003119,0.0
3003120,0.019015901685171182
3003121,37.33753873102748
3003122,0.036457129925676665
3003123,41.34201539223996
3003124,40.82755601810869
3003125,0.016520262512217446
3003126,37.108286265606246
3003128,0.019565468834697765
3003140,51.693686564035346
3003129,0.01168753444893095
3003130,0.002252003686907025
3003131,0.004253797276349993
3003132,0.017841287189996086
3003133,0.003922221557590827
3003134,0.004581064007374115
3003135,55.07107715182479
3003136,0.006402963060917939
3003141,45.71389110810273
3003143,0.01377866754705322
3003167,38.874748755367186
3003166,0.0
3003225,0.020265315901817793
3003155,0.035987517745958375
3003144,65.01136332703634
3003145,0.013914922982934449
3003146,0.00992165396093992
3003147,35.52250264065818
3003148,0.00275733188649327
3003149,0.002520545691559825
3003150,38.49960636906069
3003151,0.0
3003152,0.0
3003137,51.65605036597154
3003153,0.018554740082223697
3003156,40.39608818376508
3003142,44.252089579172065
3003157,40.15751078555876
3003158,0.016060344597467763
3003159,0.018694742305347307
3003160,0.019104098288492157
3003161,0.019104098288492157
3003162,43.351019149267486
3003163,27.86216236833964
3003164,0.0
3003165,0.011158577892471665
3003154,36.333631002778596
3003138,0.010783462157405652
3003139,51.69341999101944
3003168,56.1231829453609
3003197,0.0
3003171,0.004308576997893411
3003183,39.06034038006392
3003172,52.61254024616895
3003173,52.61280690454675
3003174,46.35905991815759
3003175,0.006945443500624794
3003176,0.007273531224946183
3003177,66.53963462894835
3003178,0.007409828936124372
3003179,0.0039155565787901405
3003199,0.0055615242167246694
3003180,0.0
3003182,0.0
3003184,0.0
3003196,0.0
3003185,0.0
3003186,37.60407029250936
3003187,36.797301539104105
3003188,0.015341344692726393
3003189,0.016681316043262617
3003190,40.81127567805099
3003191,0.010388091852411428
3003192,0.012992683512612978
3003181,36.51955223512455
3003116,0.002973381777328246
3003223,0.017912338730277533
3003221,0.03047751303885187
3003170,52.57433096025966
3003224,0.0176234685446639
3003211,0.015307386062617776
3003200,0.00641599401307047
3003201,53.002573307124294
3003202,0.007305611389107887
3003203,0.01180517610206876
3003204,0.012170013777781508
3003205,0.014766605669958245
3003206,0.014842949381051147
3003207,0.014842949381051147
3003222,0.024812929382969428
3003208,0.014842949381051147
3003210,0.015224909370788879
3003212,0.0117489491177358
3003198,0.017441942073509138
3003213,0.0054931434465673515
3003214,0.005054616242471034
3003215,0.004819908400076547
3003216,0.0048347278414421465
3003217,0.0003088404689530449
3003218,0.0
3003219,0.02120693691631795
3003220,0.021379936058674432
3003209,0.015171118694945631
3003227,0.020675916278983204
3003307,0.0149419487464946
3003306,44.49435405868637
3003253,36.20868962011646
3003238,52.31250648288039
3003281,0.005488536760691089
3003228,0.015511180893366143
3003229,0.003839013758518405
3003230,0.014278630386509604
3003231,0.012131922204175822
3003232,0.0017135709239902296
3003233,0.0025611040737304218
3003234,55.76991098303961
3003235,0.00398556121728559
3003241,0.011472358111777835
3003236,52.2745492525691
3003239,52.312773613863556
3003252,0.017790273961351098
3003240,46.153278260164825
3003242,0.011801027314238407
3003243,66.03002657695586
3003244,0.011937204170775206
3003245,0.00840873807888801
3003246,0.0021804240674889574
3003247,37.657495288611834
3003248,0.001506049778260961
3003249,38.734733047805236
3003237,0.008815717689950115
3003250,0.0
3003255,0.021528912627170323
3003278,0.012423110243784995
3002972,52.739354635023716
3003261,41.887338460283885
3003265,0.006229398356547116
3003264,0.01983934188364713
3003263,0.011816421138318592
3003262,0.0014351984357557827
3003256,39.963808082104144
3003260,0.018216739576040124
3003259,0.018216739576040124
3003258,36.25633528089565
3003257,0.015181623116129124
3003254,0.02811342989873884
3003267,53.86510314173509
3003279,35.10722103155897
3003268,0.007975712396060484
3003269,50.63982120436421
3003270,0.012847255871119356
3003271,50.67624447763007
3003272,50.67651096695817
3003273,45.00640026444352
3003274,0.01552342284822838
3003275,0.015851302579332108
3003276,63.305580315152525
3003277,0.015987677644064405
3003266,0.007085128380702512
3003193,0.013397061379530562
3003251,0.0
3003308,0.015270100445009895
3003283,0.0009707636072046091
3003295,0.00546688815250188
3003284,0.0
3003285,0.02176573138368504
3003286,35.781286874751615
3003287,0.031120804542267705
3003288,0.026077055466008393
3003289,39.47732662910643
3003290,0.018870812816321334
3003291,0.02151885533124157
3003292,0.021930478960070436
3003309,62.080817411123135
3003293,0.021930478960070436
3003296,0.007034246303580104
3003226,0.020675916278983204
3003297,0.017540856176913554
3003298,0.005658779901545667
3003299,38.218815451933835
3003300,53.00684339600685
3003301,0.007403181255547292
3003302,49.907338015928296
3003303,0.012268553377672544
3003304,49.9431058267061
3003305,49.943372537079924
3003294,42.51311409221229
3003280,0.005722413115649796
3003311,0.011847097647069081
3003334,0.00614716191425706
3003282,37.92949553146676
3003323,0.017722749305611955
3003312,0.005590494193390916
3003313,34.73955837878139
3003314,0.004917282912782188
3003315,37.36540192304089
3003316,0.0004053039353318867
3003317,0.0
3003318,0.021307232231110255
3003319,35.26020842704765
3003320,0.030579407023926475
3003335,50.57223505344146
3003321,0.02491365339229159
3003324,0.020365129379278528
3003310,0.01540637436391579
3003325,0.02077582261993797
3003326,0.02077582261993797
3003327,41.60869597949028
3003328,0.003936789392063759
3003329,0.014378519190976762
3003330,0.01798000979917256
3003331,0.0044065579386445945
3003332,38.196791395146384
3003333,53.785916491966695
3003322,38.70907652554657
3003418,38.14537251634319
3003194,0.013397061379530562
3003336,0.01100135551348134
3003115,38.852071748900165
3003351,0.019888278603921703
3003340,43.57803462160683
3003341,0.013996925909372997
3003342,63.192593821071846
3003343,0.014133299280409168
3003344,0.010583846177986751
3003345,35.078064887888914
3003346,35.12913414753247
3003347,0.003663362072202238
3003348,37.88999202488513
3003349,0.0
3003350,0.0
3003352,35.7489504696109
3003364,0.0030689985105785793
3003353,0.02921502402765933
3003354,39.68030302531433
3003355,39.43102537900663
3003356,0.017009218434742665
3003357,0.019647731657079434
3003358,38.55279971016536
3003359,0.02005776789966353
3003360,42.455544340312485
3003365,38.179985269505515
3003367,0.004805415725556861
3003391,0.01868362751785048
3003390,0.018274759153774953
3003448,0.0
3003379,35.10761830128003
3003368,50.52267641391509
3003369,0.009646885595766744
3003370,50.558993142310214
3003371,50.55925963533974
3003372,44.924495917688375
3003373,43.54703925264931
3003374,0.012636237550827694
3003375,63.10972524502204
3003376,0.012772610921863865
3003361,0.003631645285199483
3003377,0.009234242420724521
3003380,0.0023240890105989303
3003366,53.727851077537984
3003381,37.86102416752429
3003382,0.0
3003383,0.0
3003384,0.018510671839485935
3003385,35.72523640405914
3003386,0.02781663759393874
3003387,39.64569036967468
3003388,39.397071712319615
3003389,0.015643227125457505
3003378,35.056683509715086
3003362,0.005081240490685304
3003363,0.01661568835126368
3003392,0.01868362751785048
3003421,41.8063710744019
3003420,0.013914008786091158
3003419,0.03160438856603642
3003396,0.034199521147997784
3003397,0.0
3003398,39.51868512811969
3003399,58.43677204516806
3003400,0.0
3003401,54.531283781833906
3003402,0.0014909530640704765
3003403,54.57206181734837
3003422,0.007587251503735836
3003404,54.57232828416094
3003406,0.004155007886569632
3003407,0.004482859915301775
3003408,70.2067163908115
3003409,0.00461572119798025
3003410,0.0010737378458092113
3003411,0.0
3003412,36.876214341216496
3003413,0.0
3003414,40.42361877217951
3003415,0.0
3003416,0.0
3003405,47.69003553666338
3003449,0.0
3003446,0.0022839029071655597
3003444,34.689132659800535
3003393,42.413328993022446
3003394,0.002284989163885911
3003434,50.08731645908111
3003423,0.010205820453137213
3003424,0.01061254983169372
3003425,0.01061254983169372
3003426,44.69685597065347
3003427,0.0
3003428,0.0
3003429,0.017209972736706415
3003430,0.0037654559673759407
3003445,34.74068257129956
3003431,0.004423969674337351
3003433,0.0061653241014459235
3003435,0.010542954816965303
3003395,0.003730748251686891
3003436,50.12323264426334
3003437,50.12349913729287
3003438,44.62009642733193
3003439,43.2747518838749
3003440,0.01353642042383833
3003441,62.38186574795173
3003442,0.0136727937948745
3003443,0.009682862367561947
3003432,53.237691089134664
3003450,0.018308777869115642
3003530,38.60670300460249
3003529,0.005184215692117231
3003504,44.643259269128805
3003462,0.01566316292845932
3003451,35.32174347650787
3003452,0.0348032053445119
3003453,39.042580056259155
3003454,38.80545126706815
3003455,0.015071898910156466
3003456,0.017700511242202496
3003457,0.018108895318539223
3003458,0.018108895318539223
3003459,0.01040600389886748
3003476,0.009742834168373937
3003460,0.0012751570275529225
3003463,0.0038256501920637593
3003475,0.013731401212499645
3003464,0.0044839570125027916
3003465,53.5268118418421
3003466,0.006225066398359723
3003467,50.33446279055838
3003468,0.010601341460212757
3003469,52.34341251459457
3003470,52.34367950558676
3003471,46.17226417660727
3003472,44.663620072603365
3003461,0.011547890894721349
3003473,0.013595227471845774
3003478,35.86714815293494
3003501,0.011471576556114397
3003338,50.6088640512333
3003490,0.01878599097882757
3003479,0.0023444000864092165
3003480,38.88235305909649
3003481,0.0
3003482,0.0
3003483,0.018366026845123146
3003484,36.65227064782001
3003485,0.027777097721889507
3003486,40.86762395823574
3003487,40.5957926300185
3003502,50.156391900244785
3003488,0.015746412570003702
3003491,0.01878599097882757
3003477,0.0028269098089677602
3003492,43.22677217796403
3003493,0.0019404298574461141
3003494,0.003384553542806069
3003495,0.015135893148650806
3003496,0.004682141410747475
3003497,0.005341839760023797
3003498,53.27654187343642
3003499,0.007086080355791101
3003500,50.120443290135796
3003489,0.01837728429061575
3003195,42.80452294301245
3003474,66.08738742856049
3003505,43.29547141207314
3003506,0.014469305757734013
3003518,0.03577294311268512
3003507,62.437257059597236
3003508,0.014605679128770184
3003509,0.010607342515221725
3003510,0.003682180216633928
3003511,0.003436817230754745
3003512,0.003200423506441387
3003513,37.38593318699451
3003514,0.0
3003515,0.0
3003532,0.007590904227430956
3003516,0.019251239061723522
3003519,39.065173554489135
3003531,54.357263269074146
3003520,38.82761465818143
3003521,0.01600574071233628
3003522,0.018639126072577214
3003523,0.01904830736103781
3003524,0.01904830736103781
3003525,0.011339847563692442
3003526,0.0021949684551461537
3003527,0.009643396765600045
3003528,0.01584405641950992
3003517,35.33724068414947
3003503,50.15665839327431
3003534,0.01198167919639588
3003557,0.01956565117466565
3003339,44.95914672030068
3003546,37.90879973323163
3003535,51.07728206390758
3003536,51.077548593473175
3003537,45.28347167391751
3003538,43.86707076449368
3003539,0.01498235514488076
3003540,63.98223853073162
3003541,0.01511863046270207
3003542,0.011114394367099933
3003543,0.004184065557986168
3003558,42.44561263229538
3003544,0.003938404083221821
3003547,0.0
3003533,51.040478236885946
3003548,0.0
3003549,0.019770926950610505
3003550,35.845858920876005
3003551,0.03728934593895257
3003552,39.69105375110887
3003553,39.441407969052655
3003554,0.016519357720198788
3003555,0.019155941242160954
3003556,0.01956565117466565
3003545,0.003702935761798444
3003559,0.002700600777241292
3003114,0.0034551839779691893
3003561,0.01564961156620869
3003574,0.014650439587402456
3004006,36.245811878740916
3003564,54.059105867783465
3003565,0.007132056508968958
3003566,50.78834757744489
3003567,0.01151618816443044
3003568,50.650737810602486
3003569,50.65100476499538
3003570,44.989835712871354
3003571,43.605924580058854
3003572,0.014514249099680588
3003573,63.260151089997144
3003575,0.0106534889840953
3003587,0.016051491911793433
3003576,34.91313083530296
3003577,34.96615846515525
3003578,0.0032471446077614015
3003579,37.669329684226746
3003580,0.0
3003581,0.0
3003582,0.019294602995765596
3003583,35.56991259667237
3003584,0.035812031437679186
3003670,0.015641423709387956
3003588,0.018683999966169082
3003590,0.01909298081744654
3003614,0.0
3003602,49.35690838981607
3003591,0.011383321887998565
3003592,0.0022408706959481752
3003593,0.0008924427334363974
3003594,0.01583052877674956
3003595,0.00517080311489189
3003596,0.005831295882324359
3003597,52.34126139817642
3003598,0.007577471300740428
3003599,49.32141617180939
3003600,0.01196824158080377
3003585,39.402716594277344
3003601,49.35664189678654
3003589,0.01909298081744654
3003604,42.791902133712554
3003605,0.014968829011404882
3003606,61.10834471260344
3003607,0.015105121047351103
3003608,0.011100900956710177
3003609,34.361846949838224
3003610,0.003924957472854808
3003611,0.0036894896608742796
3003612,36.92652651678046
3003613,0.0
3003603,44.08151013542154
3003586,39.15879360874803
3003615,0.019757384173107115
3003616,34.95960404431529
3003643,34.78370997227002
3003642,0.005309945346885574
3003619,38.2913066823825
3003620,0.016505757665195468
3003621,0.019142341187157633
3003622,0.01955205705477606
3003623,0.01955205705477606
3003624,41.01789848863528
3003625,0.00268714662962733
3003626,0.0013366292449194022
3003627,0.01595781884836165
3003644,0.004636689157578024
3003628,0.0053786384487542575
3003630,52.85373036525771
3003631,0.007122285520879278
3003632,49.77661508884185
3003633,0.011985725290624341
3003634,49.812248986426425
3003635,49.81251547945595
3003636,44.40285895479775
3003637,43.08043215883828
3003638,0.014985815394970608
3003639,61.86245275356696
3003640,0.015122188766006779
3003629,37.926989301640525
3003671,0.015969434302280535
3003645,37.424932744489624
3003668,49.166825087584286
3003617,0.03727575978511637
3003657,41.806072103679185
3003646,0.0001264886952226542
3003647,0.0
3003648,0.02088945968485909
3003649,35.36824940454742
3003650,0.03217961377246562
3003651,39.147794175216674
3003652,38.908660762612584
3003653,0.0189583834511554
3003654,0.021606863687685704
3003669,43.951854498900204
3003655,0.022018559547097763
3003658,0.005553223595629533
3003618,38.51861644081178
3003659,0.00419541674913009
3003660,0.01542854852084595
3003661,0.006345863348359042
3003662,37.945008921063405
3003663,52.09787152380508
3003664,0.00809247864677045
3003665,49.131508476823576
3003666,0.012964776007515964
3003667,49.16655849189625
3003656,0.022018559547097763
3003672,60.50323294116742
3003673,0.01610576069896212
3003754,37.944500560228974
3003686,0.018900953941065255
3003674,0.01238094558524358
3003676,34.405913969543576
3003677,0.0055311602883937935
3003678,37.03034596980435
3003679,0.0010133534919905874
3003680,0.0
3003681,0.021802690440232617
3003682,34.88737123553993
3003683,0.030706373503093413
3003684,0.02610896822643652
3003728,38.28355519179912
3003685,38.19994871976542
3003699,0.011554074972418985
3003688,0.021982231859000514
3003689,0.021982231859000514
3003690,40.97375809197132
3003691,0.00537465953886892
3003692,0.0041290938264169855
3003693,0.015383687352111023
3003694,0.004952377228626913
3003695,38.187330469090476
3003696,52.90290372036025
3003697,0.006694690646825085
3003687,0.021549665145594064
3003698,49.81858629550689
3003700,49.85425643271549
3003726,0.016925541936047155
3003714,0.0204504360858305
3003703,0.014224299868426098
3003704,0.014552184153649044
3003705,61.932597406887275
3003706,0.014688557524685215
3003707,0.011134581919840465
3003708,34.59263035572339
3003709,34.640631168253904
3003710,0.004209882182421955
3003711,37.43353679417224
3003712,0.0
3003702,44.43220351351357
3003713,35.94826443800076
3003701,49.854522925745016
3003716,0.0317323256169099
3003717,0.025096680927397
3003718,38.66802870542264
3003719,0.017903841311982846
3003720,0.020546932916096425
3003721,0.020957730980546554
3003722,0.020957730980546554
3003723,41.049629079997544
3003724,0.004340900511155923
3003725,0.00309798254878362
3003715,35.28748844873687
3003641,0.011564681585959087
3003727,0.005986201378816603
3003784,41.787268977844285
3003742,34.99503317948878
3003731,50.83414673530601
3003732,0.012789751033607345
3003733,50.6961667763587
3003734,50.696433834345136
3003735,45.021611027033124
3003736,43.63436298778752
3003737,0.015793734705007067
3003738,63.03056735715467
3003739,0.015929877790523482
3003740,0.011762398235145138
3003730,0.008395141118198154
3003741,0.005591315813019786
3003755,0.021756856018782952
3003744,37.83128068526604
3003745,0.0005983195603876102
3003746,0.0
3003747,0.02120383273317459
3003748,35.60170052517001
3003749,0.03744446450589734
3003750,39.46754447002241
3003751,39.22238740238801
3003752,0.018678972155465955
3003753,0.021324798122658604
3003743,0.005110487513089789
3003729,54.11279560209019
3003756,0.014062188500935218
3003782,0.031057579280157285
3003770,0.003962765617475485
3003759,0.03201668357232373
3003760,0.0
3003761,39.508956219580874
3003762,58.403435405763766
3003763,0.0
3003764,54.50282232553508
3003765,0.0009732531965835228
3003766,54.54357365816868
3003767,54.54384012498125
3003768,47.670134261028615
3003758,0.0035253334063821934
3003769,0.0036349135887433414
3003757,28.490199902354462
3003772,0.00409562690015396
3003773,0.0005578959668586153
3003774,0.0
3003775,0.0
3003776,0.0
3003777,40.40666625753107
3003778,0.0
3003779,0.0
3003780,0.013891430829366563
3003781,38.13107026262004
3003771,70.15875420209079
3004007,0.0014858790710540442
3003783,0.013385315586933443
3003785,0.007064968597859199
3003797,49.33165544833892
3003893,37.83765672107412
3003787,0.010087149789159845
3003788,0.010087149789159845
3003789,44.58417744282144
3003790,0.0
3003791,0.0
3003792,0.015957295445074716
3003793,0.005296751445719904
3003794,38.01088260074331
3003795,52.35150067470595
3003796,0.007703419631568441
3003798,0.012094189911631784
3003810,37.0495417380199
3003799,49.366881173316074
3003800,49.3671476663456
3003801,44.09174941195107
3003802,42.802141410242086
3003803,0.015094777342232895
3003804,61.11859060146735
3003805,0.015231150713269066
3003806,0.01122717680417646
3003807,0.004296302704238546
3003839,0.011134581919840465
3003811,0.0
3003813,0.01988312839008408
3003837,60.6746990761988
3003825,0.015383687352111023
3003814,34.96824978601715
3003815,0.03839422873003665
3003816,38.57366125590515
3003817,38.34546648771024
3003818,0.018640815491727566
3003819,0.02128767336433289
3003820,0.02169909914019831
3003821,0.02169909914019831
3003822,41.08302484720946
3003823,0.004790458299825986
3003808,0.004050641229474199
3003824,0.0034346780112489064
3003812,0.0
3003827,37.92187140842153
3003828,52.02132527492568
3003829,0.006694690646825085
3003830,49.06616014804595
3003831,0.011554074972418985
3003832,49.101141732398105
3003833,49.10140822542763
3003834,43.906116706262594
3003835,0.014224299868426098
3003836,0.014552184153649044
3003826,0.004952377228626913
3003809,0.003814924111011299
3003838,0.014688557524685215
3003786,0.009680866514116579
3003866,0.015641423709387956
3003854,0.022019747914702972
3003865,0.015565116922376013
3003843,36.91436698673816
3003844,0.0
3003845,0.0
3003846,0.0204504360858305
3003847,34.85796974909088
3003848,0.0317323256169099
3003850,38.18647276670194
3003851,35.592982166116
3003879,0.021802690440232617
3003852,0.021608052055290913
3003849,0.026167010846854435
3003855,40.46914564341307
3003860,0.007201722956174576
3003842,0.004209882182421955
3003863,0.012599369632156797
3003862,0.00809247864677045
3003861,52.09787152380508
3003864,0.012964776007515964
3003859,0.006345863348359042
3003858,0.01542854852084595
3003857,0.004135872640322049
3003853,0.022019747914702972
3003894,52.54508130214736
3003868,0.015641423709387956
3003892,0.0
3003840,34.27472206867505
3003881,0.030706373503093413
3003869,0.015969434302280535
3003870,0.01602332389746607
3003871,0.01610576069896212
3003872,0.01238094558524358
3003873,0.00620421683202591
3003874,0.005765032579853202
3003875,0.0055311602883937935
3003876,0.005545845422005778
3003877,0.0010133534919905874
3003841,0.004445165304565084
3003878,0.0
3003882,0.02610896822643652
3003867,0.015641423709387956
3003883,0.019190574772674027
3003884,0.018900953941065255
3003885,0.021549665145594064
3003886,0.021982231859000514
3003887,0.021982231859000514
3003888,0.016847491927340235
3003889,0.00537465953886892
3003890,0.0041290938264169855
3003891,0.008413927645703237
3003880,0.021595288173199417
3004004,0.008877200356030858
3003896,49.513183539769585
3003976,37.92924438785356
3003908,0.0
3003897,0.004452359895704232
3003898,49.54857520407779
3003899,49.54884169710732
3003900,44.21867011202431
3003901,42.91567443026162
3003902,0.007417856954338981
3003903,61.42202115871833
3003904,0.007554230325375151
3003905,0.004058367852202545
3003906,0.0
3003950,0.018429011357237814
3003907,0.0
3003921,0.006680973439403883
3003910,0.0
3003911,0.0
3003912,0.013227418572078516
3003913,35.24219845545074
3003914,0.023418392229511174
3003915,38.96346895701599
3003916,38.727847926919225
3003917,0.01134688055788634
3003918,0.01395644641195891
3003919,0.014361659334929073
3003909,37.472943570600464
3003920,0.014361659334929073
3003922,0.0
3003948,0.024820349154729394
3003936,67.69322817987023
3003925,0.005388713316170233
3003926,39.17659752780388
3003927,57.221835584822756
3003928,0.0076547523741951635
3003929,53.483721637555746
3003930,0.012044248800065945
3003931,53.30070787911137
3003932,53.30097489260023
3003933,46.8379021158058
3003934,0.01416499277367497
3003924,0.012165506214913356
3003935,0.01449351741498737
3003923,0.0
3003938,0.01107658185860266
3003939,36.03278690585142
3003940,36.093379557218604
3003941,0.003666462718026207
3003942,39.429596155207406
3003943,37.762338031042034
3003944,0.0
3003945,37.718936369405014
3003946,36.90943797912663
3003947,0.03843977782018395
3003937,0.014629599517672358
3003675,34.3593889680177
3003949,41.00009060520644
3003895,0.0
3003964,53.181277337119184
3003953,0.021485591509134826
3003954,42.45026148815221
3003955,28.82076044470979
3003956,0.0032271921744607083
3003957,0.012165506214913356
3003958,0.002568925605265158
3003959,38.37221711093376
3003960,54.4387221052085
3003961,0.004823228136204785
3003962,51.11054887754598
3003952,0.021485591509134826
3003963,0.009188539046135376
3003977,0.0
3003966,46.75447373293226
3003967,0.011299243362390047
3003968,0.011627768003702446
3003969,67.49374240106164
3003970,0.011763850106387435
3003971,0.008234175581989186
3003972,0.0013316329987502875
3003973,36.233699381437354
3003974,0.0008485260107381803
3003975,39.62221071056629
3003965,53.18154435060804
3003951,0.021074448031594275
3003978,37.891862318501694
3003563,38.267951509521964
3003992,38.38073286009893
3003981,41.49724460696392
3003982,41.23970318455214
3003983,0.01616221877675247
3003984,0.018796064210345267
3003985,0.019205277987511215
3003986,0.019205277987511215
3003987,42.941077604485216
3003988,28.79806061179353
3003989,0.0010003854630551928
3003990,0.012161310962709112
3003980,0.03544581416137429
3003991,0.0032014617095497003
3003979,37.06559261169499
3003994,0.00545847971236783
3003995,51.135877706829326
3003996,50.25374310700058
3003997,53.210277916471284
3003998,53.210545587318066
3003999,46.77499203659785
3004000,0.01222014601862772
3004001,0.012276222389886054
3004002,67.54064610828927
3004003,0.012412337171032796
3003993,54.46844556905117
3004229,47.04711167675346
3003856,0.0053813284567101796
3004005,36.184203564226756
3004021,28.801248354402123
3004010,0.0
3004011,37.906807539737336
3004012,37.07907572433009
3004013,0.03612434952546776
3004014,0.023187107916903964
3004015,41.25894632574772
3004016,0.016815254878313604
3004017,38.02214899298405
3004018,0.019862377024125216
3004019,0.019862377024125216
3004020,42.96269224405495
3004022,0.0016417203365214654
3004034,0.012276222389886054
3004023,0.012161310962709112
3004024,0.0032014617095497003
3004025,37.79298767043218
3004026,52.43487623311367
3004027,0.00545847971236783
3004028,49.40184602958323
3004029,0.009856443335876439
3004030,51.29162061361484
3004031,51.29188828446162
3004117,0.019203972744950067
3004035,64.33590367664864
3004037,0.008877200356030858
3004061,49.40184602958323
3004049,0.016815254878313604
3004038,35.35830444008125
3004039,35.414375721514354
3004040,0.0014858790710540442
3004041,39.92474558143124
3004042,37.54124760200047
3004043,0.0
3004044,37.48987352637064
3004045,36.70257940932765
3004046,0.03612434952546776
3004047,0.023187107916903964
3004032,45.43472199417842
3004048,40.72277441260075
3004036,0.012412337171032796
3004051,0.019862377024125216
3004052,0.019862377024125216
3004053,41.793867094518816
3004054,28.774198336091576
3004055,0.0016417203365214654
3004056,0.012161310962709112
3004057,0.0032014617095497003
3004058,37.79298767043218
3004059,52.43487623311367
3004060,0.00545847971236783
3004050,0.019452576007754865
3004033,0.01222014601862772
3004062,0.009856443335876439
3004063,50.57584989217929
3004090,0.002567508395969583
3004089,0.012164076659511826
3004066,43.55564312912715
3004067,0.012276222389886054
3004068,63.140354665418165
3004069,0.012412337171032796
3004070,0.008877200356030858
3004071,35.0501961103083
3004072,35.10420077949775
3004073,0.0014858790710540442
3004074,39.44640161780819
3004091,37.78524209135168
3004075,37.150697942271464
3004077,37.08523905066263
3004078,36.33718863173976
3004079,0.03612434952546776
3004080,0.023187107916903964
3004081,40.20241823431706
3004082,0.016815254878313604
3004083,0.019452576007754865
3004084,0.019862377024125216
3004085,0.019862377024125216
3004086,41.230481131078875
3004087,28.68420509764248
3004076,0.0
3004009,37.94366764594578
3004092,52.40782980693669
3004115,0.016160913148144492
3004064,50.576117563026074
3004104,35.03965595891693
3004093,0.004821808657873994
3004094,49.37879750485559
3004095,0.009187248202892882
3004096,50.55031616650481
3004097,50.55058317652861
3004098,44.91662531367461
3004099,0.011297948387460972
3004100,0.01162646876548222
3004101,63.09924286077454
3004116,0.01879475858173729
3004102,0.01176255245370315
3004105,35.09359005620697
3004065,44.93472199417842
3004106,0.0008472347160564656
3004107,39.42999452483317
3004108,37.13731583388148
3004109,0.0
3004110,37.071373094545805
3004111,36.32467873518063
3004112,0.03544450896767702
3004113,0.02252442809084604
3004114,40.18456333463928
3004103,0.008232879800508948
3004119,41.21114535824161
3004120,28.681168092334616
3004200,56.290937526109666
3004132,0.009270638477651933
3004121,0.0009990940187731712
3004122,0.042739200050832565
3004123,1.961552572768226e-05
3004124,39.86772513546672
3004125,58.28545060994917
3004126,0.001793382729252795
3004127,54.41889705425662
3004128,0.006607576910678604
3004129,54.45946146672421
3004130,54.459727933536776
3004174,35.812427572062624
3004131,47.64605968249918
3004145,0.03671521789467072
3004134,69.93851254150029
3004135,0.009734794538655153
3004136,0.006204992683709681
3004137,38.69627826313298
3004138,38.77027671436589
3004139,0.0
3004140,40.10785969945715
3004141,0.0
3004142,0.0
3004143,0.01952473722724332
3004133,0.009598490506384076
3004144,37.602132094336355
3004146,0.01903234084938656
3004172,0.0
3004160,47.09577393648417
3004149,0.015325697580583901
3004150,0.015732244419915782
3004151,0.015732244419915782
3004152,42.50857956159237
3004153,0.0
3004154,0.0
3004155,0.009791422421637356
3004156,0.00039215518226569607
3004157,37.01815165373887
3004158,49.728675725738896
3004148,0.01270823783636889
3004159,0.00263691568764176
3004147,40.72783901431357
3004162,48.11748691966552
3004163,48.117754559632935
3004164,43.22051487457434
3004165,0.009335871111300702
3004166,0.00939194101341088
3004167,59.02735622987828
3004168,0.009528151229803156
3004169,0.006017703516186362
3004170,34.40121734164607
3004171,0.0
3004161,0.0069827379938226615
3004088,0.0016417203365214654
3004173,37.80534248128234
3004231,0.011353326475179776
3004188,0.011875998062378103
3004177,35.08563093334362
3004178,0.025091301169629515
3004179,0.020244906590861873
3004180,38.41635717049164
3004181,0.013910128574762733
3004182,0.016532012101207166
3004183,0.01693924237292798
3004184,0.01693924237292798
3004185,38.794655307574295
3004186,28.67532931453897
3004176,0.014568896942279445
3004187,0.0
3004201,0.010424161629070334
3004190,36.49703518014293
3004191,47.92580946147751
3004192,0.0035220840159624553
3004193,45.55845249237109
3004194,0.007875642439539416
3004195,46.479155471020995
3004196,46.4794230517538
3004197,42.0760388430746
3004198,0.010231866889364534
3004199,0.010287924381969998
3004189,0.0012735979983924885
3004175,0.0
3004202,0.006906268227368305
3004228,47.0468446419921
3004216,0.01040638300420119
3004205,0.0
3004206,36.71043858052718
3004207,0.0
3004208,0.0
3004209,0.008784464961045289
3004210,34.08626037175018
3004211,0.02621804003114526
3004212,0.014461476068699568
3004213,37.0687852938333
3004214,0.007416165054398514
3004204,33.33315179810799
3004215,35.093619926706836
3004203,1.618915090938753e-05
3004218,38.45692457162556
3004219,0.0002879689924889223
3004220,0.0
3004221,0.012692729377740493
3004222,0.0026220971809165538
3004223,0.0032789924213842544
3004224,48.552479257941954
3004225,0.004876601923700142
3004226,46.09133047719003
3004227,0.009242434743741559
3004217,0.01040638300420119
3004230,42.46929375988334
3004118,0.019203972744950067
3004008,39.63886739997372
3004245,0.02258077725482625
3004234,0.011817949658325732
3004235,0.008287886926338367
3004236,0.0013848951671528386
3004237,33.57539826627569
3004238,0.0009018156276656037
3004239,37.0886540303512
3004240,0.0
3004241,0.0
3004242,0.016885516643887294
3004243,34.536219615667044
3004341,38.98890702945406
3004244,0.035502017300311405
3004258,0.0
3004247,0.016216688600393887
3004248,0.018850770589920636
3004249,0.019260021112634203
3004250,0.019260021112634203
3004251,38.940884225436875
3004252,0.0024031877875597576
3004253,0.0010539481774242024
3004254,0.005730267953286563
3004255,0.0
3004256,0.0
3004246,37.637589023220706
3004257,49.12066180695423
3004259,46.58896445670761
3004285,0.0
3004273,0.0
3004262,46.62282808934772
3004263,42.17193754827106
3004264,0.0018366677899941649
3004265,0.0018926622123762388
3004266,56.53996320786861
3004267,0.0020289272788439282
3004268,0.0
3004269,0.0
3004270,33.395499951871
3004271,0.0
3004261,46.62256080966971
3004272,36.81317163109463
3004260,0.0
3004275,0.007635063782748734
3004276,34.320523810108725
3004277,0.018629713502162734
3004278,0.012769426417723603
3004279,37.33137299525367
3004280,0.0065216347354704295
3004281,0.009107304249262229
3004282,0.009508540513092328
3004283,0.009508540513092328
3004284,39.08559924786724
3004274,0.0
3004342,37.95690781581509
3004286,0.0
3004288,0.00322496198205064
3004313,0.016217100419391624
3004290,46.02502472086996
3004291,0.005622346328138115
3004292,43.93705958802934
3004293,0.009995228237722378
3004294,43.96734004292622
3004295,43.96760661618532
3004296,40.319948268101825
3004297,39.4282522918445
3004298,0.012986237677075593
3004299,52.099694479524445
3004314,0.018851654589463702
3004300,0.013122574336761141
3004302,32.096378774310175
3004303,0.0019817406241400314
3004304,0.001743712798229527
3004305,35.278679234521015
3004306,0.0
3004307,0.0
3004308,0.017752678455562294
3004309,33.13316726312323
3004310,0.028082410055358272
3004311,35.78529790780453
3004232,0.01168187728948829
3004301,0.009137828028699436
3004287,0.01796311634147493
3004315,0.01926103289725448
3004340,0.0
3004328,54.119474852085006
3004317,0.01155139705104817
3004318,0.0024030786320182766
3004319,0.0010536010689649068
3004320,0.029932554082068994
3004321,0.0
3004322,39.4395190267859
3004323,57.88625722190017
3004324,0.0
3004325,54.078089559440734
3004326,0.0
3004316,0.01926103289725448
3004327,54.11920767913561
3004289,0.0038827403934036013
3004330,0.0
3004331,0.0
3004332,69.36398368227356
3004333,0.0
3004334,0.0
3004335,36.66425458433626
3004336,36.72540704252718
3004337,0.0
3004338,40.182875452587844
3004339,0.0
3004329,47.40865465402592
3004343,0.023604919868929795
3004312,35.62652874465048
3004424,56.11832869377994
3004356,58.53764596822554
3004345,41.539313287574494
3004346,0.0007830500160661592
3004347,0.0033395861189955446
3004348,0.0037359792566584215
3004349,0.0037359792566584215
3004350,43.88259228080787
3004351,0.0
3004352,0.0
3004353,0.03704137971520596
3004354,0.0
3004344,0.006960880698896927
3004355,0.0008409801578365778
3004369,0.0
3004358,0.006221966289394612
3004359,0.006583120845530489
3004360,0.009169801220038328
3004361,0.009246071119456151
3004362,0.009246071119456151
3004363,0.009246071119456151
3004364,0.009573923148188295
3004365,0.009627830229878202
3004366,0.009710227180459371
3004367,0.006180626025528729
3004357,0.0017691583305951154
3004368,0.0
3004370,0.0
3004396,0.009246071119456151
3004384,0.0
3004373,0.0
3004374,0.01949966974882497
3004375,0.019854929041220465
3004376,0.03668937928116059
3004377,0.01900736836587082
3004378,0.013106378237017007
3004379,0.0126835680326899
3004380,0.015300904842325063
3004381,0.015707428398592578
3004382,0.015707428398592578
3004372,0.0
3004383,0.011078022860349757
3004371,0.0
3004386,0.03987291699171239
3004387,0.0
3004388,0.0008409801578365778
3004389,58.53764596822554
3004390,0.0017691583305951154
3004391,0.006221966289394612
3004392,0.006583120845530489
3004393,0.009169801220038328
3004394,0.009246071119456151
3004395,0.009246071119456151
3004385,0.0
3004397,0.009573923148188295
3004398,0.009627830229878202
3004233,57.247424690858885
3004412,0.0126835680326899
3004401,0.0
3004402,0.0
3004403,0.0
3004404,0.0
3004405,0.0
3004406,0.0
3004407,0.01949966974882497
3004408,0.019854929041220465
3004409,0.03668937928116059
3004411,0.013106378237017007
3004400,0.006180626025528729
3004413,0.015300904842325063
3004414,0.015707428398592578
3004415,0.015707428398592578
3004416,0.011078022860349757
3004417,0.0
3004418,0.0
3004419,0.04467692502375268
3004420,0.003090000966692282
3004421,40.133418739704474
3004422,60.301686491667894
3004423,0.005533507689918797
3004399,0.009710227180459371
3004425,0.009904924887225261
3004426,55.93720421092733
3004410,0.01900736836587082
3003562,0.00472859267278058
3004428,48.67961484280882
3004429,47.0277059682971
3004430,0.012911251295693761
3004431,72.42394750116966
3004432,0.013047339158750573
3004433,0.00904866343759831
3004434,0.002138586442378287
3004435,37.28605177711425
3004436,0.0016559786583514816
3004437,40.94446532391574
3004438,0.0
3004439,0.0
3004440,39.702884454139536
3004427,55.93747121182737
3004441,38.601346451698426
3004450,28.512985901387466
3004449,43.90628745782455
3004448,0.018213134710592164
3004447,0.018213134710592164
3004451,0.00404110206929718
3004445,0.015175925597032437
3004444,42.38178281756094
3004443,43.17870812220339
3004442,0.04637873695193599
3004446,0.01780475213327063
3004463,0.0
3004454,42.04884384953035
3004455,66.90486686073916
3004456,0.0
3004457,61.773825227410974
3004458,0.0
3004459,61.819934459275615
3004453,0.0
3004460,61.82017153920291
3004461,52.7783414763367
3004475,0.021188438736379493
3004469,0.0
3004465,0.0
3004466,0.0
3004467,0.0
3004468,40.52936614270093
3004470,45.352942286952974
3004471,0.0
3004472,0.0
3004473,0.012916074376401068
3004474,43.27682510377149
3004503,46.308758130546586
3004452,0.025536507963651915
3004464,82.45413639616162
3005341,0.0
3004480,43.848424129115266
3004558,58.60765180959724
3004481,0.0
3004482,48.6889859918399
3004483,0.0
3004484,28.013381216373116
3004485,0.0536295134417207
3004486,0.010379267500235581
3004487,0.011045941015833135
3004488,68.72483868741688
3004489,0.012703272467107557
3004491,0.01713419686056439
3004477,46.52182031588568
3004462,50.72039813222049
3004492,63.3620376472753
3004494,53.88924938211459
3004495,51.73316532144565
3004496,0.02013959283194612
3004497,84.97934528410653
3004498,0.020275621014477406
3004499,0.015999536122606437
3004500,0.009026391824371004
3004501,41.25765178443055
3004502,0.008084781800176835
3004478,0.0
3004476,45.457136632498866
3004493,63.36227184305209
3004504,0.005661925010234161
3004670,0.0045504681167087314
3004545,0.015092522674497125
3004507,44.04362512560728
3004508,0.05205289572558867
3004509,0.02709712150250962
3004510,47.52822957240976
3004511,0.016592672610675385
3004512,0.019228488722836067
3004513,44.732563780656506
3004514,0.01963804170510764
3004515,49.790662369099756
3004516,28.27668429432495
3004517,0.0
3004530,80.18176660556225
3004518,0.02246345961798693
3004520,41.76165158414168
3004521,65.62474911350637
3004522,0.009195578570738664
3004523,60.67252800913391
3004524,0.013593593812350379
3004525,60.45215710523634
3004526,60.452391150199844
3004527,51.86067056914516
3004528,49.90517473479457
3004529,0.016603980350222262
3004479,41.55577970461859
3004519,0.007335127424949976
3004505,0.0033144858619319705
3004531,0.0167398632378763
3004533,39.68239602236548
3004534,39.714258281276614
3004535,0.004621198105806269
3004536,44.20595448928132
3004537,0.0022164971778641943
3004538,0.0
3004539,0.030052078496319252
3004540,42.235976542134544
3004541,0.040045730299127405
3004542,0.022893024895672773
3004543,45.231741358343385
3004544,0.01247967297702646
3004532,0.012500945385547257
3004546,42.17867774386087
3004547,41.46193904299417
3004548,46.15752971227426
3004549,28.702400009553735
3004550,0.001310619125473193
3004551,0.029623504601725494
3004552,0.010909942170983889
3004553,41.03816625023511
3004554,63.154687908019724
3004555,0.012782867128940247
3004556,58.56489109156621
3004557,0.017213499301316954
3004506,0.03369127379392562
3004490,63.31479425785042
3004646,0.014399070375201259
3004560,50.57118095748205
3004563,76.51365667972786
3004564,0.02035478560933883
3004565,0.01607928709328944
3004566,0.009105902399829297
3004567,0.008858106333723931
3004568,0.008164051413864115
3004569,43.390155531309986
3004570,0.005741352744239702
3004571,0.0033940255349283553
3004572,41.982897571872456
3004574,0.05216050189640746
3004586,0.011577154109722047
3004575,0.0282804756439218
3004576,44.408631742727145
3004577,0.017755329573277287
3004578,0.02039635550392037
3004579,42.65853280828887
3004580,0.02082762038271925
3004581,47.1225294197278
3004582,28.026757010773824
3004583,0.0
3004584,0.029623504601725494
3004585,0.010909942170983889
3004562,0.020218659982209695
3004573,41.533621017443046
3004615,28.026757010773824
3004587,63.154687908019724
3004591,58.60765180959724
3004592,58.60788597457189
3004593,50.57118095748205
3004594,48.74200500838537
3004595,0.020218659982209695
3004596,76.51365667972786
3004597,0.02035478560933883
3004598,0.01607928709328944
3004599,0.009105902399829297
3004600,39.113243168576474
3004602,43.216176725767994
3004614,47.1225294197278
3004588,0.012782867128940247
3004604,0.0033940255349283553
3004605,0.033763068676539006
3004606,41.533621017443046
3004607,0.05216050189640746
3004608,0.0282804756439218
3004609,44.408631742727145
3004610,0.017755329573277287
3004611,0.02039635550392037
3004612,42.65853280828887
3004613,0.02082762038271925
3004589,58.56489109156621
3004603,0.005741352744239702
3004616,0.0
3004671,0.03077249885897007
3004657,59.36264449067309
3004619,41.36739106387525
3004620,64.33690951226247
3004621,0.007018332354261646
3004622,59.571875001395355
3004623,0.011400914253279918
3004624,59.61478343431785
3004625,59.615016980395595
3004626,51.2713604404786
3004627,49.37232212565927
3004628,0.014401578890138399
3004630,0.014537613390230342
3004618,0.0047182409563584545
3004642,45.61201663372737
3004632,0.003395097775184416
3004633,41.481196962388
3004634,0.0024551329488653453
3004635,43.86861940605267
3004636,5.889405932922332e-05
3004637,0.0
3004638,0.027794470595597816
3004639,42.099839983140136
3004640,0.0460022784075758
3004641,0.021762018759851242
3004561,48.74200500838537
3004631,0.008741279574508432
3004559,58.60788597457189
3004629,78.32073728599426
3004643,0.011364198023295968
3004647,48.40395489173263
3004648,0.0
3004649,0.0
3004650,0.028693653344845107
3004651,0.012081467411365369
3004652,0.012750175925915604
3004653,64.03987178220277
3004654,0.013958293778844751
3004655,59.31998619932501
3004656,0.01839884943780249
3004658,59.362878688691055
3004617,0.01684336255209583
3004644,0.013973153861082166
3004660,49.21761120211879
3004661,0.021394222798791492
3004662,78.224343528359
3004663,0.021530331172041426
3004664,0.017258948616816344
3004665,39.423585642646614
3004666,0.010026416538560302
3004667,0.009332582296959076
3004668,43.67560236781566
3004669,41.79310784263637
3004645,43.282503329652634
3004659,51.09858501803676
3004672,41.479309075779355
3005340,46.12570727674308
3004825,50.71298928125267
3004675,44.87448943984822
3004676,0.017900891332923028
3004677,0.020542503996788117
3004678,43.30818609611373
3004679,42.539088767927694
3004680,47.66206565009789
3004681,28.11226438389703
3004682,0.0
3004683,0.017599349447801983
3004684,0.005008646422266455
3004685,0.005668393772266632
3004686,66.36454286791596
3004687,0.007309935005954374
3004688,61.30145083792492
3004689,0.011694901807009586
3004690,61.34513967754667
3004691,61.34537325434514
3004692,52.48010263972112
3004693,50.31293116144963
3004694,0.014681848722232757
3004695,81.30105927742322
3004696,0.01481786713740939
3004697,0.010608541263204466
3004698,42.767987728779694
3004699,0.0034399191968358073
3004727,0.011720853989935623
3004782,0.02885805616558448
3004702,0.00034753961859959647
3004703,0.0
3004704,0.023937974819312445
3004705,41.7128418919703
3004706,0.04628412198657306
3004707,0.020968863150594323
3004708,45.24945077683089
3004709,0.010586474826887463
3004710,0.013191545186892365
3004711,41.71723560108139
3004712,0.013595973519851224
3004713,0.008865682866033096
3004700,0.0027450896058965994
3004715,0.0
3004716,0.017064786127904154
3004717,0.0021200306876440287
3004718,41.966996767082925
3004719,66.67433972501453
3004720,0.004409044934065127
3004721,61.56571359989144
3004722,0.008769123619270958
3004723,61.61044119646964
3004724,61.61067539224643
3004725,52.66566043863315
3004726,50.478999672031584
3004701,44.41154423404877
3004714,0.0
3004728,81.6200961691163
3004769,0.0015429953983244137
3004731,40.32482002020936
3004732,0.0005352499863494268
3004733,0.0
3004734,44.89400135564424
3004735,0.0
3004736,0.0
3004737,0.020922107413758613
3004738,42.50406003924253
3004739,0.04314631521783339
3004740,0.01859509448265126
3004741,46.20650944911874
3004754,60.11874735957525
3004742,0.008259777961318781
3004744,43.82493858229225
3004745,0.011255443766927673
3004746,0.006525653347540628
3004747,28.15776122627838
3004748,0.0
3004749,0.027029459150724078
3004750,0.009825077454657776
3004751,41.47274166056382
3004752,64.98508250531857
3004753,0.010904561474481003
3004590,0.017213499301316954
3004743,0.010852989325319818
3004729,0.011856882172466908
3004755,0.01532309202667773
3004757,63.17667528434078
3004758,53.74724909110348
3004759,51.44216486258785
3004760,0.018307513636877285
3004761,84.26859563618063
3004762,0.01844300364288677
3004763,0.01419495337234086
3004764,41.00850400061783
3004765,0.006990007749310652
3004766,0.0062969350445593215
3004767,45.828185916916674
3004768,0.003880935877187851
3004756,63.1764406872065
3004770,43.76727183945749
3004771,43.28515079462848
3004772,0.05014746658325913
3004773,0.025263046523025825
3004774,47.23087451008319
3004775,0.014788313990299375
3004776,0.017416629230444104
3004777,44.720330495411034
3004778,43.88397910075771
3004779,48.68869964525711
3004780,28.728067068220184
3004781,0.0049315094150638415
3004730,0.0076754755335313495
3004894,0.015049793489001283
3004783,0.011687949492043593
3004785,63.51293566497773
3004786,0.013596709880026005
3004787,58.87046932337773
3004788,0.01803428506219647
3004789,58.912720779323806
3004790,58.912954944298455
3004791,50.784292834923455
3004792,48.797182696984
3004793,0.021027964398389352
3004794,76.66001135502083
3004795,0.021164090025518487
3004796,0.016735264148719852
3004797,0.00991514534871903
3004798,0.009666956264487176
3004799,0.008973055012852171
3004800,43.269901014708424
3004801,0.006546527676123514
3004802,0.004194496822149072
3004803,0.030393564090676846
3004804,41.13743228148113
3004805,0.05202764686849341
3004806,0.029116412160445162
3004807,44.46745055986582
3004808,0.018574628943327717
3004809,0.021219847688201718
3004810,42.52960176275664
3004838,0.019887818626958362
3004839,45.450180824860695
3004813,0.004554060589866608
3004814,0.0
3004815,0.024301897865558163
3004816,0.0
3004817,42.04530381252227
3004818,66.89454492566628
3004819,0.0
3004820,61.76449164600217
3004821,0.0
3004822,61.81037891054912
3004823,61.81061310632591
3004824,52.77053398950462
3004811,0.02165181105893156
3004826,0.0
3004827,82.44060673597383
3004828,0.0
3004829,0.0
3004830,40.49432352671769
3004831,40.52336386332658
3004832,0.0
3004833,45.345997025568956
3004834,0.0
3004835,0.0
3004836,43.91884940017249
3004837,43.270274361087715
3004812,47.27179089433717
3004784,0.012356167259162335
3004840,46.51465984410392
3004881,0.018825255385034344
3004842,0.0
3004843,43.841781527936604
3004844,0.0
3004845,48.68185850056145
3004846,0.0
3004847,28.010847167659023
3004848,0.018740580646224535
3004849,0.005123611820552772
3004850,42.24099553917744
3004851,67.61431359619104
3004852,0.007457500331485952
3004853,62.36811666174047
3004854,0.011841747365815839
3004855,62.13277307107532
3004856,62.133007116038826
3004857,53.03156096430543
3004858,50.80665404291871
3004859,0.014829523254221207
3004860,82.61968107860375
3004861,0.014965324772017544
3004862,0.010756740609644152
3004863,40.314573846876506
3004864,40.3480554447769
3004865,0.002893217741863671
3004866,44.87892211112665
3004673,0.05343913000462497
3004841,0.0
3004869,0.024084724600772423
3004870,42.491982730186784
3004871,0.04642672346296965
3004872,0.021116373638652826
3004873,46.16633100917756
3004874,0.010735864810600328
3004875,0.013340443432285833
3004876,42.773327323589086
3004877,42.02870890775657
3004878,47.22515013113017
3004879,28.688743194854695
3004880,0.0
3004867,0.0004960987110015406
3004882,0.0052066576977432815
3004883,0.005866354771624751
3004884,67.98124365424216
3004885,0.007540894237491867
3004886,62.68111072453525
3004887,0.011925828322601275
3004888,62.44317560666086
3004889,62.44340965940844
3004890,53.24839470579516
3004891,51.00061485960375
3004892,0.014913996046829182
3004893,83.14048135491724
3004868,0.0
3004601,0.008164051413864115
3005043,45.61741535488492
3004674,0.028428365324714638
3005118,0.012175613088410026
3004899,45.06267952540029
3004900,0.0005786427835063571
3004901,0.0
3004902,0.024170722101832267
3004903,42.247768542818044
3004904,0.046516061375957256
3004905,0.02120171305212931
3004906,45.94453087233631
3004907,0.01081957120118246
3004908,39.8705209770116
3004910,41.186753433707516
3004922,58.26796299280405
3004911,46.09310815276215
3004912,0.0
3004913,0.0
3004914,0.018844192373831663
3004915,0.004753317299751853
3004916,0.005412686666697189
3004917,62.76008904179646
3004918,0.007086231351098447
3004919,58.22681661254002
3004920,0.01146896857769201
3004909,41.89057556963281
3004951,0.0006575297314526129
3004923,50.33043628992319
3004925,0.014454948639054145
3004926,76.13760676248195
3004927,0.014590918311259846
3004928,0.010384062167722839
3004929,0.0034629567783848645
3004930,38.88999404477631
3004931,0.002522986659993562
3004932,42.91886080914593
3004933,0.00012667241633594373
3004934,0.0
3004935,0.023706308252149606
3004936,40.83993804236745
3004921,58.26772932291093
3004938,0.020739311348461586
3004939,44.02765856052252
3004940,0.010362281592732692
3004941,0.012965999672359252
3004942,42.1366977771106
3004943,0.013370188909658406
3004944,47.21250766297155
3004945,28.05874092798029
3004946,0.0
3004947,0.012592474238694636
3004948,0.0
3004949,41.33111191501064
3004924,48.39005428613901
3004950,64.40601064132447
3004952,59.658186376598024
3005006,0.0139260770409012
3004965,43.80354892197566
3004954,59.70035950145062
3004955,59.700593246169426
3004956,51.33432508821044
3004957,49.289134277053215
3004958,0.008412949428895188
3004959,78.53431886287065
3004960,0.008548961284459186
3004961,0.004400908237995975
3004962,0.0
3004963,40.2729036770803
3004953,0.005455106484433826
3004964,0.0
3004978,0.0
3004967,0.0
3004968,41.99706883616474
3004969,41.63993142523274
3004970,0.025228755079277198
3004971,43.40306379151951
3004972,44.99635513019161
3004973,0.004977629831524439
3004974,0.007553008463697381
3004975,41.745672183036554
3004976,0.007952465902963727
3004966,0.0
3004937,0.04604138301126694
3004979,28.006823664418643
3005005,42.95866070776926
3004993,0.015167361225690195
3004982,0.006294721555317722
3004983,61.35890777818634
3004984,0.007184005519413744
3004985,57.04782445876727
3004986,0.012043240712148056
3004987,57.087657630876485
3004988,57.087891433723435
3004989,49.509251449592576
3004990,47.656600807197556
3004991,47.67170590148554
3004981,0.005441169777776671
3004992,74.15055238626731
3004980,0.017598009687291777
3004995,38.20511721250934
3004996,38.22901533720417
3004997,0.0035767853664817745
3004998,42.02667418564361
3004999,0.0011763411339559202
3005000,0.006184378237565474
3005001,0.029803858521651946
3005002,40.1022926267303
3005003,0.04170920769530392
3005004,41.60649632602801
3004994,0.010956962015437952
3005007,0.016547466966381087
3004898,0.0029761390693534414
3005009,0.016954609584651524
3005021,59.25543337407598
3005063,0.005511638324196321
3005011,0.0006017330448750015
3005012,28.016131576580037
3005013,0.01283080140902958
3005014,0.0021298259199244228
3005015,41.55321920697599
3005016,63.8829144194885
3005017,0.004402219337919838
3005018,59.21340829630546
3005019,0.009232308765843156
3005036,0.03985730531564846
3005020,59.25519921508552
3005035,40.83745283383406
3005023,49.015706353812305
3005025,77.77886852710925
3005026,0.0123430258996028
3005027,0.008162253618157004
3005028,0.0019376958909734464
3005029,41.82608953145093
3005030,0.0008070388017566002
3005031,43.32447297922823
3005032,0.0
3005033,0.003403430306083549
3005022,51.02716570439824
3005034,0.026888552941756634
3005024,0.012207135520614813
3005037,42.956497704474685
3005342,0.0
3005047,0.0073781492536776
3005046,0.02129009074876781
3005045,27.935326573195137
3005044,0.0
3005038,44.4298642218607
3005042,0.014271144258899996
3005041,40.38752648465349
3005040,0.013866743902097115
3005039,0.01126126934809483
3005049,62.7128159005696
3005010,46.018433210621545
3005048,40.839124499052865
3005050,0.009127185375963402
3005051,58.20333374238982
3005052,0.014005634722748241
3005053,58.24420875424601
3005054,58.24444235078092
3005055,50.317076094067055
3005056,48.3791774582028
3005057,0.017002633060707907
3005058,75.98078041364307
3005059,0.017138722503147207
3005060,0.012908969677746324
3005061,0.006645430330952308
3004977,46.69515414552968
3005062,0.006206211619844339
3005064,42.882582746853636
3005090,0.01513023267284654
3005066,0.0026822545003351126
3005067,0.029472288774894738
3005068,40.861330852616256
3005069,0.04130247280388971
3005070,42.52651656816968
3005071,43.96194812234749
3005072,0.014154950009914317
3005073,0.01677732993129102
3005074,42.07908402066331
3005075,0.017184624996232186
3005091,74.15908471606323
3005076,47.14681090542965
3005078,27.981699094767524
3005079,0.017696848258049236
3005080,0.005538296058844001
3005081,40.79320985349339
3005082,61.36485660078418
3005083,0.007281443161372108
3005084,57.05289970056446
3005085,0.01214164994214133
3005086,57.09273578517417
3005087,57.09296957547112
3005088,49.51279417569085
3005077,0.0013583752314265483
3005089,47.65976873928948
3005092,0.015266220664373715
3005008,40.67323735476298
3005105,0.014024537195709242
3005094,38.20735978828774
3005095,38.231262681354146
3005096,0.0036738011621698114
3005097,42.02970257745626
3005098,0.001272873594749785
3005099,0.006281766891900489
3005100,0.02990573852347878
3005101,40.10484473831338
3005102,0.041813303219132375
3005103,41.60950933329971
3005093,0.011054843038569172
3005104,42.96194933290169
3005065,0.003101632295460743
3005107,40.67606154490973
3005108,0.017053690665639935
3005109,46.02236041224711
3005110,0.0006987827039057645
3005111,28.016445635098766
3005112,0.01944573775862629
3005113,0.0055709863843963255
3005114,0.0064248955412435065
3005115,62.603206477992714
3005116,0.007314360878473299
3005106,0.016646457975056664
3005117,58.10978229186333
3005339,0.014423484427633705
3005119,58.15057361362538
3005121,50.251667809107985
3005122,48.32066996059724
3005123,0.015164207613414492
3005124,75.82406544753748
3005125,0.015300295357048976
3005126,0.011087926671472683
3005127,38.7980769787335
3005128,38.82324730496641
3005129,0.0037061859720215733
3005130,42.82606992135871
3005131,0.0013047270302625987
3005132,0.0008890540098755948
3005133,0.027588407471032216
3005134,40.813538528514876
3005135,0.03938054373183605
3005136,0.02274387903362618
3005137,43.90036369257032
3005138,0.012329818415265557
3005139,0.014942860896509168
3005140,42.024204873864186
3005141,41.3144480226679
3005142,0.010275088473440965
3005143,0.0
3005144,0.000733937011787494
3005145,0.018078706162025282
3005173,41.983556413476
3005228,0.0021682049945757325
3005148,62.52200683199662
3005149,0.005970686852043646
3005150,58.04049022338189
3005151,0.010819195775191909
3005152,58.081218602639055
3005153,58.08145220241853
3005154,50.20322115383455
3005155,48.27733309231111
3005156,0.013801562546139921
3005157,75.70796895095545
3005158,0.013937650289774405
3005159,0.00973816086408247
3005146,0.004231505172197591
3005161,0.0030631458273437805
3005162,0.0023679676332340176
3005163,42.784211248263006
3005164,0.0
3005165,0.0
3005166,0.026192090436072422
3005167,40.778138137889876
3005168,0.037956059776929583
3005169,0.02136361427456246
3005170,43.854751357365245
3005171,0.010977014633636949
3005172,0.013583139250796315
3005147,40.78390598017605
3005160,38.767024389316994
3005174,41.27567830068303
3005215,0.006729295655196684
3005177,0.0
3005178,0.035687225996494966
3005179,0.0
3005180,42.26715562686189
3005181,67.65479735445638
3005182,0.0
3005183,62.41358566504151
3005184,0.004229454759779949
3005185,62.459319182397635
3005186,62.45955275919611
3005187,53.22359465983087
3005200,43.64550480695513
3005188,51.12146949198419
3005190,83.66665956596044
3005191,0.007354221453996987
3005192,0.003139684976367617
3005193,40.82232361749018
3005194,40.85206776574457
3005195,0.0
3005196,45.79288217387094
3005197,0.0
3005198,0.0
3005199,44.32977170993097
3004897,43.39711875242791
3005189,0.007221646883743354
3005175,47.01926283027023
3005201,0.03223459703020521
3005203,46.95994873651333
3005204,0.0037282539879607895
3005205,0.006325556186370824
3005206,44.22742762204313
3005207,0.006728688118305817
3005208,49.79947119305774
3005209,0.0
3005210,28.048391178830748
3005211,0.01799385243092949
3005212,0.004923343734686147
3005213,0.0055828067077922355
3005214,61.52161964022416
3005202,45.87171369894896
3005216,57.16314036986626
3005217,0.011108146985869533
3005218,57.20306384800038
3005219,57.20329744777986
3005220,49.589789223292556
3005221,47.7286146398575
3005222,0.014091839960163798
3005223,74.3443481928988
3005224,0.014227927703798281
3005225,0.010025695533124103
3005226,0.003108291689148266
3005227,38.180988660862404
3005176,0.0
3004895,0.010840437622418654
3005229,41.9621544779383
3005231,0.0
3005232,0.02333429172560699
3005233,40.03565976722337
3005234,0.044705306046394076
3005235,0.02041921406835423
3005236,42.93580413751661
3005237,0.01005139640979099
3005238,0.01265279177091646
3005239,40.6536003587885
3005240,0.013056588374968446
3005241,0.007798921539666017
3005242,0.0
3005243,0.006181210620084604
3005244,0.016446458357902424
3005245,0.0049838938324763635
3005246,0.005643149489538096
3005247,60.77090426494257
3005248,0.00678959266198195
3005249,56.52366018562445
3005250,0.011167086291080366
3005251,59.18759079666613
3005252,59.18782483294471
3005253,50.977343189267955
3005254,48.97022687151893
3005255,0.014151182187691715
3005256,77.55683154560346
3005284,57.248935582619524
3005285,57.249169182399
3005259,39.24775731359932
3005260,0.002924826956664767
3005261,0.0022294899045722685
3005262,43.43723698372864
3005263,0.0
3005264,0.0
3005265,0.023391251898815565
3005266,41.27910120969662
3005267,0.03754907144382468
3005268,0.021098451772315115
3005269,44.613681939627824
3005270,0.01072166634613195
3005257,0.014287069622639901
3005272,42.66025245966091
3005273,41.92126358331814
3005274,47.08424272997815
3005275,0.0
3005276,28.58929842804034
3005277,0.015918395416786024
3005278,0.005841336289291154
3005279,0.0065019853016960154
3005280,61.575374446742714
3005281,0.0076502786865887806
3005282,57.20897014281548
3005283,0.012036995967726833
3005258,0.01008630353436448
3005230,0.0
3005286,49.621832680323806
3005327,0.003513070594077202
3005288,0.01502495533073541
3005289,74.42132115432459
3005290,0.015161043074369895
3005291,0.010949992210236683
3005292,0.004024068161686975
3005293,0.00377875407024296
3005294,0.003083713246212953
3005295,41.98930940042365
3005296,0.0006852003105881307
3005297,0.0
3005298,0.024284730627389027
3005299,40.058539367748274
3005300,0.045692481898454394
3005301,0.021362144647539716
3005302,42.965352782536144
3005303,0.010975569221001145
3005304,0.01358168731890249
3005305,40.67900528890325
3005306,0.013986272753175176
3005307,45.923685590279995
3005308,0.0
3005309,0.004297599537053903
3005310,0.01665040975666748
3005311,0.005824693485603634
3005312,0.006485467676623801
3005120,58.15080721340486
3005287,47.75727732143709
3005315,57.400080891929534
3005316,0.01247372237186445
3005317,57.44023364687123
3005318,57.44046727867712
3005319,49.75237600060095
3005320,47.872970978933466
3005321,0.015464287129628496
3005322,74.74922078891562
3005323,0.01560027674374409
3005324,0.011383749338584296
3005325,38.252876653000094
3005326,0.00420775776809862
3005313,61.80128091836297
3005328,42.09991965168937
3005329,0.0011119950452960327
3005330,0.0
3005331,0.024734618825400113
3005332,40.1502328532637
3005333,0.04715985503335322
3005334,0.021807190913351617
3005335,43.13408560955238
3005336,0.011409525346036864
3005337,0.01401843834298463
3005338,40.822864371140305
3004896,43.35595435423455
3005314,0.008082346562346333
3005271,0.013325299675404221
3006010,51.98938871628431
3005930,0.008755586380467032
3005786,0.01725284036750704
3005345,40.82114979886663
3005346,62.65633800428572
3005347,0.0076967672212246395
3005348,58.13131716815892
3005349,0.012082119285967906
3005350,57.931168858514575
3005351,57.9314028627113
3005352,50.099638641519896
3005353,48.18511074845349
3005354,0.015070392459346292
3005356,0.015206296691876583
3005368,43.405668408793645
3005357,0.010996732403402694
3005358,0.004071572409979025
3005359,38.50313833078169
3005360,0.0031311792867921326
3005361,42.39426668340957
3005362,0.0007334485625556756
3005363,0.0
3005364,0.024327720830028828
3005365,40.40034497442284
3005366,0.045728680635010496
3005355,75.56317540781019
3005397,0.024720985681354717
3005369,0.01102342095966054
3005371,41.058043383464266
3005372,40.393097781047274
3005373,0.008772244860456246
3005374,0.0
3005375,0.0
3005376,0.016636837227870047
3005377,0.005811238722211676
3005378,0.006472012066180248
3005379,60.28129060795065
3005380,0.008068870915539823
3005381,56.10400564301268
3005382,0.01246024015293808
3005367,0.021406609267396334
3005384,56.143199509866704
3005385,48.846162385232915
3005386,47.06235081601905
3005387,0.015450719674833567
3005388,72.5726499897201
3005389,0.015586726057500881
3005390,0.011370214458400012
3005391,0.004439845630929468
3005392,0.004194268440858124
3005393,0.0034995808450958344
3005394,41.33194045214211
3005395,0.0010985058410682448
3005370,0.013628671064922342
3005396,0.0
3005398,39.50316804554168
3005452,46.95451071544395
3005411,0.0068402374698447715
3005400,0.02179356123948565
3005401,42.250909829270554
3005402,0.011395897486373709
3005403,0.014004811414644049
3005404,40.063568034795374
3005405,0.014409861578881468
3005406,45.07690493979376
3005407,0.0
3005408,0.0
3005409,0.01685253617351229
3005399,0.04714624853345872
3005410,0.00598563308069564
3005424,38.28718029599424
3005413,0.007730305372780339
3005414,56.969761921379934
3005415,0.012595499871175414
3005416,57.0095080160912
3005417,57.00974161587068
3005418,49.45458109340974
3005419,47.60766966305086
3005420,0.015586024096554484
3005421,73.91433262893396
3005422,0.015722111840188967
3005412,61.26747497164506
3005383,56.14296591008723
3005425,38.3112548504376
3005451,48.72437670512901
3005439,46.2301812567839
3005428,0.0020578754891606658
3005429,0.0016406548434852951
3005430,0.028377984612436367
3005431,40.239766098094954
3005432,0.04216989582100269
3005433,0.02449038080722199
3005434,43.19156051569044
3005435,0.014041580925505635
3005436,0.016663374113660333
3005437,41.39255967122747
3005427,42.1373778284632
3005438,40.71199479085637
3005426,0.004120441512839549
3005441,0.0
3005442,0.016870744567399724
3005443,0.007494844114126922
3005444,40.3953238532376
3005445,60.0437794188153
3005446,0.009244183091087712
3005447,55.92534580440667
3005448,0.014123390108739831
3005449,55.9641408791317
3005450,55.96437456889854
3005440,0.001246495513001283
3005565,45.875318587864975
3005453,0.017120994970007575
3005455,0.017257035597598933
3005456,0.01286692371347505
3005457,0.0066881755036190225
3005458,37.72852270692038
3005459,0.005554385231651679
3005460,41.51761650178177
3005461,0.003144357422920042
3005462,0.0027252226849010268
3005463,0.029509512207984596
3005464,39.47243514358961
3005465,0.04088204561548101
3005466,40.92976143126118
3005467,42.220689504562465
3005468,0.014183636986559188
3005469,0.016806682803576743
3005470,40.038813582997804
3005471,0.017234957368553957
3005472,45.137586142408026
3005473,0.0012664356075619662
3005474,28.256345681429156
3005475,0.016825750404943773
3005476,0.006099341047798168
3005477,40.41157340723904
3005478,60.09797462069291
3005479,0.007844370036428945
3005480,55.971606327507864
3005508,0.017709738613031684
3005509,0.007147566789793881
3005483,56.01067049465486
3005484,48.75668222866365
3005485,46.98339540920564
3005486,0.015701698085612024
3005487,72.34332585403162
3005488,44.76123900450478
3005489,0.011620337710348263
3005490,37.64360367398496
3005491,37.666297308018166
3005492,0.004234042377845996
3005493,41.54876527200568
3005494,0.00183008609460319
3005481,0.012710645800333148
3005496,0.028139176740498616
3005497,39.497419334484114
3005498,0.04192536776581165
3005499,40.96547382695301
3005500,42.259608039188976
3005501,0.013197363088648793
3005502,0.015814843321960446
3005503,40.072255754296314
3005504,0.01622132120370475
3005505,44.55577520514816
3005506,0.00024212372092326473
3005507,28.205672935491275
3005482,56.01043689487538
3005564,0.032457339587730845
3005510,0.007809588631111866
3005551,51.112016672159974
3005512,0.00896027377532724
3005513,58.07624379745836
3005514,0.013356109746286265
3005515,57.876557872085755
3005516,57.87679196708947
3005517,50.06152631157189
3005518,48.15103055351525
3005519,0.016350297906073116
3005520,75.04902333845715
3005521,0.016486154593418893
3005522,0.012105553108079096
3005523,0.005933557075364967
3005524,38.49280629136121
3005525,0.004992630179811833
3005526,42.556160680088475
3005527,0.002586270952140753
3005528,0.0002605425349287841
3005529,40.61843073004615
3005530,40.38861008208574
3005531,0.04739011207257416
3005532,0.024059490548307225
3005533,43.463008046791195
3005534,0.013623958763561433
3005535,0.016242393602512065
3005536,41.107405970415066
3005454,71.87420902909555
3005511,62.5917525765015
3005539,28.8276990515006
3005540,0.0
3005541,0.033906987993956285
3005542,0.0
3005543,42.262030581085526
3005544,67.63724593233724
3005545,0.0
3005546,62.3985996268335
3005547,0.004096098680320758
3005548,62.444317885400565
3005549,62.44455146219904
3005550,53.213111871744935
3005537,40.44018490107913
3005552,0.007087671474772044
3005553,83.64128801444677
3005554,0.007220246045025677
3005555,0.0030069822196945196
3005556,40.815533456357365
3005557,40.8452623458227
3005558,0.0
3005559,45.78362962565317
3005560,0.0
3005561,0.0
3005562,0.023972715469013275
3005563,43.64855084272173
3005538,45.09230009405632
3005495,0.001413332972860276
3005344,0.005888099767435632
3005717,0.01586543484082464
3005568,0.006537539174191926
3005569,44.23072542782926
3005570,0.00694085271402897
3005571,49.689060502750124
3005572,0.0
3005573,28.049309328778868
3005574,0.016763644227732966
3005575,0.005937227124218713
3005576,40.457990643567165
3005577,60.291568599574745
3005579,56.11428363463677
3005591,0.003625055202917808
3005580,0.012586228554945117
3005581,56.15324390171132
3005582,56.1534775014908
3005583,48.85644037685701
3005584,47.07262880764314
3005585,0.015576708076840605
3005586,72.58293461868006
3005587,0.01571279582047509
3005588,0.011496530481246605
3005589,0.004565569374552089
3005590,37.71896206479307
3005674,0.0
3005578,0.00819485931754686
3005620,0.01583778582924651
3005592,41.504646390780096
3005596,39.51203343970872
3005597,0.048282452725557055
3005598,0.02394791893512116
3005599,42.320279845524425
3005600,0.01350991121939945
3005601,0.016128990533571717
3005602,40.124416971032154
3005603,0.016535733842249788
3005604,45.157633344186245
3005605,5.905084846337627e-05
3005607,0.016825750404943773
3005619,72.29516911575037
3005593,0.0012239801988902185
3005609,40.40145396906765
3005610,60.064374767177284
3005611,0.007844370036428945
3005612,55.94292361876763
3005613,0.012710645800333148
3005614,55.98172939060292
3005615,55.9819629903824
3005616,48.73662836513826
3005617,46.96545679531404
3005618,0.015701698085612024
3005594,0.0
3005608,0.006099341047798168
3005567,0.003939160366885636
3005621,0.011620337710348263
3005660,0.0027252226849010268
3005645,55.92534580440667
3005622,0.005366971984347421
3005623,0.00492886061578067
3005624,0.004234042377845996
3005625,41.415789693697576
3005626,0.00183008609460319
3005627,0.001413332972860276
3005629,39.483033157421126
3005630,0.04192536776581165
3005631,40.936331447192266
3005632,42.22782874994337
3005633,0.014242856497686383
3005628,0.028139176740498616
3005636,0.017273050748701967
3005637,44.51911405707687
3005644,0.009244183091087712
3005638,0.001273569060245355
3005639,28.202007965093326
3005640,0.016870744567399724
3005641,0.007494844114126922
3005642,40.3953238532376
3005643,60.0437794188153
3005635,40.04493393880559
3005941,0.011129815159800239
3005634,0.016865681591253755
3005595,0.02484672978446014
3005646,0.014123390108739831
3005648,55.96437456889854
3005649,48.72437670512901
3005650,46.95451071544395
3005651,0.017120994970007575
3005652,71.87420902909555
3005653,0.017257035597598933
3005654,0.01286692371347505
3005655,37.70569555848288
3005656,37.72852270692038
3005657,0.005554385231651679
3005658,41.51761650178177
3005659,0.003144357422920042
3005673,0.009860658021618675
3005661,0.029509512207984596
3005662,39.47243514358961
3005663,0.04088204561548101
3005664,40.92976143126118
3005665,42.220689504562465
3005666,0.014183636986559188
3005667,0.016806682803576743
3005668,40.038813582997804
3005669,0.017234957368553957
3005670,45.137586142408026
3005671,0.0012664356075619662
3005672,28.256345681429156
3005647,55.9641408791317
3005606,0.0
3005675,0.0
3005730,43.56743769828825
3005678,56.629071308586965
3005679,0.00561720599035514
3005680,56.66850459812245
3005681,56.66873819790193
3005682,49.21637232265779
3005683,47.39459211788484
3005684,0.008575681543296541
3005685,73.34359288284021
3005686,0.008711769286931025
3005687,0.004561674416628971
3005688,0.0
3005689,0.0
3005690,0.0
3005691,42.22344121347297
3005692,0.0
3005693,0.0
3005694,0.020837078764290883
3005695,40.05704972846605
3005696,0.033475712739614215
3005697,0.01702239192873345
3005698,42.95569206171095
3005699,0.006722149173539158
3005700,0.009306519026678083
3005701,41.1823679445429
3005702,40.5115162370844
3005731,45.09755750172438
3005676,60.86829169832963
3005705,0.0
3005706,0.013162538437633146
3005707,0.006221316915388069
3005708,41.66346681264946
3005709,65.62290262631026
3005710,0.008479972788954742
3005711,60.65943962239674
3005712,0.012872917380982202
3005713,60.438236000430614
3005714,60.43847005642909
3005715,51.847870996370496
3005716,49.74783818997401
3005703,0.004638717732610067
3005718,79.77655967102136
3005719,0.016001230580874173
3005720,0.011782896833823211
3005721,39.570705609431116
3005722,39.60230751525387
3005723,0.003909644850335335
3005724,44.205806981417254
3005725,41.97011198426445
3005726,0.0
3005727,41.98502706733377
3005728,41.64680697175477
3005729,0.04853479859983182
3005704,0.0
3005566,46.96375771173306
3005732,0.012481200700701363
3005773,0.011643781506526087
3005735,0.015500447070554077
3005736,46.133925561964126
3005737,29.060597207218418
3005738,28.989012267261753
3005739,0.013162538437633146
3005740,0.0033993371039729935
3005741,40.61719167379448
3005742,62.00290560177414
3005743,0.005646299524123438
3005744,57.572630464071544
3005745,0.010015040439420503
3005758,42.200897354137496
3005746,60.35061621893647
3005748,51.78666799344081
3005749,49.693091562166394
3005750,0.012994432770218887
3005751,79.51020987854089
3005752,0.013130228510268415
3005753,0.008939030709074028
3005754,39.76363678466305
3005755,39.79572601806149
3005756,0.001092816882572387
3005757,44.47106767782839
3005677,0.0008175572762695717
3005747,60.35085027493495
3005733,0.015094681834877617
3005759,0.0
3005761,41.86601378175233
3005762,0.04548628551518178
3005763,43.848702957077315
3005764,45.40428014271559
3005765,0.010241792729200012
3005766,0.012843819527031071
3005767,42.70952245544696
3005768,0.013247679276719868
3005769,46.73618805891237
3005770,29.036356713444004
3005771,28.96542456355692
3005772,0.020855153004628955
3005760,42.222882024914334
3005774,40.75992624747141
3005775,62.49698229360053
3005776,0.013924988465608246
3005777,57.99391501210626
3005778,0.01839174500141639
3005779,60.818109571278015
3005780,60.81834420349669
3005781,52.11346253540587
3005782,49.98549088623595
3005783,0.021387747315864528
3005784,80.29128267183535
3005785,0.02152357583294372
3005734,41.89047071289325
3005787,39.9722604222602
3005423,0.011505756162670746
3005789,0.009327419519888901
3005791,42.45046891280169
3005792,0.004547570000704156
3005793,42.48010029507448
3005794,42.10305684729584
3005795,0.05440013155178936
3005796,44.13099814746414
3005797,45.7121357419989
3005798,0.01857605470977235
3005799,40.80944771557068
3005800,42.9731066076106
3005802,47.06753836261432
3005814,50.300577250982045
3005803,29.07957262850454
3005804,29.007475088602806
3005805,0.020855153004628955
3005806,0.011643781506526087
3005807,39.96576445090159
3005808,59.74925776051948
3005809,0.013924988465608246
3005810,55.65093939565118
3005811,0.01839174500141639
3005812,58.22289663487665
3005813,58.223131267095326
3005790,44.757931652143135
3005801,0.021631814101055455
3005843,55.65093939565118
3005815,48.3638535418756
3005819,0.01725284036750704
3005820,0.010269416547137486
3005821,38.84152788594428
3005822,0.009327419519888901
3005823,45.15757078178181
3005824,41.885637179098076
3005825,0.004547570000704156
3005826,41.89796604824831
3005827,41.56656545325287
3005828,0.05440013155178936
3005830,45.01543469219421
3005842,0.013924988465608246
3005816,0.021387747315864528
3005832,0.021220820831875088
3005833,42.376569971258064
3005834,0.021631814101055455
3005835,45.61167822467487
3005836,29.050250957972313
3005837,28.978943060404564
3005838,0.020855153004628955
3005839,0.011643781506526087
3005840,39.96576445090159
3005841,59.74925776051948
3005817,75.94783403291933
3005831,0.01857605470977235
3005844,0.01839174500141639
3005898,0.012842511615835977
3005885,0.008937730817973779
3005846,57.2549611010797
3005847,49.62426575806212
3005848,47.75888833191466
3005849,0.021387747315864528
3005850,74.3274765194916
3005851,0.02152357583294372
3005852,0.01725284036750704
3005853,38.37893766835395
3005854,38.407529778034124
3005855,0.009327419519888901
3005856,44.488875331952705
3005857,41.337467089376396
3005858,0.004547570000704156
3005859,41.33300270748903
3005860,41.04589837714203
3005861,0.05440013155178936
3005862,42.87209464404617
3005863,44.33928341655945
3005864,0.01857605470977235
3005865,39.7898945310614
3005866,41.79762957971754
3005867,0.021631814101055455
3005868,44.90993986713092
3005869,28.952700088984276
3005870,28.884019087321068
3005818,0.02152357583294372
3005845,57.25472646886102
3005873,39.83586174480473
3005874,59.29958956603165
3005875,0.005644875588354682
3005876,55.267519227768084
3005877,0.010013745542679234
3005878,56.844825360357234
3005879,56.845059413318346
3005880,49.337700862292955
3005881,47.50247575700731
3005882,47.478450761879465
3005883,73.6427933406183
3005884,0.013128926943479923
3005871,0.013161104393149691
3005886,0.0020310983268931704
3005887,38.224194008336816
3005888,0.0010915214925007152
3005889,44.206356534741474
3005890,0.0
3005891,0.0
3005892,41.094322159800505
3005893,40.82593862357571
3005894,0.045484978039657745
3005895,42.61014343791001
3005896,44.053616209103915
3005897,0.010240484818004918
3005872,0.0033979154443646658
3005829,43.49212409350906
3005788,40.00487703755561
3005899,41.55304187251191
3005903,28.84396125330345
3005904,0.04413633288563815
3005905,0.002633004118889064
3005906,42.69459256183026
3005907,67.40603914477143
3005908,0.004414280826798548
3005909,62.21808062918468
3005910,0.009249313918649563
3005911,62.26352041485136
3005912,62.26375399164983
3005914,51.04086123041936
3005902,28.911532178062362
3005926,42.83061780902352
3005916,83.25564149177869
3005917,0.012376075319863499
3005918,0.008174945084315191
3005919,43.411783695881745
3005920,43.4468731886796
3005921,0.0008178344187129809
3005922,45.31254521061127
3005923,0.0
3005924,0.0
3005925,0.02875078166402375
3005954,0.006522264931431684
3005915,51.059012342461486
3005956,39.45740593080224
3005913,53.121627908275805
3005927,0.037244410779421644
3006233,2.0819441191727078e-05
3005932,42.115499532355805
3005933,0.011754158331324116
3005934,46.978270941723004
3005935,0.0
3005936,28.0272293182988
3005937,0.018421311907589243
3005938,0.009310001753436997
3005939,38.92238904121208
3005940,56.092564424348765
3005942,52.534388162388694
3005955,42.193535710674894
3005928,45.3102159071132
3005944,53.929069007890625
3005945,53.929303613041384
3005946,47.304223504398806
3005947,45.68467661414002
3005948,0.0185269107128517
3005949,68.75460472897798
3005950,0.018662834733559907
3005951,0.014420472419305915
3005952,37.46510518504039
3005953,37.49136651469127
3005929,46.00832567001937
3005943,0.01554457568524435
3006011,51.98962279092963
3005900,0.013246371752246518
3005986,36.29991362258836
3005959,39.260735305774965
3005960,0.04307041719446316
3005961,40.684038719970836
3005962,42.01815369860085
3005963,0.015736143616826688
3005964,0.018365815793962636
3005965,39.296199158658624
3005966,0.0187742960664913
3005967,41.876070452401486
3005968,28.942287099575275
3005970,0.020344205564517662
3005958,0.027848637958340645
3005982,66.43635694959487
3005972,38.48186129032263
3005973,54.56990046201669
3005974,0.011835776832218706
3005975,51.23599781926976
3005976,0.0162567414160629
3005977,52.54388277944301
3005978,52.54411733267048
3005979,46.33658444998005
3005980,44.81911027548054
3005981,44.798584358032834
3005901,44.61345982299484
3005971,0.010013637801926704
3005997,0.012413090283632392
3005969,28.874116313671344
3005983,0.01937826201197315
3005987,0.007223883553162421
3005988,41.23680109345357
3005989,0.004806609707997131
3005990,0.002466984978201809
3005991,0.021725284266125848
3005992,38.37244653591132
3005993,0.04402908946510376
3005994,39.64879566803738
3005995,40.823448643254295
3005996,0.009813826719880217
3005998,39.28260732556204
3005957,0.0017731317375229622
3005984,0.015128960109868306
3006000,42.06047183471334
3006001,0.0038056894757053433
3006002,28.768290509398337
3006003,0.013690350622778447
3006004,0.00345256849791387
3006005,38.29323629692226
3006006,53.96221011380513
3006007,0.005699732237696413
3006008,50.7163241125911
3006009,0.010068994549688024
3005985,0.008165487272854106
3005999,0.01281649381126343
3006012,45.94595690500434
3005931,0.011351292757645463
3006165,49.88361876581968
3006026,0.045543389281693325
3006015,65.51648272991147
3006016,0.01318443591052253
3006017,0.008992790100411768
3006018,36.025032251855556
3006019,36.04767724849862
3006020,0.0011461141794265586
3006021,40.85280827792149
3006022,0.0
3006023,0.0
3006024,0.022270611790505927
3006122,0.0
3006025,38.21477021902439
3006039,54.9027086027678
3006028,40.79326504774646
3006029,0.010295715909802746
3006030,0.012897978332245182
3006031,39.2547764274121
3006032,0.013301874823338205
3006033,41.827699629387354
3006034,0.0
3006035,28.726082819328763
3006036,0.0075365073522755755
3006037,0.0
3006027,39.6204059572476
3006038,0.0
3006040,0.0
3006066,42.1270464435142
3006054,40.575973133712985
3006043,51.5715122012497
3006044,51.571746490581596
3006045,45.65306057749566
3006046,44.206196449382865
3006047,0.00340623158092401
3006048,64.81852899393506
3006049,0.003542210912764869
3006050,0.0
3006051,0.0
3006052,0.0
3006042,0.0004924460581796573
3006053,0.0
3006041,51.535974450722044
3006056,0.0
3006057,0.015891772624981794
3006058,38.04520940153309
3006059,0.02933910796670691
3006060,39.378197677681186
3006061,40.52944957111026
3006062,0.0018708383668849587
3006063,0.004431181610997987
3006064,39.01929953179075
3006065,0.004828146134076032
3006055,0.0
3006123,44.0061367487234
3006067,0.0
3006069,0.018942655736188772
3006094,38.22435007340723
3006071,0.0052320665491416415
3006072,50.577850594929004
3006073,0.0063778548855771364
3006074,47.83138045743346
3006075,0.010753592331836273
3006076,47.86274727773662
3006077,47.86298094784293
3006078,43.06516657864127
3006079,41.89230738674674
3006080,0.013735714503550479
3006095,0.010591740411721258
3006081,58.67270627585626
3006083,0.009673143377546668
3006084,34.05270115037753
3006085,0.002514475486522053
3006086,0.0018191849715971547
3006087,38.37763877624491
3006088,0.0
3006089,0.0
3006090,0.022971130950370146
3006091,36.262901480126864
3006092,0.03806697490811368
3006013,44.46854086649115
3006082,0.013871765425102052
3006068,28.130853564507245
3006096,0.013195986551247625
3006121,0.0
3006109,61.90996550372061
3006098,0.013600267031015858
3006099,39.26045758732959
3006100,0.0
3006101,0.0
3006102,0.03180437682489464
3006103,0.0
3006104,42.155356981316324
3006105,66.99142880582508
3006106,0.0
3006107,61.86409349796273
3006097,36.60302067572362
3006108,0.0
3006070,0.00457309253102556
3006111,52.874908027744475
3006112,50.81845432291049
3006113,0.00019061468938065537
3006114,82.52934070646981
3006115,0.00032664287191194004
3006116,0.0
3006117,40.5854658866034
3006118,40.614490964423226
3006119,0.0
3006120,45.43434177922823
3006110,61.910199699497404
3006124,43.361433276852395
3006093,0.02097087592464796
3006205,0.00780080958121487
3006126,45.53705949786868
3006127,46.600975849265225
3006128,0.0
3006129,0.00027611891647933974
3006130,43.92951469313209
3006131,0.0006696057985353741
3006132,48.766599258748194
3006133,0.0
3006134,28.106124291997986
3006135,0.03852587433280078
3006136,0.0027050088580841724
3006138,67.75127687670502
3006150,40.9132924086503
3006139,0.004486516999653448
3006140,62.51284419424816
3006141,0.00932223554491938
3006142,62.558562452815224
3006143,62.558796029613696
3006144,53.32772837214299
3006145,51.22671900324651
3006146,51.24503605461969
3006147,83.75474503792127
3006148,0.012449337810195625
3006179,0.012313319395018993
3006151,40.943020344441315
3006153,45.880990416299746
3006177,53.32772837214299
3006125,0.02498016432009207
3006154,0.0
3006155,0.0
3006156,0.028826449760566107
3006157,43.736463451113366
3006158,0.03732113313311847
3006159,45.95837111951554
3006160,47.04602823044417
3006161,0.008828225350335454
3006162,41.972843263403156
3006163,44.31495670093491
3006149,0.008247509548377644
3006164,0.01182723269449617
3006152,0.0008897783891100956
3006167,28.143648395218356
3006168,0.04136292503894893
3006169,0.0027050088580841724
3006170,42.37709149371503
3006171,67.75127687670502
3006172,0.004486516999653448
3006173,62.51284419424816
3006174,0.00932223554491938
3006175,62.558562452815224
3006176,62.558796029613696
3006166,0.0
3006178,51.22671900324651
3006137,42.37709149371503
3006014,44.449396869725895
3006181,0.012449337810195625
3006193,47.04602823044417
3006182,0.008247509548377644
3006183,0.0020202986084139857
3006184,40.943020344441315
3006185,0.0008897783891100956
3006186,45.880990416299746
3006187,0.0
3006188,0.0
3006189,44.416841620737735
3006191,0.03732113313311847
3006207,0.012187988884670934
3006192,45.95837111951554
3006206,64.24942235632054
3006195,0.011424304722205018
3006196,44.31495670093491
3006197,0.01182723269449617
3006198,49.88361876581968
3006199,0.0
3006200,28.143648395218356
3006201,0.04570932802362016
3006202,0.005498157629434293
3006203,42.9683696160207
3006180,83.75474503792127
3006194,0.008828225350335454
3006209,63.99966246577027
3006190,43.736463451113366
3006204,69.81982659667932
3005343,0.0164328620351309
3006210,54.33551794977906
3006211,52.13593298884156
3006212,0.015192460592871434
3006213,86.1890666071682
3006214,0.01532826211066777
3006215,0.011101285258768297
3006216,41.248045526564006
3006217,41.28388460737455
3006218,0.0032344864638316068
3006219,46.34312117728876
3006220,0.0008357522867944492
3006221,0.0
3006208,63.999428420806765
3006222,44.761993385306994
3006231,48.59374525442119
3006230,43.299721213969946
3006229,44.10592505613303
3006228,0.01368670171494727
3006232,28.840190252578694
3006226,47.54007025173127
3006225,46.42624454093055
3006224,0.04679537819090544
3006223,44.073759349144304
3006227,0.011080363824918317
3006243,52.713818762580544
3006235,0.0
3006236,42.03486249886258
3006237,66.84397745981033
3006238,0.0
3006239,61.69904316011963
3006240,0.0
3006234,0.025108331283047253
3006241,61.74420678228487
3006242,61.744431708137185
3006244,0.0
3006250,0.0
3006258,0.0032702208136342983
3006247,0.0
3006248,0.0
3006249,40.4758181228515
3006251,0.0
3006252,45.35833857438627
3006253,0.0
3006254,0.0
3006255,0.006547119802251326
3006256,42.71839593902379
3006245,0.0
3006246,82.35291753173175
3006287,0.006353605688852333
3006262,0.0
3006261,41.38032883706656
3006257,0.019791356848172303
3006263,0.0
3006264,48.39089349897488
3006265,0.0
3006266,0.0
3006267,0.057662211552642555
3006268,0.011765138192810292
3006269,0.012433858565372338
3006270,68.66228055008364
3006271,0.013818329827613487
3006272,63.23780337632584
3006259,46.382837000518705
3006274,63.28410277925268
3006275,63.28432486804285
3006276,53.82316993029871
3006277,51.6697790458993
3006278,51.63814037530616
3006279,84.8744142340788
3006280,0.021409431075950208
3006281,0.01734486626244717
3006282,41.197581334716624
3006283,41.23338799060041
3006284,0.010387042348784646
3006285,46.31569548449513
3006260,0.0
3006286,0.008510684697822153
3006312,80.81470406282394
3006342,50.383908749121694
3006301,0.016405104979668073
3006290,0.05096812804338107
3006291,0.026640422984526412
3006292,47.40286626395883
3006293,0.015265291159449114
3006294,0.015928493415413393
3006295,0.016336502275062444
3006296,0.016336502275062444
3006297,49.470289724157446
3006298,28.07349864162744
3006299,0.0
3006289,43.54711227247936
3006300,0.03317072181024521
3006314,0.021583901861066002
3006303,66.07096082056142
3006304,0.018018579221617953
3006305,61.028248752905604
3006306,0.022496792377505244
3006307,60.80361787327695
3006308,60.803839780992725
3006309,52.089423277086475
3006310,50.10599241465972
3006311,50.12329227982661
3006374,58.3610587125006
3006302,41.88081181938297
3006288,0.029463773957127983
3006315,39.83888083500914
3006341,58.3610587125006
3006329,0.019955094100253142
3006318,44.46191872723029
3006319,0.01270312963003834
3006320,0.010524036320919592
3006321,0.03384862668993135
3006322,41.96694576502519
3006323,0.04711276020754452
3006324,0.030327768645956647
3006325,45.383662720009085
3006326,0.01887655814851668
3006327,0.019544202813161875
3006317,0.014594510946265566
3006328,0.019955094100253142
3006316,39.871260939074084
3006331,28.51749247291201
3006332,28.231339042616526
3006333,0.030331534355798575
3006334,0.00925611129598284
3006335,0.009921741247587596
3006336,62.89287253492365
3006337,0.010485832016890491
3006338,58.31918939141684
3006339,0.014901741950162082
3006340,58.36083690179619
3006330,46.15662097626131
3006273,0.018261701119660446
3006430,27.844806830713893
3006343,48.56828832675841
3006346,0.018033911370461765
3006347,0.01399890312459622
3006348,38.97394826357859
3006349,39.00413777773875
3006350,0.007066083379338645
3006351,43.280653160385114
3006352,0.005201575831340954
3006353,0.003062070044980879
3006354,41.732624642343445
3006355,41.03826776232154
3006356,0.050491361960765715
3006357,0.027255984387968557
3006358,44.2676905027586
3006359,0.015865594835671744
3006360,0.0165296892986625
3006361,0.01695912736581588
3006362,0.01695912736581588
3006363,46.803770272331406
3006364,27.81560202461339
3006365,27.55826195659466
3006366,0.030331534355798575
3006367,0.00925611129598284
3006368,40.959229269154534
3006369,62.89287253492365
3006370,0.010485832016890491
3006398,27.55826195659466
3006399,0.016624123256812135
3006373,58.36083690179619
3006313,0.02568610742134011
3006375,50.383908749121694
3006376,48.56828832675841
3006377,48.541637169301126
3006378,76.1342445499658
3006379,0.018033911370461765
3006380,0.01399890312459622
3006381,0.0077924431376379145
3006382,39.00413777773875
3006383,0.007066083379338645
3006384,43.10738579588316
3006371,58.31918939141684
3006386,0.003062070044980879
3006387,0.025997580355263
3006388,41.03826776232154
3006389,0.050491361960765715
3006390,0.027255984387968557
3006391,44.2676905027586
3006392,0.015865594835671744
3006393,0.0165296892986625
3006394,0.01695912736581588
3006395,0.01695912736581588
3006396,46.803770272331406
3006397,27.81560202461339
3006372,0.014901741950162082
3006677,0.012367043572583293
3006400,0.003144340152803412
3006441,50.9208720721237
3006403,0.004805419057348307
3006404,59.3266035832254
3006405,0.009173079792253576
3006406,59.3684400030577
3006407,59.36866118399123
3006408,51.0875199028633
3006409,49.20270850149611
3006410,49.219192712016024
3006411,77.93435112630962
3006412,0.012300494956769084
3006414,0.0021548211299302167
3006402,64.07454013932492
3006426,0.010197758387805175
3006416,0.0014277414966502296
3006417,43.764444570536355
3006418,0.0
3006419,0.0
3006420,0.020117024336822772
3006421,0.03934755501937915
3006422,0.04439703608691717
3006423,0.02079342146106199
3006424,45.47562752730362
3006425,0.009541779469729613
3006345,76.1342445499658
3006415,0.0019101103026839083
3006344,48.541637169301126
3006413,0.006747360731591025
3006427,0.010621840525273353
3006431,27.585831926498262
3006432,0.02939962881726837
3006433,41.211485252346804
3006434,0.011091988899872679
3006435,63.79458150252447
3006436,0.01202047823689261
3006437,59.08793134219596
3006438,0.01644938687181123
3006439,59.129502998063636
3006440,59.129724840068036
3006442,49.05251346006315
3006401,41.296756902706186
3006428,0.010621840525273353
3006444,77.86476936620811
3006445,0.019573454052258916
3006446,0.015539745480208844
3006447,39.32147626763757
3006448,39.35254411584314
3006449,0.008595232662865744
3006450,43.57669517798227
3006451,0.006725090777701998
3006452,0.004576882852532926
3006453,41.56478055728468
3006429,48.07994758136561
3006443,49.02508412727303
3006454,40.99426333962987
3006647,0.005364975778725723
3006456,0.0277778992790084
3006458,0.016376947075837124
3006459,0.01704166179966258
3006460,0.017450687953696756
3006461,0.017450687953696756
3006462,47.353086620215045
3006463,27.901647987131334
3006464,27.647216148940483
3006465,0.020364023274502617
3006466,0.006358381285651917
3006467,0.007020152389246273
3006468,66.30355039600826
3006470,61.22692598037618
3006482,0.005000003292885493
3006471,0.01278738990660275
3006472,61.2697112133108
3006473,61.269932671540545
3006474,52.415766640656756
3006475,50.25130169009523
3006476,50.268727415470224
3006477,81.20066670310023
3006478,0.015916427464708848
3006479,0.011916460267316208
3006480,0.005726642345668982
3006469,0.008390107164611117
3006565,0.01204897819654608
3006483,44.41444085121099
3006485,0.0010177482272364215
3006486,0.01967175196024395
3006487,41.23395032229846
3006488,0.04517770390458538
3006489,0.020480776466203214
3006490,45.12727702943112
3006491,0.009237871085901708
3006492,0.009893335913916081
3006493,0.010296245530457888
3006494,0.010296245530457888
3006495,0.007114516481147341
3006496,0.0
3006481,0.005480257698925446
3006498,0.019846035361670226
3006499,0.003480375691093678
3006500,41.950463530477066
3006501,66.61318539627504
3006502,0.005500479763127223
3006503,61.490910447248694
3006504,0.0098728102348438
3006505,61.53469596467748
3006506,61.534918053467656
3006507,52.60111068042078
3006508,50.41717932971277
3006509,50.387554819275884
3006484,0.0031436365938126935
3006510,81.51936128608075
3006511,0.012966717196901381
3006512,0.008993440622162154
3006537,0.019569549551715238
3006514,40.33347611010725
3006515,0.0020993289514903636
3006516,44.8979632457256
3006517,0.00025379877623957404
3006518,0.0
3006519,42.764020066220176
3006520,42.01922206709606
3006521,0.042058679062095976
3006522,0.018122325062320487
3006523,46.08302487907113
3006538,62.87538777011969
3006524,0.0069303964948635235
3006526,43.55933599772348
3006527,0.007983813761366252
3006528,0.004799575003882402
3006529,27.955422078745972
3006530,27.698234956245734
3006531,0.032390029266459786
3006532,0.01273180182621529
3006533,41.44418265578491
3006534,64.681168684288
3006535,0.015125737080237284
3006678,43.407447041933715
3006525,0.0075828792279939786
3006497,0.0
3006539,62.875610393035906
3006564,0.0316445706634911
3006552,43.524462372818405
3006541,51.28668979977419
3006542,51.25580301548456
3006543,83.70620096183734
3006544,0.022704000331275204
3006545,0.018656086014482244
3006546,0.012418246032178476
3006547,40.96971353827204
3006548,0.01169026061127312
3006549,45.72983435252539
3006550,0.009813834791071795
3006540,53.563177150238054
3006551,0.007658522170691475
3006513,40.299937291747874
3006554,0.05227948798529314
3006555,0.027949687364502176
3006556,46.98130007920396
3006557,0.016573612866824464
3006558,0.017236861688917474
3006559,44.350654528782485
3006560,0.017644836341970324
3006561,48.23701322490241
3006562,28.593825530670248
3006563,28.24702071790768
3006553,42.7254912387114
3006566,41.19312457097338
3006567,63.95057746046076
3006568,0.013285398852055515
3006580,39.3128507370283
3006569,59.22086938409262
3006570,0.017725215835817487
3006571,59.26258174432549
3006572,59.2628035550299
3006573,51.01382017185119
3006574,48.9973006253424
3006575,48.96995900768003
3006576,77.27219163248533
3006577,0.020855140768712345
3006578,0.01664881852921401
3006622,46.37949433138782
3006579,39.28188397830027
3006593,0.01807788233386302
3006582,43.52323929624937
3006583,0.007980626095848486
3006584,0.005824880372093553
3006585,0.024692559009647612
3006586,40.90360036577613
3006587,0.05067520503699481
3006588,0.028396902970646398
3006589,44.66408141767559
3006590,0.016981967480573016
3006591,0.017647499905618983
3006581,0.009855508111666106
3006592,0.01807788233386302
3006594,47.34153386791246
3006620,0.018512979935590593
3006608,0.0
3006597,0.02726944164682983
3006598,0.0
3006599,42.03137489617463
3006600,66.84048672321529
3006601,0.0
3006602,61.69555437977976
3006603,0.0
3006604,61.74050528722319
3006605,61.74072737601337
3006606,52.71011443045673
3006596,27.60790440025158
3006607,0.0
3006595,27.858033617554675
3006610,0.0
3006611,0.0
3006612,40.472487997823826
3006613,40.50155312996494
3006614,0.0
3006615,45.35500583363952
3006616,0.0
3006617,0.0
3006618,43.69035471674962
3006619,42.71504999144512
3006609,82.34921870285596
3006455,0.05216072661060619
3006621,0.0019933101163132276
3006457,44.74546452778654
3006636,0.013153801449228406
3006625,0.0
3006626,0.0
3006627,48.38798919377208
3006628,0.0
3006629,0.0
3006630,0.02176629650358711
3006631,0.006723372473229521
3006632,42.2733821876473
3006633,67.71421878800788
3006634,0.00875553116050096
3006624,0.0
3006635,62.43033583717335
3006649,0.00350828483141906
3006638,62.193525284449926
3006639,53.06256100527512
3006640,50.83043095461594
3006641,50.84837168892346
3006642,82.74659475714256
3006643,0.016284403270501173
3006644,0.012283334935616782
3006645,40.350353099610906
3006646,0.005845285614332774
3006648,44.96443599818844
3006637,62.19330337673415
3006623,0.0
3006650,0.0013834664408118227
3006676,0.01636885157991383
3006664,0.006806423282756955
3006653,0.04555290000693843
3006654,0.02085067563389959
3006655,46.13152810912949
3006656,0.009605388008287708
3006657,0.010260988809397976
3006658,42.59092280393825
3006659,0.01066392567037945
3006660,47.02026575287644
3006661,28.493805267169826
3006662,28.202662532759348
3006652,42.07545791957814
3006663,0.02185119913132999
3006651,0.020042403654846403
3006666,68.08254758619532
3006667,0.008838901598780797
3006668,62.74434524897694
3006669,0.01323785787053049
3006670,62.504711650655764
3006671,62.504933565127224
3006672,53.28009721563992
3006673,51.02501985357937
3006674,51.043136093000896
3006675,83.26907978521143
3006665,42.380165797079044
3007124,27.926959968654916
3006536,59.85631005397448
3006981,44.089659701608014
3006691,0.010747566990684982
3006900,0.012554473038001647
3006681,45.14940718216947
3006682,0.003591070699342273
3006683,0.0014658116400336045
3006684,0.020128311922202775
3006685,41.83200334621403
3006686,0.04564202409316899
3006687,0.02093591630933102
3006688,45.90904773285827
3006689,0.00968885794021084
3006690,0.01034456211812689
3006692,0.010747566990684982
3006704,58.550146161154686
3006693,45.89302141497677
3006694,0.0
3006695,28.007900136010555
3006696,0.01903655700835759
3006697,0.0035840185196891836
3006698,0.0042420615350470935
3006699,63.11479404943143
3006700,0.005604221589042954
3006701,58.50960134301254
3006733,0.0018122115267530303
3006705,50.51825338466543
3006707,48.57069817374149
3006731,41.49009631962229
3006719,0.04521028907359492
3006708,76.63189967736851
3006709,0.01309252057578224
3006710,0.009119192510262449
3006711,38.996289545846096
3006712,39.026518160653225
3006713,0.0022242309252131906
3006714,43.13506887807852
3006715,0.00037860794202550815
3006716,0.0
3006717,0.01679467727773171
3006702,0.009976753701467809
3006718,40.62459068573148
3006706,48.55480199916738
3006721,44.239928616083596
3006722,0.009275628737799205
3006723,0.009931000433556117
3006724,0.01033384133215693
3006725,0.01033384133215693
3006726,47.3060090426491
3006727,27.894540906560515
3006728,27.632931888208454
3006729,0.01545855647977432
3006730,0.0003123257629142523
3006720,0.02051690942380634
3006703,58.54992466970403
3006732,64.9606114815967
3006734,60.109451082355996
3006735,0.006625959029573825
3006747,44.122654301888495
3006736,60.15117747917372
3006737,60.151398721562465
3006738,51.63673311792477
3006739,0.0092619047416531
3006740,0.009590142017834319
3006741,79.31882993498549
3006742,0.009726266531591858
3006743,0.005782434362187709
3006744,0.0003127016967713229
3006761,0.0
3006745,40.49674789583632
3006748,0.0
3006760,0.0
3006749,0.0
3006750,0.014244331480231083
3006751,41.36504455298405
3006752,0.023811868278064065
3006753,0.014441138833075906
3006754,45.205613212166696
3006755,0.0033281447721616847
3006756,0.0046616063808993915
3006757,0.005060109063726861
3006746,0.0
3006789,0.02016708594864809
3006763,0.0069326184334181475
3006786,0.03024838186597823
3006788,0.01879231413012945
3006775,0.023943649282553128
3006764,40.921740276210954
3006765,61.83397205453469
3006766,0.008366497028063146
3006767,57.8133453730727
3006768,0.02077730985249609
3006769,57.85305831409052
3006770,57.85327993772748
3006771,50.02563749693158
3006772,0.02347908644580386
3006787,43.33123995702293
3006773,0.023807889345395166
3006776,0.019870316057895084
3006762,0.01995225423759422
3006777,38.5407127160079
3006778,38.56544339838095
3006779,0.013389053887596963
3006780,42.519713097624226
3006781,0.011501256710299905
3006782,0.009058027318241756
3006783,0.02887732413962227
3006784,39.96479087836899
3006785,0.04716877521408305
3006774,75.47579829344772
3006680,0.005448059192922035
3006679,43.448823155825316
3006870,50.60433061276229
3006801,0.007998608669885433
3006844,0.0075497634168742705
3006791,0.020578822164341044
3006792,46.346227237291295
3006793,0.0035079889760017196
3006794,0.0025582314974166567
3006795,0.014394620668427529
3006796,0.002844023026924208
3006797,41.617183716551644
3006798,64.25617702909136
3006799,0.003160733592115123
3006816,0.015828954710220854
3006800,59.493429781933514
3006815,0.0
3006803,59.5349287720848
3006805,0.010646510799326332
3006806,0.010974933599853146
3006807,78.35337162822546
3006808,0.011110182163285468
3006809,0.007140588564914051
3006810,0.0016601252298806624
3006811,41.95645420911865
3006812,0.0007439030091460631
3006813,43.506728174160806
3006802,59.534707404646724
3006814,0.0
3006804,51.17539164745101
3006817,40.37917095990849
3006824,0.0068066942320592055
3006828,0.02330283518898961
3006827,0.0
3006826,0.0
3006825,45.493478034128735
3006819,0.01624062283760449
3006823,0.0068066942320592055
3006822,0.006405800259907125
3006821,0.0050647767775248275
3006820,44.42632137074867
3006830,40.97002477792302
3006818,0.03372471776119
3006829,0.007978738233810446
3006831,63.16877056064251
3006832,0.009501307253444094
3006833,58.58044080553844
3006834,0.014387432043452868
3006835,58.620822356445316
3006836,58.62104372919791
3006837,50.567731427562165
3006838,0.017058934714056007
3006839,0.017387365399253566
3006840,76.6387788036585
3006841,0.017523417983382923
3006842,0.013509726488242729
3006758,0.005060109063726861
3006843,0.00799052672647224
3006845,0.007070550475270063
3006858,47.24967997992264
3006847,0.005206686810131292
3006848,0.002803382404082913
3006849,0.022191759225027082
3006850,40.587282043931154
3006851,0.04024718862756516
3006852,0.024173450462817617
3006853,44.16187528052195
3006854,0.012853387007833544
3006855,40.124004873417455
3006856,0.014618257321631477
3006846,43.15299737455615
3006857,0.014618257321631477
3006790,0.020578822164341044
3006860,0.0
3006861,0.020439809494417156
3006862,0.007411116546272036
3006863,41.21049724473997
3006864,62.78992242267049
3006865,0.02460894907440829
3006866,58.64101892448082
3006867,0.03741418561247114
3006868,58.68149013505478
3006869,58.68171174679549
3006859,0.0
3006871,0.040192362641217075
3006872,0.04052114789141975
3006898,0.00768557611937276
3006886,43.86655183677121
3006875,0.036432825585660564
3006876,0.0307662785640389
3006877,38.93398541916148
3006878,0.02984101165156447
3006879,43.016163814071724
3006880,0.027892002569502524
3006881,0.025344373131523722
3006882,0.04591839930500238
3006883,40.37683944324623
3006884,0.06463336077004703
3006874,0.04065691439245972
3006885,0.0471768074858645
3006873,76.86579357507006
3006888,39.422474345010954
3006889,0.03720101033002879
3006890,0.03720101033002879
3006891,46.98158871339794
3006892,0.01978515722065937
3006893,0.019456613319762048
3006894,0.02145028125903979
3006895,0.006168407755098619
3006896,40.93769519322312
3006897,63.057394729957984
3006887,0.035356542634652016
3007122,46.174987919488004
3006759,46.79043499410959
3007010,0.0029630736291976953
3006914,0.0010090643014626169
3006903,50.501283415913115
3006904,48.53960586464358
3006905,48.513803086391576
3006906,76.47957261827838
3006907,0.01568204134948818
3006908,0.01168496379278751
3006909,0.006177492501246581
3006910,38.997029884167596
3006911,0.0052579730593236475
3006912,43.095393345651466
3006913,0.0034008591179037553
3006915,0.020314728368557248
3006927,0.020077172782639416
3006916,40.539136575080455
3006917,0.03832418723079415
3006918,0.022307273040970636
3006919,44.099232069845606
3006920,0.011027380693550883
3006921,0.012380937915142356
3006922,0.012785859859155053
3006923,0.012785859859155053
3006924,47.17560994093621
3007011,42.19219605713828
3006928,0.00482658193831829
3006930,62.974888550148414
3006954,0.011023902203734694
3006942,38.93980370313732
3006931,0.0063397493408118835
3006932,58.415012619823145
3006933,0.011195887605829825
3006934,58.455239896531054
3006935,58.45546127235843
3006936,50.45206619179202
3006937,48.495580443501005
3006938,48.46984823714841
3006939,76.36163362291705
3006940,0.014317216987389006
3006925,0.0
3006941,0.010332445927189309
3006929,0.00567973054583782
3006944,0.003914482969102481
3006945,43.05272786408408
3006946,0.002062364176311539
3006947,0.0
3006948,0.01892348331633881
3006949,40.503475831367076
3006950,0.03689890233847352
3006951,0.02092406902786143
3006952,44.052831999655176
3006953,0.009673926848765193
3006943,38.965355499096795
3006926,27.59657401763742
3006955,0.011427674895690316
3006956,0.011427674895690316
3006983,0.030601287509493837
3006982,43.07877078509967
3006959,27.59245795928781
3006960,0.03870335714860188
3006961,0.0
3006962,42.24907419121322
3006963,67.58457028984304
3006964,0.00035026103813037563
3006965,62.33047852801955
3006966,0.0052007220853008875
3006967,62.37529890194538
3006984,0.013082309022832864
3006968,62.37552036017512
3006970,0.00786996897164741
3006971,0.008198526471547498
3006972,83.5511807055688
3006973,0.008331027909193989
3006974,0.004326018994743897
3006975,40.79462873607058
3006976,40.824385282091086
3006977,0.0
3006978,45.794556254066315
3006979,0.0
3006980,0.0
3006969,53.153298985663405
3006902,58.52591873085452
3006985,46.81490363201636
3007008,0.0036901729796406132
3006957,47.120748872210626
3006997,0.006345984545448934
3006986,0.0018840894309839816
3006987,0.003227807229574642
3006988,0.003629575975962544
3006989,0.003629575975962544
3006990,49.49669555716537
3006991,0.0
3006992,0.0
3006993,0.019224351387838276
3006994,0.004768377071372547
3007009,0.003444806268471132
3006995,0.005428015008677185
3006998,57.48568942341201
3006958,0.0
3006999,0.010725272613747706
3007000,57.52506602262969
3007001,57.52528739845706
3007002,49.802295455097685
3007003,47.914356001972685
3007004,47.92967756759275
3007005,74.91247209337604
3007006,0.013844442258256354
3007007,0.009863933861480672
3006996,61.913773285255836
3007012,0.001114492465206431
3007014,0.01756034557942227
3007093,0.0038067931815184207
3007013,0.0
3007026,0.025381026768313386
3007015,39.791659997321666
3007016,0.043267900776593406
3007017,0.01961025785978682
3007018,43.106378905172754
3007019,0.008388378526862441
3007020,0.009042614940400897
3007021,0.009444707526431912
3007022,0.009444707526431912
3007023,0.00557281885820829
3007040,0.017283196004237493
3007024,0.0
3007027,0.012397219385481386
3007039,0.02132983872037147
3007028,0.013066485171587702
3007029,61.570676795637816
3007030,0.013735297251446543
3007031,57.1928493095063
3007032,0.018176172948479643
3007033,59.933014920176625
3007034,59.9332368072585
3007035,51.483632772834675
3007036,49.418067663581745
3007025,27.63421661578958
3007037,49.39084992296235
3007042,39.616648088445984
3007065,0.01118065582512199
3006901,58.52569735502715
3007054,0.01749284039351561
3007043,0.010326660164281683
3007044,43.93076987785961
3007045,0.00845147818785859
3007046,0.006297654707769066
3007047,0.025176932818219335
3007048,41.24527425020342
3007049,0.043865371991253545
3007050,0.027814101085412872
3007051,45.071446273631615
3007066,57.54787028288359
3007052,0.016419849734104878
3007055,0.01749284039351561
3007041,39.58492697333368
3007056,47.43885862789356
3007057,0.0016331017874532047
3007058,28.233436966726995
3007059,0.01692976069114581
3007060,0.0054769193698981184
3007061,0.006137472797293604
3007062,61.94052957187693
3007063,0.006797512547025596
3007064,57.50847270283096
3007053,0.017084163989223248
3006899,58.48540332111709
3007038,78.83653741718707
3007068,0.013837433879544416
3007095,62.070270147389394
3007094,0.004465143922527023
3007071,74.95077546862018
3007072,0.014301920014100947
3007073,0.010317283995674569
3007074,0.004140007371115337
3007075,0.003894421799140821
3007076,0.0034129657626720453
3007077,42.20574204712852
3007078,0.001562711477675484
3007079,0.0
3007096,0.005536353700501023
3007080,0.018025895108021054
3007082,0.04375176010700913
3007083,0.020073153119047952
3007084,43.121101729269434
3007085,0.008841314222510634
3007086,0.009496132712658225
3007087,0.009898609934912556
3007088,0.009898609934912556
3007089,45.95487629835809
3007090,0.0
3007091,0.0
3007092,0.015961161612422614
3007081,39.80298774085194
3007067,57.548091658710966
3007097,57.61907488719144
3007120,0.010683276364393207
3007069,47.92860580360843
3007109,0.0028840644865749283
3007098,0.009908437024505293
3007099,57.65858118069537
3007100,57.65880263604382
3007101,49.895592339412964
3007102,47.99782241143445
3007103,48.01321870547867
3007104,75.13646826419725
3007105,0.013023876345627674
3007106,0.00905104703767325
3007121,0.010683276364393207
3007107,0.0028837437448269894
3007110,42.29359473474438
3007070,47.94393881332029
3007111,0.0010359218951349082
3007112,0.0
3007113,0.017103413718967165
3007114,39.90961016296703
3007115,0.04558138307887002
3007116,0.020872665781510237
3007117,43.30788563740869
3007118,0.009624397832122598
3007119,0.010280176515844617
3007108,38.40182948160373
3007123,0.0
3006385,0.005201575831340954
3007125,0.01660547553165953
3007137,76.03640202066262
3007570,40.11134708296641
3007127,0.005353015199339354
3007128,62.973723041159744
3007129,0.00601237858698341
3007130,58.3838575699446
3007131,0.010391169992218207
3007132,58.18006679976891
3007133,58.180288607174674
3007134,50.24873572021178
3007135,48.30981474548034
3007136,48.32552345069715
3007138,0.013510726517356299
3007150,43.522178864346785
3007139,0.009529698555172559
3007140,38.571020283038905
3007141,38.60025421553402
3007142,0.002631753680751733
3007143,42.57185687652845
3007144,0.0007834890809612512
3007145,0.0
3007146,0.017234143054653393
3007147,40.10394681187534
3007233,48.884004916789976
3007151,0.008057372829148838
3007153,0.009113496754726296
3007177,0.0010063051540552402
3007165,56.349065806597345
3007154,0.009113496754726296
3007155,0.005242831443552497
3007156,0.0
3007157,28.35913595487889
3007158,0.01593134427947973
3007159,0.003777246126401173
3007160,0.004435594181939969
3007161,60.535523542245954
3007162,0.005506805397784098
3007163,56.310764952008576
3007148,0.04293249745517772
3007164,0.009878871525178015
3007152,0.008711518904397557
3007167,48.98094955119913
3007168,47.17970958385294
3007169,47.19437025317173
3007170,72.93905741324835
3007171,0.012994133483126622
3007172,0.009021359321402323
3007173,0.0028541500740281536
3007174,0.0033362738848260833
3007175,0.0028544590738153997
3007176,41.514746237457835
3007166,56.34928718242472
3007149,0.01927781834804936
3007178,0.0
3007179,0.017073277211127065
3007206,38.344357299194876
3007205,0.008196807616007567
3007182,0.02084270663222068
3007183,42.41096622638164
3007184,0.009594451312660615
3007185,0.010250230927705209
3007186,0.010653342380632853
3007187,0.010653342380632853
3007188,0.006781029208175911
3007189,0.0
3007190,27.82582754813974
3007207,38.36869506774956
3007191,0.015166479576696722
3007193,0.0038136631703364326
3007194,61.46270463930222
3007195,0.004213686504800242
3007196,57.11960651049062
3007197,0.009053647231035826
3007198,57.15867984127568
3007199,57.15890121710305
3007200,49.53601646673684
3007201,47.67254925024514
3007202,47.64808543073337
3007203,74.21479354160742
3007192,0.002962930879236742
3007234,0.015534534938573163
3007208,0.001793093667859191
3007231,56.218853112056216
3007180,39.2566341920981
3007220,0.012265903381484743
3007209,42.259186849384754
3007210,0.000287516046961727
3007211,0.0
3007212,0.017099719918238818
3007213,39.886345953293976
3007214,0.038783229592979036
3007215,0.02178546695666714
3007216,43.29012316553433
3007217,0.010507771599200905
3007232,56.21907457316205
3007218,0.011861065256503761
3007221,46.224307394060126
3007181,0.04555139736589986
3007222,0.0
3007223,0.0
3007224,0.016932475138902975
3007225,0.006735689840304265
3007226,40.47922010468693
3007227,60.35977064223172
3007228,0.007995216670246583
3007229,56.180649123781414
3007230,55.06905669489578
3007219,0.012265903381484743
3007235,0.015863096705453734
3007236,72.33750140283205
3007317,0.01181006699842726
3007249,42.331426106904765
3007237,0.015998946320882924
3007239,37.813579354805
3007240,37.83675077967072
3007241,0.005493671898095702
3007242,41.70502083982361
3007243,0.0036349484228829776
3007244,0.001240713455228444
3007245,0.020562883739192385
3007246,39.13867143067628
3007247,0.038123098110914515
3007291,0.006446267505206377
3007248,0.022543790834223858
3007262,56.13246394762441
3007251,0.012606565133199885
3007252,0.013032803956329827
3007253,0.013032803956329827
3007254,45.159732661743405
3007255,0.0
3007256,0.0
3007257,0.015787294548322527
3007258,0.003491067147494837
3007259,40.45251552432028
3007260,60.305842380391084
3007250,0.011251509413585856
3007261,0.004743125693340224
3007263,0.00958810717957556
3007289,0.0
3007277,0.0
3007266,48.84581756842141
3007267,0.012239501258194134
3007268,0.012567936505163446
3007269,72.66320739048437
3007270,0.01270371584548896
3007271,0.008728878722143412
3007272,37.70256881652886
3007273,37.72552852569634
3007274,0.0023216150380018894
3007275,41.67541514375731
3007265,56.170854570984886
3007276,0.0004738625182713889
3007264,56.170633195157514
3007279,39.15113744194144
3007280,0.03898304298871764
3007281,0.02135454400139256
3007282,42.3584806331857
3007283,0.010086117166188896
3007284,0.011438293236402214
3007285,0.011842774664837118
3007286,0.011842774664837118
3007287,44.5605863094654
3007288,0.0
3007278,0.017293410799371897
3007204,0.012166801861965114
3007290,0.018387607400889724
3007347,0.013525717288542741
3007305,0.0057153514969061825
3007294,0.007769977567455762
3007295,58.35390958990161
3007296,0.012163476406017776
3007297,58.15037296274627
3007298,58.15059485622597
3007299,50.22802748867226
3007300,48.29130187221718
3007301,48.30699568864037
3007302,75.55826976470873
3007303,0.015291184684449866
3007293,62.938604298473315
3007304,0.01113515866631414
3007318,0.012235516591707936
3007307,0.004989447386766774
3007308,42.75176783527108
3007309,0.00313256818860084
3007310,0.0010074086295574038
3007311,40.651925026835556
3007312,40.10484749073086
3007313,0.045122851600975074
3007314,0.02243996214739655
3007315,43.59699812141065
3007316,0.0111519674588493
3007306,38.60107459482348
3007292,40.877119329783625
3007319,0.012235516591707936
3007345,43.08886065936725
3007333,51.05330814093684
3007322,28.441256500469965
3007323,0.03691244618935811
3007324,0.0
3007325,42.24854204094466
3007326,67.5827773821282
3007327,0.00044029804501518894
3007328,62.32894883441603
3007329,0.005291611718002761
3007330,62.37376730099323
3007331,62.373988759222975
3007321,28.62392190150043
3007332,53.152213704291334
3007320,45.08811088759386
3007335,83.54858671142817
3007336,0.008422338499699589
3007337,0.004416502570803238
3007338,40.793923970750754
3007339,40.823679563096945
3007340,0.0
3007341,45.79359495035538
3007342,0.0
3007343,0.0
3007344,0.01760807741282285
3007334,0.008289837062053098
3007346,0.031059565271430025
3007238,0.011837227287312601
3007348,46.82764472088355
3007361,56.310764952008576
3007568,0.017811604690322315
3007351,0.004064961829014684
3007352,0.004064961829014684
3007353,49.38716033988021
3007354,0.0
3007355,0.0
3007356,0.01593134427947973
3007357,0.003777246126401173
3007358,40.53471858253746
3007359,60.535523542245954
3007403,0.009030131448732626
3007360,0.005506805397784098
3007374,41.68111662930354
3007363,56.349065806597345
3007364,56.34928718242472
3007365,48.98094955119913
3007366,47.17970958385294
3007367,47.19437025317173
3007368,72.93905741324835
3007369,0.012994133483126622
3007370,0.009021359321402323
3007371,0.0028541500740281536
3007372,37.82372746566042
3007362,55.19413138568226
3007373,0.0028544590738153997
3007375,0.0010063051540552402
3007401,72.89023691764288
3007389,0.016103223585915316
3007378,39.2566341920981
3007379,0.04656077594813901
3007380,0.022872745838367875
3007381,42.47268135241924
3007382,0.011580824528574387
3007383,0.012239158761441151
3007384,40.12571690606701
3007385,0.012643954976906275
3007386,45.19063311911372
3007387,0.0
3007377,0.017073277211127065
3007388,27.832778403394865
3007376,0.0
3007391,40.52839953651695
3007392,60.47476495154771
3007393,0.005043893840377911
3007394,56.28170649558768
3007395,0.009887682768056452
3007396,56.319978739946954
3007397,56.32020011577433
3007398,48.96063247356241
3007399,0.012538494770065892
3007400,0.012866930017035203
3007390,0.00382505883039807
3007457,40.41829673617331
3007402,0.013002984772875767
3007404,37.78264222243532
3007417,40.133534174438594
3007429,56.368848915889224
3007406,0.0033491012570000234
3007407,41.677744436920726
3007408,0.0014991065781711362
3007409,0.0
3007410,0.01796268654459455
3007411,39.24673314534517
3007413,0.023095628094279702
3007414,42.460249254030565
3007415,0.011798910473226945
3007430,56.369070376995055
3007416,0.01315449425274078
3007418,0.013560067191233134
3007420,0.0
3007421,0.0
3007428,0.0128689711826284
3007422,0.016932475138902975
3007423,0.006735689840304265
3007424,40.53228826569767
3007425,60.535389767597934
3007426,0.007995216670246583
3007427,56.33050569116423
3007419,44.6728852400854
3007412,0.03966586710271436
3007350,0.003662825210209808
3007456,0.0
3007405,0.0038306129225126697
3007444,39.213197263806165
3007433,0.015863096705453734
3007434,72.58672701928712
3007435,0.015998946320882924
3007436,0.011837227287312601
3007437,0.006412826322818604
3007438,37.903469834846504
3007439,0.005493671898095702
3007440,41.79592412198914
3007441,0.0036349484228829776
3007442,0.001240713455228444
3007432,0.015534534938573163
3007443,39.69996387694402
3007431,48.9887832065849
3007446,0.022543790834223858
3007447,42.42869707248094
3007448,0.011251509413585856
3007449,0.012606565133199885
3007450,0.013032803956329827
3007451,0.013032803956329827
3007452,45.27518256713891
3007453,0.0
3007454,0.0
3007455,0.009859953955133526
3007445,0.038123098110914515
3007571,0.011591074374740764
3007512,0.02192539940755074
3007540,42.35346407693559
3007471,38.320434378967825
3007460,57.01235248217031
3007461,0.0037751213570171565
3007462,57.05132853817509
3007463,57.051549914002464
3007464,49.46102524054055
3007465,47.60546970617776
3007466,47.58111365186374
3007467,74.03510222691015
3007468,0.0068640322643453424
3007469,0.0029418565431507827
3007514,0.010657219943609764
3007470,38.296200560913626
3007484,0.00494330932371616
3007473,42.49246130922362
3007474,0.0
3007475,0.0
3007476,0.011340696788298786
3007477,39.781015486069855
3007478,0.030114892575681288
3007479,0.014328002954594327
3007480,43.152822674201325
3007481,0.0032106981082832223
3007482,0.004544672410098255
3007472,0.0
3007483,0.00494330932371616
3007485,0.0012596016193560768
3007511,0.04691838409049642
3007499,0.016111627306362515
3007488,0.015280391423917298
3007489,0.006979262983297197
3007490,41.736420691068574
3007491,65.8412339716353
3007492,0.008719073264704983
3007493,60.83365525899523
3007494,0.013116948937500608
3007495,60.60983761711852
3007496,60.61005953467228
3007497,51.95656756079533
3007487,0.0
3007498,0.015782388349059782
3007486,0.0
3007501,0.016247358532622047
3007502,0.012246720868376823
3007503,39.654089160098565
3007504,39.70424003137542
3007505,0.006060519128686345
3007506,44.38262360466503
3007507,42.11987299722367
3007508,0.0017120150683957401
3007509,41.98241362807719
3007510,41.30115251782442
3007500,80.08950377426079
3007459,0.0
3007513,45.14839591008923
3007458,61.336998920308076
3007528,60.52157696648376
3007517,0.011717981215538171
3007518,46.021049183985205
3007519,28.875406809615445
3007520,0.0
3007521,0.015280391423917298
3007522,0.004152004202698557
3007523,40.67847830062668
3007524,62.19395423225542
3007525,0.005882158065991441
3007526,57.72423448262804
3007516,0.011717981215538171
3007527,0.010255802122379434
3007541,0.0
3007530,51.89491633093693
3007531,0.012908103366378508
3007532,0.013237342323681237
3007533,79.82120085678032
3007534,0.013373073549940774
3007535,0.009398356455592246
3007536,39.848804659976494
3007537,39.89972800744964
3007538,0.0032298042100133064
3007539,44.65110962761425
3007529,60.521798884037516
3007515,0.011314160917904903
3007542,42.22124991652934
3007349,0.002317957228239498
3007556,40.82304575447875
3007545,43.72454013578115
3007546,45.45753325444958
3007547,0.008419458550420332
3007548,40.532745733087275
3007549,0.009475442137540964
3007550,0.009475442137540964
3007551,46.62343375124595
3007552,28.851136275100064
3007553,0.0
3007554,0.02407089771106475
3007544,0.04387186776144636
3007555,0.012497740943387842
3007543,41.52072172406221
3007558,0.01425622194026091
3007559,58.14884368102307
3007560,0.018728002713282933
3007561,60.99269749138784
3007562,60.99292014697087
3007563,52.22430823901188
3007564,0.02167049657333574
3007565,0.0217267432972049
3007566,80.6082498600958
3007567,0.02186240179253614
3007557,62.69199452855949
3007126,0.004693120276808479
3007569,40.05958640944346
3007724,52.95055541267596
3007574,0.007187003874844474
3007575,42.47976035074723
3007576,41.75838924334028
3007577,0.05286670439242293
3007578,0.028236995335586476
3007579,45.768044110256945
3007580,0.016834331231940086
3007581,40.76234590621642
3007582,0.017908130100198906
3007583,0.017908130100198906
3007584,46.95508983068308
3007586,0.0
3007598,0.0217267432972049
3007587,0.02407089771106475
3007588,0.012497740943387842
3007589,40.020028138206776
3007590,59.923558096674725
3007591,0.01425622194026091
3007592,55.788721000359004
3007593,0.018728002713282933
3007594,58.37847019646596
3007595,58.37869285204899
3007596,50.39815543749821
3007585,28.894589473595616
3007681,0.009474135905913433
3007599,76.2330057194708
3007601,0.017811604690322315
3007602,38.88843906294688
3007603,38.93554675948008
3007604,0.011591074374740764
3007605,45.34618829765108
3007606,42.0346009079441
3007607,0.007187003874844474
3007608,41.89522570566666
3007609,41.22100902483442
3007610,0.05286670439242293
3007611,0.028236995335586476
3007612,45.06585752578429
3007597,0.02167049657333574
3007614,0.01749914095066815
3007615,0.017908130100198906
3007616,0.017908130100198906
3007617,45.49893214635691
3007618,28.865231563439366
3007619,0.0
3007620,0.02407089771106475
3007621,0.012497740943387842
3007622,40.020028138206776
3007623,59.923558096674725
3007624,0.01425622194026091
3007625,55.788721000359004
3007600,0.02186240179253614
3007626,0.018728002713282933
3007627,57.40321423027944
3007628,57.40343688586247
3007653,0.01527895637674973
3007630,0.02167049657333574
3007631,0.0217267432972049
3007632,74.60078831224423
3007633,0.02186240179253614
3007634,0.017811604690322315
3007635,0.01157740973872318
3007636,38.49690425764903
3007637,0.011591074374740764
3007638,44.669363727948934
3007639,41.47976654209938
3007654,0.004150581549065625
3007640,0.007187003874844474
3007642,40.69948078081587
3007643,0.05286670439242293
3007644,0.028236995335586476
3007645,44.38438284011534
3007646,0.016834331231940086
3007647,39.73940622420958
3007648,0.017908130100198906
3007649,0.017908130100198906
3007650,44.79704883031687
3007651,28.767560293068883
3007652,0.0
3007641,41.327934445901036
3007682,0.009474135905913433
3007655,39.88843533348887
3007680,0.009072214188670442
3007668,38.26673759548109
3007657,0.005880735325543959
3007658,55.40225296131532
3007659,0.010254508312637772
3007660,56.99010767877828
3007661,56.990329593452195
3007662,49.42802795771001
3007663,0.012906805575766275
3007664,0.013236040260508118
3007665,73.91084247766855
3007666,0.013371773075751051
3007656,59.47026219849862
3007667,0.009397057655684115
3007629,49.71689437487614
3007670,0.0032285099073553667
3007671,44.38318097293202
3007672,41.24513758909653
3007673,0.0
3007674,41.0880382072538
3007675,40.4789254488207
3007676,0.043870559117957224
3007677,0.01963714586399064
3007678,44.096236039915524
3007679,0.008418151932453438
3007669,38.31137718288343
3007793,52.27907168270496
3007683,44.50027082973318
3007764,67.04297999704771
3007685,0.0
3007686,0.04703179327281461
3007687,0.003732586204394097
3007688,42.67431783955374
3007689,67.32725873951412
3007690,0.005242672721375721
3007691,62.1278411262502
3007692,0.010088992642718205
3007693,62.17235823174342
3007694,62.17257968997316
3007695,53.046313210480974
3007697,0.013084759295171557
3007709,0.035459870653824346
3007698,83.1281378639889
3007699,0.013220702165290876
3007700,0.009230118042837486
3007701,43.3810225414082
3007702,43.41611775625195
3007703,0.0028196323250503047
3007704,45.30851052284185
3007705,0.000971375815787901
3007706,0.0
3007707,0.021952011465158235
3007696,0.012756201795271468
3007738,39.730222294432714
3007710,0.01795589577384043
3007712,0.006767291156251878
3007713,0.008109852252204865
3007714,0.008511246606917773
3007715,0.008511246606917773
3007716,46.69320240163765
3007717,0.0
3007718,0.0
3007719,0.022292824026189043
3007720,0.010797128134786931
3007721,39.037308874898635
3007722,56.60039955175365
3007723,0.012131931874869903
3007708,42.26992482486194
3007725,0.016562169223163642
3007726,54.377570104320206
3007727,54.37779273421698
3007728,47.59284057052069
3007729,0.01949665448035652
3007730,0.019552894715425106
3007731,69.56034742197049
3007732,0.019688291955584754
3007733,0.01565232987969601
3007734,0.009433521758368382
3007735,37.69286267724336
3007736,0.008708085449553737
3007711,45.86074222413327
3007737,42.5416551744815
3007739,0.004691633229205119
3007794,46.13699423672107
3007752,0.02208971957750165
3007741,39.06169853194169
3007742,0.04189689045303361
3007743,0.02565989380984958
3007744,42.253958210788205
3007745,0.014303255677506633
3007746,0.014965370148703762
3007747,0.01537258856523504
3007748,0.01537258856523504
3007749,41.96919674339371
3007750,28.760198789697185
3007740,0.0235197982120629
3007751,0.0
3007765,0.01826809399288503
3007754,38.55710006025867
3007755,54.9465675300284
3007756,0.010729811743345575
3007757,51.540612322125845
3007758,0.015148470271772994
3007759,52.87337281786093
3007760,52.87359533725615
3007761,46.54204473911162
3007762,0.01807642362789449
3007763,0.018132635948320854
3007753,0.009398511865035035
3007684,28.726157631552084
3007766,0.014244540666167595
3007792,52.27884975924803
3007780,0.00848656378614939
3007769,0.007310828361156544
3007770,41.49922132758523
3007771,0.0054453498028126665
3007772,0.003306808981810303
3007773,0.01523248345541487
3007774,38.1376332255119
3007775,0.041851243447491984
3007776,0.018637547972955748
3007777,41.004476106166486
3007778,0.007431893931981356
3007768,36.431852500953084
3007779,37.669093644618634
3007767,36.408083122290975
3007782,42.12817415110393
3007783,0.00025448970477828553
3007784,0.0
3007785,0.013094752974416285
3007786,0.0015325742478216578
3007787,38.38591176806131
3007788,54.29023839484207
3007789,0.0032537715029283716
3007790,50.986202387671355
3007791,0.00760506962264878
3007781,0.00848656378614939
3007795,0.010245203846711537
3007613,0.016834331231940086
3007947,49.5805753722187
3007808,0.04406654426088868
3007797,66.02584800888052
3007798,0.010710179531133724
3007799,0.006759491318180287
3007800,36.156134110129855
3007801,36.19239090029099
3007802,0.0006073020392331409
3007803,41.113584728366675
3007804,0.0
3007805,0.0
3007806,0.014746177634539882
3007904,0.0
3007807,38.020294783277755
3007821,55.251392761180895
3007810,41.01709818328852
3007811,0.00860166980185142
3007812,0.009255964888712076
3007813,0.009658038164590472
3007814,0.009658038164590472
3007815,41.93570825562637
3007816,0.0
3007817,0.0
3007818,0.00699066447457856
3007819,0.0
3007809,0.01982461414102156
3007820,38.67603982382564
3007822,0.0
3007848,42.253171979671194
3007836,40.83569392637979
3007825,51.8594906475345
3007826,51.85971276984283
3007827,45.84506719336578
3007828,0.0009600187334181449
3007829,0.0010161307426989816
3007830,65.3209565523865
3007831,0.0011521073031947543
3007832,0.0
3007833,0.0
3007834,36.0130603385041
3007824,0.0
3007835,0.0
3007823,51.824573340389165
3007838,0.0
3007839,0.0062188580761998805
3007840,37.8064689108303
3007841,0.027500470287216423
3007842,0.010869706996855147
3007843,40.741012437136796
3007844,0.0
3007845,0.001160162440478839
3007846,0.0015555491411550913
3007847,0.0015555491411550913
3007837,0.0
3007905,43.77753744598092
3007849,0.0
3007851,0.01543872710119345
3007876,38.35002847848862
3007853,0.004469342896636169
3007854,50.87502328643499
3007855,0.005127690373845799
3007856,48.06991564782449
3007857,0.009499874999330691
3007858,48.10069306413051
3007859,48.10091455578324
3007860,43.20863302349564
3007861,42.012680608029335
3007862,42.02273457460978
3007877,0.008060404051067742
3007863,59.12299359131403
3007865,0.008641471229231127
3007866,0.0024761225224639175
3007867,0.0022311665245498416
3007868,0.0017497473117530735
3007869,38.57539574667234
3007870,0.0
3007871,0.0
3007872,0.01632277591555328
3007873,35.997807955200436
3007874,0.03573689035545843
3007572,44.941689243696004
3007864,0.012615106298409912
3007850,0.0
3007878,0.008714751291992577
3007903,0.0
3007891,61.84002814851537
3007880,0.009116916954617747
3007881,0.005247816049637069
3007882,0.0
3007883,27.591622007391315
3007884,0.0347809495482671
3007885,0.0
3007886,42.141333815511246
3007887,66.9372973347516
3007888,0.0
3007889,61.795092499861
3007879,0.009116916954617747
3007890,0.0
3007852,0.003810463556003611
3007893,52.81441901477137
3007894,0.0013153020042879207
3007895,0.0013714055462932433
3007896,82.4379022406706
3007897,0.0015073341310890916
3007898,0.0
3007899,40.56355480731184
3007900,40.59260468066389
3007901,0.0
3007902,45.44325896105763
3007892,61.84025023730555
3007906,42.80506782362682
3007875,0.019284202917836953
3007573,42.606298143051525
3007908,0.007075186695472259
3007909,46.46554364738168
3007910,0.0
3007911,0.0
3007912,0.0
3007913,0.0
3007914,48.47245647220432
3007915,0.0
3007916,0.0
3007917,0.04152306494744763
3007918,0.0039302631461465305
3007907,0.023587138178912496
3007920,67.68098417286373
3007921,0.005440939655979173
3007922,62.429680954741414
3007923,0.010289138520615944
3007924,62.47448416252955
3007925,62.474705620759295
3007926,53.25736896609621
3007927,0.012957273407808376
3007928,0.013285830907708464
3007929,83.63922718894007
3007930,0.013421773777827783
3007931,0.009429371713708744
3007932,40.885524837855954
3007960,0.012957273407808376
3007961,0.013285830907708464
3007935,45.882576684951225
3007936,0.0011685626490354434
3007937,0.0
3007938,44.17662880779244
3007939,43.16859502139514
3007940,0.035669746058659094
3007941,0.018158963210654737
3007942,46.90072215882565
3007943,0.006965993018497676
3007944,41.79154075471188
3007945,0.008710642770142947
3007946,0.008710642770142947
3007933,40.91526517141308
3007948,0.0
3007949,0.0
3007950,0.04437712160380826
3007951,0.0039302631461465305
3007952,42.35891866963186
3007953,67.68098417286373
3007954,0.005440939655979173
3007955,62.429680954741414
3007956,0.010289138520615944
3007957,62.47448416252955
3007958,62.474705620759295
3007959,53.25736896609621
3007934,0.0030175560672850116
3007962,83.63922718894007
3007919,42.35891866963186
3008003,0.001439057481537063
3007964,0.009429371713708744
3007965,40.885524837855954
3007966,40.91526517141308
3007967,0.0030175560672850116
3007968,45.882576684951225
3007969,0.0011685626490354434
3007970,0.0
3007971,44.17662880779244
3007972,43.16859502139514
3007973,0.035669746058659094
3007976,0.006965993018497676
3007975,46.90072215882565
3007988,63.71127792771029
3007978,0.008710642770142947
3007979,0.008710642770142947
3007980,49.5805753722187
3007981,0.0
3007982,0.0
3007983,0.04856686418869465
3007984,0.0067799765093068416
3007985,42.791771063157384
3007986,69.21812039697744
3007987,0.008812748938154952
3007796,0.010574451562009533
3007977,0.008309079846044034
3007963,0.013421773777827783
3007974,0.018158963210654737
3007991,63.4647093793814
3007989,0.013212337048325478
3007993,51.78217611522124
3007994,51.80097897111079
3007995,85.31554329622237
3007996,0.016358738610567213
3007997,0.012340922982746739
3007998,41.018708525133654
3007999,41.05406790776305
3008000,0.005422031789860833
3008001,46.07233132488654
3008002,0.0035647690104933564
3008004,44.34107006722786
3007992,53.94817266673491
3008005,43.339388010508586
3007990,63.46448747166562
3008014,28.59343069770449
3008013,47.97157191925447
3008012,0.01072175347925857
3008011,0.01072175347925857
3008015,28.303376501036325
3008009,0.009662885197652842
3008008,47.116328735634085
3008007,45.83416034982131
3008006,0.04562122847784634
3008010,0.010318683439148928
3008026,0.0
3008018,42.00328835703046
3008019,66.88655234434434
3008020,0.0
3008021,61.50585436764824
3008022,0.0
3008023,61.26665483728135
3008017,0.0
3008024,61.26683553620545
3008025,52.300172175609745
3008028,81.40568658959248
3008033,0.0
3008029,0.0
3008030,0.0
3008031,0.0
3008032,40.21857714516972
3008034,45.233513093226456
3008035,0.0
3008036,0.0
3008037,0.0
3008038,26.885346835578776
3008039,0.03112300224875228
3008016,0.025670856425878352
3008040,0.0
3008027,0.0
3008044,0.0
3008041,46.2562456057404
3008045,0.0
3008046,48.41576130380543
3008047,0.0
3008048,0.0
3008049,0.05909657783921806
3008050,0.01337017367002979
3008051,0.016967019847425803
3008052,68.62910027506938
3008053,0.013406743853312792
3008054,62.99942426429478
3008056,62.754930112837904
3008123,57.82717158698985
3008042,0.0
3008058,53.37351071454003
3008059,51.238232012757805
3008060,0.010909719946844715
3008061,83.82433767101767
3008062,48.432114759239234
3008063,0.013885161371774117
3008064,0.008285171091059704
3008065,0.009789517052466662
3008066,0.011176333600003842
3008067,46.18618740807102
3008043,0.0
3008057,62.75510823346093
3008068,0.014567219037657397
3008094,79.78321663828237
3008070,0.009392216110135722
3008095,46.8117721952307
3008072,0.042129114249992265
3008073,0.017733479387363464
3008074,47.249576021791675
3008075,0.017267095982055423
3008076,0.019675611644010303
3008077,0.01917693915449696
3008078,0.01917693915449696
3008079,49.466786806915074
3008080,28.191622161598648
3008081,0.014460245845857183
3008096,0.01765389831716879
3008082,0.0340929593226408
3008084,0.02078290996085068
3008085,66.00210257422755
3008086,0.01715009192095021
3008087,60.77326523575463
3008088,0.014455931928178418
3008089,60.27003718374902
3008090,60.27021515914596
3008091,51.63671792098678
3008092,49.67170823165573
3008093,0.01466718551686473
3008055,0.010701781931920049
3008083,0.017160522982110613
3008069,0.0
3008097,39.55546459998132
3008122,57.82699388518923
3008110,0.022360404419765497
3008099,0.014946184766189726
3008100,44.3126510271144
3008101,0.01836069989948359
3008102,0.0035217762094879226
3008103,0.013202461826006085
3008104,26.181520093570803
3008105,0.028985648002681035
3008106,0.02092293843553976
3008107,45.20918137725579
3008108,0.020439683441577237
3008098,39.56979229254984
3008109,0.022862206195054333
3008071,0.0
3008112,46.12475228726711
3008113,28.644208822168057
3008114,0.01958703657435076
3008115,0.030688578011295372
3008116,0.00945428516866292
3008117,0.010776081121276792
3008118,62.65648032817284
3008119,0.009010170562064872
3008120,58.05507910278136
3008121,0.006291870719074894
3008111,0.022360404419765497
3008124,49.93339183235118
3008235,0.0029519743935581553
3008126,0.0065217413776846546
3008127,75.13455239638162
3008128,45.10100901728107
3008129,0.009484050306993511
3008130,0.003912424830926674
3008131,38.697896433206886
3008132,0.006773586638599217
3008133,43.11748927725506
3008134,0.010136602734493134
3008135,0.0
3008136,40.922169292299095
3008137,25.377818902928947
3008139,0.019074210677174155
3008151,62.65648032817284
3008140,44.15960379708374
3008141,0.018601007640726912
3008142,0.018302775800593245
3008143,0.01776395122690113
3008144,0.01776395122690113
3008145,46.74375592643768
3008146,27.92694802224334
3008147,0.010658044371529521
3008148,0.030688578011295372
3008149,0.00945428516866292
3008138,0.043077684842392626
3008180,0.010658044371529521
3008152,0.009010170562064872
3008154,0.006291870719074894
3008155,57.82699388518923
3008156,57.82717158698985
3008157,49.93339183235118
3008158,48.13674380683848
3008159,0.0065217413776846546
3008160,75.13455239638162
3008161,45.10100901728107
3008162,0.009484050306993511
3008163,0.003912424830926674
3008164,38.697896433206886
3008165,0.006773586638599217
3008150,40.84936774322152
3008167,0.010136602734493134
3008168,0.0
3008169,0.004953641846407448
3008170,25.377818902928947
3008171,0.043077684842392626
3008172,0.019074210677174155
3008173,44.15960379708374
3008174,0.018601007640726912
3008175,0.018302775800593245
3008176,0.01776395122690113
3008177,0.01776395122690113
3008178,0.014538977829587975
3008153,58.05507910278136
3008179,27.92694802224334
3008181,0.014706349165035186
3008236,0.0
3008183,0.00287392595696458
3008184,63.72571691344654
3008185,0.0016487921717961574
3008186,58.964975818639054
3008187,0.0
3008188,58.73332806928649
3008189,58.73350526655141
3008190,50.56634141767446
3008191,48.70746995771352
3008192,0.0
3008193,76.75246808621345
3008194,47.69403856398513
3008195,0.0005814340960889295
3008196,0.0
3008197,0.0
3008198,0.0
3008199,43.54514916732453
3008200,0.002740205322198949
3008201,0.0
3008202,0.0
3008203,25.821005123269217
3008204,0.03889028613369845
3008205,0.014453757974736414
3008206,45.43897847337948
3008207,0.014005491016297174
3008125,48.13674380683848
3008182,0.0015723424614541724
3008210,0.009684103422207518
3008211,47.948226506170705
3008212,27.949568915664177
3008213,0.0
3008214,41.46399384373949
3008215,0.011501009955367984
3008216,0.012828197832766184
3008217,63.583588520990496
3008218,0.011084929577489487
3008219,58.84284206996885
3008220,0.008373762045968316
3008221,58.88516740728774
3008208,0.010214302195100618
3008223,50.67018483425938
3008224,48.80039189602696
3008225,0.013768705423329164
3008226,77.33942774919466
3008227,46.3476381931939
3008228,0.011560802052127532
3008229,0.00597551385597763
3008230,39.052606596936506
3008231,0.00885169475945153
3008232,43.42633927261103
3008233,0.012228563597912537
3008234,0.0
3008209,0.009684103422207518
3008222,58.88534520413243
3008237,0.04527823999984524
3008390,0.0
3008240,0.019622302675148875
3008241,0.01932344126095477
3008242,0.018824908488260156
3008243,0.018824908488260156
3008244,47.311679399857375
3008245,28.015314230410496
3008246,0.015092384901031342
3008247,0.01858185901551868
3008248,0.004922285740257014
3008249,42.156265302733644
3008250,66.08836852616923
3008251,0.005358193502879309
3008252,60.84678459186277
3008253,0.0026303126939576497
3008254,60.90213820206171
3008255,60.9023158169599
3008256,52.079077444157164
3008257,49.92217322357611
3008258,0.00801847864833359
3008259,80.44677753687812
3008260,50.35333123981754
3008261,0.005851990498647153
3008262,0.00030473104528409953
3008263,42.40810120130911
3008264,0.0031398051551824453
3008292,81.01576680920127
3008347,0.01192791797371234
3008267,0.0
3008268,0.0
3008269,25.504349948678055
3008270,0.034166538963197726
3008271,0.009519593869766509
3008272,44.89273926713855
3008273,0.009097574885871491
3008274,0.011468232285168252
3008275,0.01097831112494385
3008276,0.01097831112494385
3008277,0.007277372371670487
3008278,0.009668933409993299
3008265,44.19085835685778
3008280,0.020730263815484918
3008281,0.00464929841799155
3008282,41.89507708544333
3008283,66.57583947184672
3008284,0.005084907728207172
3008285,61.259802148205914
3008286,0.0023561640192103343
3008287,61.31848296928322
3008288,61.31866108990624
3008289,52.37007557965234
3008290,50.182533617982415
3008291,0.007721266332132954
3008266,0.006478408125453308
3008279,0.01751808282250533
3008293,47.52945820406345
3008334,42.69567879353762
3008296,0.001480194177473576
3008297,0.0028445882027043133
3008298,44.76529659996555
3008299,0.006181194763725417
3008300,0.0
3008301,41.952844414334145
3008302,26.236574090763508
3008303,0.03329167140488614
3008304,0.009299663364192516
3008305,45.92686789190886
3008306,0.00887888589404082
3008319,0.011996899355143328
3008307,0.011248470409731624
3008309,0.010758803809514814
3008310,0.007058694079948141
3008311,28.07123603794142
3008312,0.007647845661285439
3008313,0.033724614285703905
3008314,0.014333983482934342
3008315,41.36735378384255
3008316,64.63945835154395
3008317,0.014712518740823018
3008318,59.63212133448708
3008166,42.944193302523615
3008308,43.40613055973332
3008294,0.00555694242740337
3008320,62.66058587763194
3008322,53.33292552893199
3008323,51.05267307226695
3008324,0.017410485161404678
3008325,83.1912281150756
3008326,48.285722671613144
3008327,0.015191095427494451
3008328,0.009585203452502685
3008329,40.67712085502666
3008330,0.012474802446935118
3008331,45.598430456471505
3008332,0.015866013725244286
3008333,0.0011010786123846958
3008321,62.660764426637066
3008335,26.81485000422535
3008336,0.04342890272271008
3008337,0.01903277763141209
3008338,46.826441949523556
3008339,0.01857226859372945
3008340,0.020980966794908955
3008341,44.19886855372719
3008342,0.020482390085857713
3008343,48.2290962274279
3008344,28.720977543220833
3008345,0.01745803173737067
3008346,0.03167006161977964
3008295,40.025946176084176
3008459,0.005962863473743767
3008348,0.01382273342342275
3008350,0.011848765401041732
3008351,58.95347845580871
3008352,0.009138573652386357
3008353,58.80309862151736
3008354,58.803276323317974
3008355,50.615247987746685
3008356,48.613626741408794
3008357,0.014374739939841808
3008358,76.6950344215281
3008359,45.64060462122394
3008360,0.011779439147132423
3008361,0.006351751903278845
3008362,0.00784813848917302
3008363,0.009230079382985413
3008364,43.34910243643475
3008365,0.01260909466938865
3008366,0.0
3008367,0.003342010482777154
3008368,25.255301317174553
3008369,0.03396887322549504
3008370,0.019856517914560858
3008371,44.54577323067749
3008372,0.01937908667362486
3008373,0.01908040593601023
3008374,0.018540750622581557
3008375,0.018540750622581557
3008403,0.0
3008404,46.21986620189302
3008378,0.013900074179991187
3008379,0.029404385828562977
3008380,0.0
3008381,42.00055163001659
3008382,66.88381435974273
3008383,0.0
3008384,61.50311791744958
3008385,0.0
3008386,61.26375155819491
3008387,61.26392967881794
3008388,52.297266318222235
3008389,0.0
3008376,47.267923940964046
3008391,81.40279388590011
3008392,0.0
3008393,41.371024015342364
3008394,0.0
3008395,40.21596283287524
3008396,0.0
3008397,45.230896727463566
3008398,0.0
3008399,0.0
3008400,0.0
3008401,26.882906804928016
3008402,0.028775032075127764
3008377,27.968883227702936
3008349,63.724530712694325
3008405,0.0
3008446,0.0050503415513118485
3008407,0.0
3008408,0.0
3008409,48.376023154144896
3008410,0.0
3008411,0.0
3008412,0.022327120618998393
3008413,0.0075817528268448155
3008414,42.178765555721235
3008415,67.53885605412863
3008416,0.008384021783971117
3008417,62.19775980452288
3008418,0.005663519557367458
3008419,61.76630845316787
3008420,61.76648642856482
3008421,52.684304498022826
3008422,50.46409919101599
3008423,0.010904810074283696
3008424,82.22491041959779
3008425,47.69140466673168
3008426,0.008498487352687711
3008427,0.002934584029340054
3008428,40.08400902510225
3008429,0.0057862329868346146
3008430,44.81974450505419
3008431,0.009140450008706032
3008238,0.020102112687756087
3008406,0.0
3008434,26.27455073545689
3008435,0.036398465343664387
3008436,0.011660464193581105
3008437,45.96225369353826
3008438,0.011228414893683586
3008439,0.013607740112182293
3008440,42.42427222543408
3008441,0.013115930496796508
3008442,46.99492099454565
3008443,28.61841852272247
3008444,0.00921038014637129
3008445,0.019739521079701363
3008432,0.0
3008447,42.231696431174534
3008448,67.7208533995165
3008449,0.005848425398691145
3008450,62.35257552131195
3008451,0.0031206700758067913
3008452,61.91964631090713
3008453,61.9198242917223
3008454,52.79141967441273
3008455,50.55991523410511
3008456,0.008350279170130741
3008457,82.48218351340839
3008458,51.26548837154946
3008433,42.00137612921232
3008460,43.02523281289808
3008836,0.018239113880528474
3008462,0.0032495238307089125
3008683,58.15373247261431
3008464,0.006587191260026621
3008465,0.0
3008466,0.0
3008467,26.00223322237747
3008468,0.03370763807668654
3008469,0.009095759299700194
3008470,45.63989256734188
3008471,0.008677591458724645
3008472,0.011045064666138795
3008473,41.46658567065247
3008475,0.006168220271915837
3008487,50.153754354748784
3008476,0.008552431442739023
3008477,0.006971168793021546
3008478,0.01959189428208606
3008479,0.00443409277749086
3008480,0.006300576328853159
3008481,62.9482330945921
3008482,0.005231481257114897
3008483,58.293181737162826
3008484,0.002501901478488805
3008485,58.142559867503486
3008474,0.010555999577440203
3008516,59.89848944672176
3008488,48.20079147938257
3008490,76.14305297706537
3008491,46.06366194730959
3008492,0.005344884160030857
3008493,38.72001778807152
3008494,38.73010303870152
3008495,0.0026317597348305436
3008496,42.98765815778455
3008497,0.005966336005337554
3008498,0.0
3008499,0.0
3008500,25.036547478550272
3008501,0.03605770656697602
3008486,58.14273750904566
3008503,44.06793785165558
3008504,0.010896902322341036
3008505,0.013275391213167738
3008506,0.012783665529391383
3008507,0.012783665529391383
3008508,0.008384618722794085
3008509,28.007929971655166
3008510,0.008447728152423858
3008511,0.01670336678226951
3008512,0.0018351169585121227
3008513,41.40776204722446
3008514,64.83544109085844
3008489,0.007728960741978488
3008515,0.0021197767373946417
3008517,0.0
3008571,0.02057683227644659
3008530,0.0026093371057025585
3008519,59.74741846007434
3008520,51.27466302794544
3008521,0.00437636933799797
3008522,0.004594430184989076
3008523,78.83566882934991
3008524,0.0047299053021895
3008525,0.0022325470746160777
3008526,40.17211094844327
3008527,40.1894641510386
3008528,0.0
3008518,59.74724101828589
3008529,43.96763754931566
3008543,0.0032371998691908786
3008532,41.24002669328482
3008533,25.67430977211669
3008534,0.009113179765303413
3008535,0.0047271798293276384
3008536,45.01365467971985
3008537,0.0043317764274002826
3008538,0.00737135812855976
3008539,0.0068857563283906045
3008540,0.0068857563283906045
3008541,46.741232049930034
3008531,0.0
3008502,0.011327514998279388
3008544,0.020219046965320387
3008570,0.020166091081363927
3008558,0.015291455247209245
3008547,61.64373996696229
3008548,0.007697128588627017
3008549,57.54258283433444
3008550,0.012492605718823654
3008551,57.39262192602702
3008552,57.392799262796125
3008553,49.60093868235179
3008554,0.017546088488871563
3008555,0.017763561656216727
3008556,74.94979992665509
3008546,0.009572525582102736
3008557,0.017898351006205345
3008545,0.007494183713924589
3008560,38.20277630052487
3008561,0.01259131777662861
3008562,42.30308322776442
3008563,0.01576890505266818
3008564,0.0009096202557042003
3008565,0.006570152607718807
3008566,24.47297973460489
3008567,0.04902681014703939
3008568,0.020661037509879885
3008569,43.135863621643786
3008559,38.19476425929262
3008572,0.020075951072914044
3008463,44.91145724788737
3008574,46.20123788723148
3008586,50.589764824425146
3008628,43.01164729484234
3008576,0.02670001033706345
3008577,0.010395924639983185
3008578,0.0
3008579,41.382188809278446
3008580,63.80330157632012
3008581,0.0
3008582,58.99377635895804
3008583,0.0
3008584,58.843616171111904
3008601,0.0009481887027169927
3008585,58.843793144737646
3008600,0.037527718564550464
3008588,0.0007778106151344073
3008590,0.0009122005580254996
3008591,0.0
3008592,0.0
3008593,0.0
3008594,0.0
3008595,43.15737979401554
3008596,0.0
3008597,0.0
3008598,0.0
3008587,0.0005608762266390442
3008599,24.75937263582579
3008589,77.44000447776043
3008602,44.025878916456165
3008608,0.0014617032490910579
3008612,0.012014880232706653
3008611,0.009931611545304378
3008610,0.024983567652541748
3008609,0.004235628387602355
3008603,0.0005462789542971961
3008607,45.22423901477525
3008606,0.00309407904107207
3008605,0.00309407904107207
3008604,0.003578617759793889
3008614,0.010221468349675394
3008575,0.01907750491937154
3008613,63.07299232707952
3008615,58.39925289946855
3008616,0.007506439513591216
3008617,58.24857918570563
3008618,58.24875660646514
3008619,50.22773762453155
3008620,0.01253856445644297
3008621,0.012756622514478157
3008622,76.20936724810453
3008623,0.01289211201777374
3008624,0.010334312123759777
3008625,0.004757448816212496
3008626,0.006246456780122435
3008542,0.00488315524470359
3008627,0.007623781674521383
3008629,0.010763846412130039
3008655,76.3336224416963
3008631,0.0014360958855368113
3008632,25.02047927307484
3008633,0.0439333379317092
3008634,0.016514524570798425
3008635,44.066855310707886
3008636,0.016055499865891866
3008637,0.016462107851388387
3008638,0.015966834843186575
3008639,0.015966834843186575
3008640,47.207626891579096
3008656,0.034626238039331424
3008641,0.014586144882522214
3008643,0.020795666728409715
3008644,0.008061266943384358
3008645,41.05370823886788
3008646,62.59969536938505
3008647,0.024062839355026427
3008648,58.36768831197687
3008649,0.029144220791621038
3008650,58.217444576445025
3008651,58.21762205823774
3008652,50.177167193735784
3008653,0.03427405550028919
3008642,0.013475412208737847
3008654,0.03449154790133719
3008657,0.0318965144774399
3008573,0.020075951072914044
3008670,0.03735837303586573
3008659,38.5704765083996
3008660,0.02920309309453602
3008661,42.800378354313885
3008662,0.03248104997464767
3008663,0.01724100541505282
3008664,0.023222768612431225
3008665,24.82539759960102
3008666,0.05026679262916059
3008667,0.03752029194392296
3008668,43.67348322816478
3008658,0.026175916349377104
3008669,0.03693453185744852
3008630,0.0
3008672,0.03683970102200109
3008673,46.83667846947462
3008674,0.0358740977800937
3008675,0.04433410806152462
3008676,0.023071551248716567
3008677,0.008061311107840283
3008678,0.010137180172936404
3008679,62.961475076071686
3008680,0.008350018613653443
3008681,58.30437922517419
3008671,0.03683970102200109
3008682,0.005629763057321519
3008904,46.103232781195324
3008684,58.15390980530461
3008697,0.0
3008686,48.2076436309882
3008687,0.01087138764354162
3008688,76.05069501919061
3008689,46.03353296939045
3008690,0.008462573696517891
3008691,38.69505510110671
3008692,38.70501732774989
3008693,0.005751444216200808
3008694,42.953839404463295
3008695,0.008880427685004712
3008793,42.02967081773234
3008696,0.0
3008710,0.006712527845766289
3008699,0.04193013415447308
3008700,0.014610733158295596
3008701,44.003747550880206
3008702,0.014161788499289701
3008703,0.01456694920950527
3008704,0.014073619771070535
3008705,0.014073619771070535
3008706,47.1333297961643
3008707,0.012690882334594542
3008708,0.01119501052330369
3008698,24.979278249446956
3008709,0.021692191735195373
3008711,0.008782914214865649
3008737,0.012708476896650845
3008725,38.67341160722987
3008714,58.234179258743524
3008715,0.004276257989794225
3008716,58.083559209064504
3008717,58.0837365417548
3008718,50.1124345092841
3008719,48.163795593268475
3008720,0.009511668791796492
3008721,75.93322904629022
3008722,45.995535723601876
3008723,0.007112904746675438
3008713,0.007000372015552782
3008724,38.6636067368489
3008712,62.87893647133536
3008727,42.91108999955607
3008728,0.007521990333122254
3008729,0.0
3008730,0.0
3008731,24.948825521175472
3008732,0.040483346886549726
3008733,0.013237779281442607
3008734,43.957074729835284
3008735,0.012796257263356398
3008736,0.013200345089966009
3008726,0.004401203434297541
3008794,0.006141803805154801
3008738,0.012708476896650845
3008740,0.011323978329186255
3008765,0.04120026278665857
3008742,0.046981355906049585
3008743,0.0011677312101027685
3008744,42.219910738115004
3008745,67.6311342160672
3008746,0.0010921025980369153
3008747,62.13627345680956
3008748,0.0
3008749,61.894297049762464
3008750,61.894474664660656
3008751,52.73756090733644
3008766,0.0041889720905361845
3008752,0.0018862699204286626
3008754,82.58819151543243
3008755,0.0
3008756,0.0015922178347957255
3008757,40.51852507032676
3008758,40.53832083285202
3008759,0.0
3008760,45.67160283250033
3008761,0.0020341160167698926
3008762,0.0
3008763,43.23012753356277
3008764,27.193721984741977
3008753,0.0
3008739,47.07837145265844
3008767,46.65612980429556
3008792,0.002805030628422001
3008780,57.2507388595736
3008769,0.006802134145817146
3008770,0.006311535914081
3008771,0.006311535914081
3008772,49.48806736174092
3008773,0.005072377626399255
3008774,0.003937120299963489
3008775,0.019658574387716506
3008776,0.005053527087684614
3008777,0.006922910296456302
3008778,61.72280091225333
3008768,0.0037343166068404773
3008779,0.005404900961237214
3008741,0.00983192773441905
3008782,57.100465947345754
3008783,57.10064328003605
3008784,49.425697448737225
3008785,47.549503448493084
3008786,0.007904284259106444
3008787,74.39483030361444
3008788,45.212098948394356
3008789,0.005517407149666495
3008790,38.01519975442702
3008791,0.0014405447886284954
3008781,0.0026762262488307666
3008239,44.654357738589
3008795,0.0
3008876,0.00606107107690876
3008808,0.02547425728423819
3008797,24.315836591426937
3008798,0.027198350734625596
3008799,0.011600413612430537
3008800,42.99429663840462
3008801,0.011167749403351496
3008802,0.010873794196480463
3008803,0.010384411703116948
3008804,0.010384411703116948
3008805,0.006609650534179541
3008806,0.009354061583165938
3008850,49.42950451660832
3008807,0.01647610125969285
3008821,46.7474442898706
3008810,40.39381895335962
3008811,61.3604595544269
3008812,0.01244370291591837
3008813,56.942138712487264
3008814,0.009735110832798377
3008815,59.474395124681806
3008816,59.474572866911565
3008817,51.083228796476995
3008818,49.031898230070745
3008819,0.014995248894438255
3008809,0.012349365012888492
3008820,78.26278744865822
3008822,0.012557557845261962
3008848,57.10591714973833
3008905,0.00985410528226987
3008825,0.00984752897366707
3008826,43.75778544778445
3008827,0.013229012813266784
3008828,0.0
3008829,0.003949687853099493
3008830,25.546900194876777
3008831,0.02742703334160407
3008832,0.02001504224540082
3008833,44.93901800367398
3008834,0.019034915789525132
3008824,39.29881693108232
3008835,40.617228262157866
3008823,39.285882149073224
3008838,47.34881832045606
3008839,0.016598322310616358
3008840,0.011143955431329447
3008841,0.017010560743796085
3008842,0.0054207899540326425
3008843,0.007291524977521385
3008844,61.729242028586334
3008845,0.005513486654179356
3008846,57.25619196931481
3008847,0.002785122072190256
3008837,0.018239113880528474
3008796,0.0
3008849,57.10609448242863
3008685,50.16145336914738
3008864,0.02731227756253316
3008853,74.40401990932733
3008854,45.2149962109676
3008855,0.005625994705253786
3008856,38.017598245332785
3008857,0.0015488864750560886
3008858,0.0029136633531541617
3008859,42.03293143022013
3008860,0.006251146663350106
3008861,0.0
3008862,0.0
3008852,0.008013682065333651
3008863,24.31815783471307
3008877,61.88510780227639
3008866,42.981820670997394
3008867,0.01078288873129482
3008868,0.010489152385228823
3008869,0.010000179673798138
3008870,0.010000179673798138
3008871,45.86583559450414
3008872,0.008969064006690794
3008873,0.009578269924029055
3008874,0.01604022893567123
3008875,0.00419497369034116
3008865,0.01171087405771538
3008851,47.55290997315129
3008878,0.004700681749697092
3008461,43.0568805923437
3008892,42.13429934792884
3008881,57.23844661210015
3008882,57.23862400849066
3008883,49.52210369904242
3008884,47.63574829895697
3008885,0.007194684785975534
3008886,74.62635109385403
3008887,45.28548436092119
3008888,0.004813362202963961
3008889,0.0
3008890,0.0014665009156433959
3008880,0.0019699126693747144
3008891,0.0028309587011834496
3008879,57.388763256147726
3008894,0.0
3008895,0.0
3008896,24.418586625251695
3008897,0.042135149802837266
3008898,0.017115199049155025
3008899,43.29889918268482
3008900,0.01615298963621801
3008901,0.012346609081184325
3008902,0.011855711791861135
3008903,0.011855711791861135
3008893,0.006167682869698223
3008906,0.0028805573028948734
3008907,0.01668596138236178
3009506,52.71576073963468
3008919,75.48191503074908
3009351,39.77595715038309
3008909,0.0065049101594427325
3008910,62.75862305264039
3008911,0.004728566186611806
3008912,58.126301546875155
3008913,0.002003653804597091
3008914,57.73352986515298
3008915,57.733707543558346
3008916,49.85682308310913
3008917,47.931264992899166
3008918,0.007227553890916755
3008920,45.53135397811885
3008932,43.38443206110468
3008921,0.0048425485270989594
3008922,0.0
3008923,38.286687190767246
3008924,0.0021322868487668014
3008925,42.398996736849554
3008926,0.0054664407638479184
3008927,0.0
3008928,0.0
3008929,24.585032879749544
3008961,0.0
3008933,0.009997671937794664
3008935,0.009215937149566053
3008959,0.0061381486203805746
3008947,55.93683797132723
3008936,0.009215937149566053
3008937,0.005444535370687965
3008938,0.008184053608869316
3008939,0.0004452489930115941
3008940,0.016010530023682197
3008941,0.00416554355489614
3008942,0.0060316405919632965
3008943,60.35431071538233
3008944,0.004671265518739763
3008945,56.086701177351046
3008930,0.026509054873820364
3008946,0.0019404162097134124
3008934,0.009704236408920267
3008949,48.61299491827534
3008950,46.82258773748921
3008951,0.007165107086820551
3008952,72.44218806314018
3008953,44.59372909256365
3008954,0.0047837538719054
3008955,37.503421972519135
3008956,0.001436977125374937
3008957,0.0028014364224750662
3008958,41.354788810624605
3008948,55.93701530401753
3008931,0.01092536073499666
3008960,0.0
3008962,23.862024693009623
3008963,0.038397583095031496
3008975,0.0065625423210976695
3008964,0.012930463490474647
3008965,42.28318374889775
3008966,0.011994785263460914
3008967,0.011700360670012275
3008968,0.011210101802106047
3008969,0.011210101802106047
3008970,0.007431970054124444
3008971,0.009824275013715798
3008972,0.005159942450925054
3008989,38.07051032865158
3008973,0.016413389368347193
3008976,61.3461935020913
3008988,0.0
3008977,0.004527463623774643
3008978,56.925242670725055
3008979,0.0018019269026798642
3008980,56.775232886157745
3008981,56.775410218848045
3008982,49.18822149814492
3008983,47.333481355322654
3008984,0.00702519144206085
3008985,73.76655710084924
3008974,0.004499436100564079
3009129,0.004627887656146116
3008991,42.10579878705126
3009014,55.75741270746427
3009016,0.008839858400333724
3009003,46.11132599877755
3008992,0.0053839066032149475
3008993,0.0
3008994,0.0
3008995,24.42433502760716
3008996,0.050077108220870775
3008997,0.012786766575183859
3008998,43.13148715487629
3008999,0.011846676214369013
3009000,0.01225035146507807
3009015,48.48401716913419
3009001,0.011759049515888272
3009004,0.010375314683973812
3008990,0.0019305436853187788
3009005,0.0051942300228320975
3009006,0.016394459476267647
3009007,0.006520385418750317
3009008,40.37188252257946
3009009,60.14507969567389
3009010,0.006548596675278528
3009011,55.90697484747285
3009012,0.003824873511206869
3009013,55.75723523034162
3009002,0.011759049515888272
3009017,0.00905785593939328
3009019,0.009193217101107315
3009099,0.02894311266120218
3009031,42.61409232259179
3009020,0.006503270940620082
3009021,0.001108790080397873
3009022,37.508076217430336
3009023,0.003950443710820032
3009024,41.504641983365616
3009025,0.007068867248507948
3009026,0.0
3009027,0.0
3009028,23.748572450633095
3009029,0.03959316405454614
3009073,0.005267774329020636
3009030,0.0282126221203506
3009044,55.94147420759029
3009033,0.03035546341261719
3009034,0.029803879509636925
3009035,0.029803879509636925
3009036,45.67152463037988
3009037,0.02668819288414195
3009038,0.02243571791505118
3009039,0.017036610877505805
3009040,0.005029953294984178
3009041,40.36934783242219
3009042,60.18966121449365
3009032,0.02717879661640976
3009043,0.005058047873420114
3009045,0.002334027811138097
3009071,0.005209586600764932
3009059,0.0
3009048,48.50125555576211
3009049,0.007341895280008349
3009050,0.007559737072277448
3009051,72.22223794801721
3009052,0.007695016678825611
3009053,0.005170990252180036
3009054,37.42536230202939
3009055,37.42916816556564
3009056,0.002461360299946617
3009057,41.52128989117724
3009047,55.791990800513084
3009058,0.005572898030636517
3009046,55.791813467822784
3009061,23.796921277912336
3009062,0.05028277777295856
3009063,0.012360114665236463
3009064,42.19761397830158
3009065,0.011422743766339494
3009066,0.01182608374092169
3009067,0.011335234414503155
3009068,0.011335234414503155
3009069,44.450507898801966
3009070,0.010002542578935646
3009060,0.0
3008987,0.004640399017615255
3009072,0.01732702304429472
3009018,71.75552409259296
3009087,38.24485417032592
3009076,0.005360377450488793
3009077,58.04115743061668
3009078,0.0026358497747082125
3009079,57.649241161423575
3009080,57.649418908983904
3009081,49.80038936796828
3009082,47.881638605028826
3009083,0.007862790929339477
3009084,74.91072360217726
3009085,44.789890715601615
3009075,62.65711392637138
3009086,0.005316397507199734
3009100,41.322056305220755
3009089,0.0027636421185912117
3009090,42.528840190432575
3009091,0.006101028002028002
3009092,0.0
3009093,39.816969093195176
3009094,24.549342076941826
3009095,0.04250393167646716
3009096,0.02752296097952262
3009097,43.90613391035267
3009098,0.026491189916689622
3009088,38.252730404603646
3009074,40.75284362299051
3009101,0.028392903708924864
3009127,27.202345107910922
3009115,0.001976959318776994
3009104,0.02084488144828323
3009105,0.03909764325670419
3009106,0.0012580238650343138
3009107,42.21937381947487
3009108,67.62933367895782
3009109,0.001182386871065289
3009110,62.13474757790331
3009111,0.0
3009112,61.89277689290211
3009113,61.892954507800304
3009103,28.820929521789395
3009114,52.7364832553589
3009102,45.584957329147436
3009117,82.58563566826446
3009118,0.0
3009119,0.0016825710256946208
3009120,0.0
3009121,0.0
3009122,0.0
3009123,45.670639621440756
3009124,0.00247138407274533
3009125,0.0
3009126,0.0
3009116,0.0
3009352,39.81013142527834
3009128,0.04167131084373789
3009295,44.93092107034844
3009239,40.339673302392896
3009133,0.006750227962273024
3009134,0.006750227962273024
3009135,49.37820408049092
3009136,0.005460122604469514
3009137,0.0043239767962975646
3009138,0.016010530023682197
3009139,0.00416554355489614
3009140,40.43199614312533
3009141,60.35431071538233
3009142,0.004671265518739763
3009144,0.0019404162097134124
3009156,41.521306068315035
3009145,55.93683797132723
3009146,55.93701530401753
3009147,48.61299491827534
3009148,46.82258773748921
3009149,0.007165107086820551
3009150,72.44218806314018
3009151,44.59372909256365
3009152,0.0047837538719054
3009153,0.0
3009154,0.001436977125374937
3009143,56.086701177351046
3009185,0.005744746521102979
3009157,0.0061381486203805746
3009159,0.0
3009160,0.0
3009161,0.038397583095031496
3009162,0.01398628899215502
3009163,42.31568115490361
3009164,0.013043890341442863
3009165,0.012748862250965873
3009166,39.898731104502446
3009167,0.012257483002002382
3009168,45.083957119176
3009169,0.009242203061193997
3009170,0.005439554358824434
3009155,0.0028014364224750662
3009172,0.005637207380110049
3009173,40.45000723626498
3009174,60.37397738713526
3009175,0.005632242335453573
3009176,56.10344197630124
3009177,0.0029041380997159015
3009178,55.953573048231526
3009179,55.953750380921825
3009180,48.62468505804585
3009181,0.007915203932455855
3009182,0.008133253224713751
3009183,72.47024897622612
3009158,0.0
3009184,0.00826880682525967
3009132,0.007241296511909351
3009186,37.51078433824179
3009198,0.01382379104129676
3009210,0.004100455586325887
3009187,0.002397172096787357
3009188,0.0037642237302739296
3009189,41.53144457997275
3009190,0.006881107478989774
3009191,0.0
3009192,0.0
3009194,0.05126925083776068
3009195,0.014364024115193313
3009196,42.308042223629194
3009211,55.91909474267072
3009197,0.013419217064303199
3009199,0.01333125974630847
3009201,44.57250158328733
3009202,0.010364912424892956
3009209,56.068889672912306
3009203,0.006409538927479925
3009204,0.016672689301466297
3009205,0.00679514513603595
3009206,40.42958267974499
3009207,60.33543308922858
3009208,0.006823390851499422
3009200,0.01333125974630847
3009193,23.87407055330015
3009171,0.01763039148490437
3009238,0.0
3009237,0.01136186126469758
3009225,38.900497773755546
3009214,0.00911670521150907
3009215,0.009334702750568627
3009216,72.02446787921406
3009217,0.009470063912282662
3009218,0.006777986885744708
3009219,0.001381785407065897
3009220,37.58021595742057
3009221,0.004225358958975626
3009222,41.60333487734755
3009223,0.0073454523580398275
3009213,48.59708288873868
3009224,0.0
3009212,55.91927221979337
3009227,0.03988745826283433
3009228,0.028500452949970962
3009229,42.72312781453515
3009230,0.027464789015267832
3009231,0.030643175032948
3009232,0.03009128565616326
3009233,0.03009128565616326
3009234,45.80107556421777
3009235,0.0269750849406071
3009236,0.02272021274720927
3009226,23.817534547801063
3009240,61.23646564259423
3009131,0.004170857299885139
3009242,56.83191038007564
3009254,0.0
3009243,0.0
3009244,56.68193302043509
3009245,56.68211035312539
3009246,49.123047395361716
3009247,47.27518229068642
3009248,0.0020189237528923966
3009249,73.61039483888635
3009250,45.22090879921802
3009251,0.0
3009252,38.0216996204498
3009241,0.0
3009253,38.02848953092209
3009267,0.001129988172618798
3009256,3.731222486278254e-05
3009257,0.0
3009258,0.0
3009259,24.340328718097883
3009260,0.017005521358664316
3009261,0.005678945282008638
3009262,43.00286128512531
3009263,0.004784107885094358
3009264,0.005182233850242569
3009265,0.004698484927132903
3009255,42.347784108096185
3009266,0.004698484927132903
3009268,0.0016974739854634026
3009294,0.011875785264822015
3009282,79.575447084515
3009271,0.00771879612336103
3009272,41.63968249652118
3009273,65.66471760312034
3009274,0.008227921787293056
3009275,60.603603016150586
3009276,0.00550700081085953
3009277,60.18734390033719
3009278,60.18752179280514
3009279,51.581417895710416
3009280,0.010529536408237884
3009270,0.01570582181471556
3009281,0.010747641387159185
3009269,0.0
3009284,0.00834213634414203
3009285,39.372587577890314
3009286,39.40415927557609
3009287,0.006365102972449927
3009288,44.23456937332917
3009289,42.04762937147734
3009290,0.0
3009291,41.17769014880429
3009292,25.61240053817988
3009293,0.03662665242166528
3009283,0.010882787539401396
3009130,46.66889378134634
3009296,0.010947795008283837
3009298,0.0128344321125205
3009323,0.0
3009300,45.909193844694194
3009301,28.99555786783918
3009302,0.005350368981242295
3009303,0.01570582181471556
3009304,0.0048837100421840335
3009305,40.58052989337177
3009306,62.024781155976775
3009307,0.005389790746958356
3009308,57.507274280799024
3009309,0.002660758882222503
3009324,41.41061365649472
3009310,60.099565808906526
3009312,51.520104266560026
3009313,0.007670222435943552
3009314,0.007888327414864855
3009315,79.3086128254818
3009316,0.008023473567107066
3009317,0.005503957806356024
3009318,39.56630362708465
3009319,39.599125591799236
3009320,0.0035216284688433692
3009321,44.503436866004954
3009322,42.28336049635527
3009311,60.09974370137448
3009297,39.63966702676934
3009325,25.799610621187693
3009350,0.013887191272425714
3009338,40.72521779259452
3009327,0.009616459097417363
3009328,45.239749424230276
3009329,0.008702853118044121
3009330,0.011070649494391663
3009331,0.010581478054171367
3009332,0.010581478054171367
3009333,46.51054844369322
3009334,28.97093471224531
3009335,0.0031209731930793485
3009336,0.02451487149405119
3009326,0.03361275100917825
3009337,0.013252258317831845
3009299,0.0128344321125205
3009340,0.01376725059187949
3009341,57.93005073931646
3009342,0.011088997176219612
3009343,60.56781469623583
3009344,60.56799318031921
3009345,51.847400681539916
3009346,0.01638768328833157
3009347,0.016333452713204
3009348,80.09129777054851
3009349,0.016468526578503485
3009339,62.52177260714784
3009574,51.901975541108214
3008986,45.27142778878101
3009657,0.010954410962693544
3009355,42.53846330955846
3009356,0.00018313600933127396
3009357,41.6626775676266
3009358,26.002218865996085
3009359,0.04251172050520864
3009360,0.018112060625193768
3009361,45.54990174156379
3009362,0.01714467356235948
3009363,40.58330609184455
3009364,0.019053238944398733
3009365,0.019053238944398733
3009367,29.014979809274923
3009379,0.01638768328833157
3009368,0.011504394120478921
3009369,0.02451487149405119
3009370,0.013252258317831845
3009371,39.92128083428153
3009372,59.758898003876354
3009373,0.01376725059187949
3009374,55.57986915972661
3009375,0.011088997176219612
3009376,57.967898238105946
3009377,57.96807672218933
3009366,46.84158950978704
3009408,0.011088997176219612
3009380,0.016333452713204
3009382,0.016468526578503485
3009383,0.013887191272425714
3009384,38.610818905754186
3009385,38.63747441233889
3009386,0.01192018869348204
3009387,45.199459606685465
3009388,41.9615265877567
3009389,0.00018313600933127396
3009390,41.09261588397182
3009391,25.544035577421866
3009392,0.04251172050520864
3009393,0.018112060625193768
3009378,50.03125001625671
3009395,0.01714467356235948
3009396,0.01955137128264871
3009397,0.019053238944398733
3009398,0.019053238944398733
3009399,45.38792091542669
3009400,28.98519536828066
3009401,0.011504394120478921
3009402,0.02451487149405119
3009403,0.013252258317831845
3009404,39.92128083428153
3009405,59.758898003876354
3009406,0.01376725059187949
3009381,75.74001755814616
3009407,55.57986915972661
3009409,56.99798475543993
3009463,0.010580167361738684
3009422,0.00018313600933127396
3009411,49.353719727560424
3009412,0.01638768328833157
3009413,0.016333452713204
3009414,74.11674180131023
3009415,0.016468526578503485
3009416,0.013887191272425714
3009417,38.17615417949686
3009418,38.2000039762427
3009419,0.01192018869348204
3009420,44.521669918575114
3009410,56.998163239523315
3009421,41.40160818413121
3009435,0.01570439070916134
3009424,25.099368714934073
3009425,0.04251172050520864
3009426,0.018112060625193768
3009427,44.16762711387824
3009428,0.01714467356235948
3009429,39.55893494468879
3009430,0.019053238944398733
3009431,0.019053238944398733
3009432,44.68723541432806
3009433,28.886104792108785
3009423,40.53936843218959
3009394,44.84841896873664
3009436,0.004882291296123391
3009462,0.011069339561085257
3009450,37.992356234454604
3009439,0.005388372536718342
3009440,55.19507675422513
3009441,0.002659469199017441
3009442,56.58743437945084
3009443,56.58761226961027
3009444,49.06672680208097
3009445,0.0076689286273754365
3009446,0.007887033300129437
3009447,73.43062332042103
3009448,0.008022181031655104
3009438,59.30655869502627
3009449,0.0055026619997447
3009437,39.7895840449913
3009452,0.0035203371491175886
3009453,44.23512778482473
3009454,41.16487937345086
3009455,0.0
3009456,40.30545821480788
3009457,24.91135140382848
3009458,0.033611447016043274
3009459,0.009615147617766474
3009460,43.87981509744544
3009461,0.008701543184737716
3009451,38.01502061402515
3009353,0.01192018869348204
3009464,0.010580167361738684
3009466,28.844140854237974
3009467,0.0031196712257005677
3009468,0.052509921782309066
3009469,0.0034459168733961473
3009470,42.591517492369874
3009471,67.1892138630833
3009472,0.0033705155040385003
3009473,61.779472351262186
3009474,0.0006369554900568355
3009475,61.53852698074823
3009476,61.53870459564642
3009477,52.52362891205267
3009478,0.004126205377251026
3009479,0.0009182054917949863
3009480,81.91250248194648
3009481,0.0014085888052596397
3009482,0.0038627883904129856
3009483,0.0
3009484,0.0
3009485,0.0011497625283246877
3009486,45.08921956291247
3009487,0.004250485223942116
3009488,0.0
3009489,0.0
3009490,26.402302028451004
3009491,0.043733319142936725
3009519,42.36299574926979
3009520,39.61325406492019
3009494,0.006500551152911267
3009354,44.79438453344328
3009496,0.009065275836490748
3009497,0.009065275836490748
3009498,46.59256583201598
3009499,0.007803832363133081
3009500,0.007417809407059045
3009501,0.022257675437941573
3009502,0.01062603636436628
3009503,38.924559711919365
3009504,56.39798059445722
3009505,0.010719943028647531
3009492,0.006908452217897688
3009507,0.00801183147966809
3009508,53.94867782385761
3009509,53.9488562873505
3009510,47.213195734371986
3009511,0.013295803238941913
3009512,0.013241393879355424
3009513,69.03653476745508
3009514,0.013376207824583642
3009515,0.01081339768148368
3009516,37.37549457881241
3009517,37.37906578602352
3009518,0.0081050103827472
3009493,45.62020775773914
3009434,0.011504394120478921
3009521,0.0
3009562,0.008144580017876699
3009523,23.69455515320931
3009524,0.021964987441916238
3009525,0.01463075249634105
3009526,42.01121716813294
3009527,0.01368015396353329
3009528,0.016072792438236123
3009529,0.01557790552595599
3009530,0.01557790552595599
3009531,41.83626168760407
3009532,28.876517747276537
3009533,0.008437085955639637
3009534,0.02253312619056333
3009535,0.009695571805419127
3009536,38.433613879134015
3009537,54.77142312280739
3009538,0.009717536152119371
3009539,51.33211187357011
3009540,0.0070068463902255365
3009541,52.474408372669835
3009542,52.47458662141301
3009543,46.18327631104924
3009544,0.012286066698593457
3009545,0.012231956622894174
3009546,66.56932147969707
3009547,0.012366917080408765
3009465,44.39101435955299
3009522,0.002211928880481669
3009550,36.13220020210798
3009551,0.007102032237532039
3009552,41.334189534113385
3009553,0.010468269614485989
3009554,0.0
3009555,0.0
3009556,22.915979217641418
3009557,0.024759454580009506
3009558,0.009845009956602955
3009559,40.845037675827314
3009560,0.008924444678749203
3009561,37.46931479069548
3009548,0.009810376742112237
3009563,0.008144580017876699
3009564,41.999595028082894
3009565,0.013825343448891006
3009566,0.008326671839158972
3009567,0.013515491827709194
3009568,0.0022570114077315197
3009569,38.28533814951173
3009570,54.13696856470818
3009571,0.0027602671600982314
3009572,50.79762712263619
3009573,2.3847132731051428e-05
3008908,0.004636076532382811
3009549,0.004236692679251201
3009575,51.90215343830824
3009495,0.009553152743663869
3009577,0.0050211956511027455
3009686,0.0
3009590,0.03629306204851006
3009579,65.5888114779392
3009580,0.005374444172602979
3009581,0.002874534335072427
3009582,0.0
3009583,35.90169502403206
3009584,0.0008872835393170034
3009585,40.96086298384061
3009586,0.0042098127236581
3009587,0.0
3009604,0.0
3009588,0.0
3009591,0.012174500034769893
3009603,55.149329694733154
3009592,40.87048111909712
3009593,0.011244617886317297
3009594,0.0109507604683166
3009595,0.010461725625944426
3009596,0.010461725625944426
3009597,41.82167541184738
3009598,0.008458443558780449
3009599,0.003002480654605167
3009600,0.00854768940818226
3009589,22.81506368196031
3009601,0.0
3009606,0.0
3009629,0.0019849094369805845
3009687,42.926949295620766
3009618,40.68795029679059
3009607,51.511416021396684
3009608,51.511594077999
3009609,45.52187754815281
3009610,0.0
3009611,0.0
3009612,64.93242442749768
3009613,0.0
3009614,0.0
3009615,35.718390594985394
3009630,42.155844680389094
3009616,35.72635985442202
3009619,0.0
3009605,51.6592010702189
3009620,0.0
3009621,0.0
3009622,22.645068324162267
3009623,0.03882009373753924
3009624,0.002941139471755125
3009625,40.5838906136194
3009626,0.0020695618176999504
3009627,0.002465144340896886
3009628,0.0019849094369805845
3009617,0.0
3009688,26.926382936283527
3009602,38.59137341190442
3009632,0.0
3009659,0.010026435148632896
3009658,38.17845804931478
3009635,37.49357144524381
3009636,50.71198435643603
3009637,0.004188798003769404
3009638,47.879412301174966
3009639,0.001462132291450024
3009640,47.73261111855891
3009641,47.73278866961816
3009642,42.871599781068355
3009643,41.683248149903804
3009660,0.009732940015113723
3009644,41.708196790342704
3009646,40.21614112425999
3009647,0.0043024898140250675
3009648,33.87955380403943
3009649,0.00023000076178583293
3009650,0.001592015410013318
3009651,38.409049091536694
3009652,0.004922844419842827
3009653,0.0
3009654,0.0
3009655,21.09313261976503
3009576,45.79371494648695
3009645,58.6999711782086
3009631,0.0
3009661,0.00924447028333281
3009684,45.31879772911594
3009633,0.015866656251085885
3009673,61.36276397514259
3009662,0.00924447028333281
3009663,0.004863012241332101
3009664,0.007599304854618377
3009665,0.002169809454472052
3009666,0.03692177243646232
3009667,0.0
3009668,42.11038622850974
3009669,66.9804605961143
3009670,0.0
3009685,0.0
3009671,61.6026156400272
3009674,61.36294209576562
3009634,0.004096409491500307
3009675,52.40102803326562
3009676,0.0
3009677,0.0
3009678,81.49128026745322
3009679,0.0
3009680,0.0
3009681,40.28838876489033
3009682,40.30636812503838
3009683,0.0
3009672,0.0
3009689,0.03378795457844724
3009656,0.01886300489688953
3009768,69.18593283545802
3009701,42.329628988341554
3009690,0.0
3009691,46.30547468817351
3009692,0.0
3009693,0.0008821695902899477
3009694,0.00040357874379175207
3009695,0.00040357874379175207
3009696,48.460465853545934
3009697,0.0
3009698,0.0
3009699,0.04369909986167575
3009700,0.0062525068120963465
3009702,67.72738372392314
3009714,40.60897102328996
3009703,0.006176895429498124
3009704,62.23543739337644
3009705,0.0034513527059000363
3009706,61.9929756806994
3009707,61.993153295597594
3009708,52.841088018497985
3009709,0.006945125561177847
3009710,0.0037180836215305753
3009711,82.67604847193671
3009715,40.62855446363821
3009717,45.75926923027087
3009741,52.841088018497985
3009740,61.993153295597594
3009769,0.008398286980547703
3009729,49.57192259776305
3009718,0.007077261579447105
3009719,0.0
3009720,43.31613401948628
3009721,27.23703313044075
3009722,0.04620734030949976
3009723,0.009213737291714465
3009724,46.74150750139148
3009725,0.008793372336711965
3009726,0.011859745394375405
3009712,0.004210440640361482
3009727,0.011369405138992426
3009730,0.010111513729934343
3009716,0.00395948077955302
3009731,0.008977399396542404
3009732,0.04656797199755336
3009733,0.0062525068120963465
3009734,42.329628988341554
3009735,67.72738372392314
3009736,0.006176895429498124
3009737,62.23543739337644
3009738,0.0034513527059000363
3009739,61.9929756806994
3009728,0.011369405138992426
3009713,0.006671318274036109
3009743,0.0037180836215305753
3009744,82.67604847193671
3009771,0.005679121907970059
3009745,0.004210440640361482
3009757,46.74150750139148
3009746,0.006671318274036109
3009747,0.0011186781044982147
3009748,40.62855446363821
3009749,0.00395948077955302
3009750,45.75926923027087
3009751,0.007077261579447105
3009752,0.0
3009754,27.23703313044075
3009773,62.934035425869595
3009755,0.04620734030949976
3009758,0.008793372336711965
3009770,63.47077690872826
3009759,0.011859745394375405
3009760,0.011369405138992426
3009761,0.011369405138992426
3009762,49.57192259776305
3009763,0.010111513729934343
3009764,0.008977399396542404
3009765,0.049533851750800516
3009766,0.007959766544034118
3009742,0.006945125561177847
3009756,0.009213737291714465
3009797,0.010400160567926333
3009753,43.31613401948628
3009767,42.74063439790269
3009796,28.72163239470834
3009785,0.0
3009774,53.49752343246139
3009775,51.34974396773971
3009776,0.005935651743621305
3009777,84.25860802622182
3009778,48.22040828837035
3009779,0.008895379472325882
3009780,40.741451118841184
3009781,40.76171448035502
3009782,0.006183959257499845
3009783,45.94214283314467
3009578,0.005239301257612948
3009786,43.49190477699857
3009784,0.009541392698872954
3009794,0.013517899836466337
3009793,43.43616496652466
3009792,0.014010240305719655
3009791,0.011628612857816498
3009795,47.96306062161769
3009789,0.012063959687218226
3009788,0.03682648256069114
3009787,27.36387311328516
3009772,62.93385745047265
3009790,46.962278911435476
3009808,0.0003886447487496163
3009800,40.11607839271999
3009801,58.63006991097512
3009802,0.0
3009803,54.7589604965165
3009804,0.0
3009805,54.803178718328745
3009799,0.0
3009806,54.8035056359819
3009807,48.07677910399948
3009810,70.05119457353643
3009815,0.0
3009811,0.0004985526817573446
3009812,0.0
3009813,0.0
3009814,40.86400657303913
3009816,44.34041794191666
3009817,0.0
3009818,0.0
3009819,0.016393544658136167
3009820,41.727040386618675
3009821,0.025746028104207994
3009798,0.0360555872627055
3009822,0.013834528573890705
3009809,0.0
3009827,0.01214737167254487
3009823,45.827039891743546
3009850,0.0
3009828,48.01974612558648
3009829,0.0
3009830,0.01585116081436367
3009831,0.04308159926222373
3009832,0.0
3009833,4.5601248812820756e-05
3009834,57.751592007260285
3009835,0.0
3009836,53.91659210542054
3009838,53.96047412199063
3009905,50.022758579610894
3009824,0.01007387422040298
3009840,47.29679955996981
3009841,45.78005494632235
3009842,0.003232684209099684
3009843,69.06610202592017
3009844,0.004408648844309149
3009845,0.003753847183301683
3009846,0.0
3009847,0.0
3009848,0.0
3009849,43.6046594546749
3009825,42.5840360465287
3009839,53.96079911746493
3009851,0.0
3010017,0.01831983495791102
3009892,0.016582394449630198
3009854,0.028728358776760006
3009855,0.01770359068226787
3009856,45.046478878648976
3009857,0.013883254890150583
3009858,0.016530548621720827
3009859,0.012486820025136697
3009860,0.013992050578584898
3009861,47.25857544823875
3009862,31.440384405817557
3009863,0.007397418070740608
3009864,0.018156851877250246
3009877,0.008911241069535397
3009865,0.003654404390275854
3009867,56.02304177383615
3009868,0.004420126865240619
3009869,52.45039823945875
3009870,0.006012726205569757
3009871,52.303673216708596
3009872,52.30399872959915
3009873,46.15291287602249
3009874,44.752908489120635
3009875,0.007727175347840511
3009876,66.24842008350984
3009938,50.022758579610894
3009866,0.004506553587360277
3009852,0.020251914000886235
3009878,0.008248195364406975
3009880,39.27356406582526
3009881,0.002500614018039712
3009882,42.38027156692576
3009883,0.0
3009884,0.0
3009885,0.02487606582091494
3009886,39.8533331957959
3009887,0.032253716635601275
3009888,0.021833351871860453
3009889,43.63497545046231
3009890,0.017987925884573184
3009891,0.020652745244352542
3009879,39.197203363310614
3009893,0.01809759108594936
3009894,44.79481501421988
3009895,31.868365992013178
3009896,0.0204177989322639
3009897,0.021300033243815877
3009898,0.0005515933761324261
3009899,38.11393967531333
3009900,53.11987286962126
3009901,0.0013128564399172648
3009902,49.98235407160731
3009903,0.002894926580288005
3009904,50.02243362688099
3009853,0.009416943529316824
3009826,0.01214737167254487
3009994,31.281602995451603
3009906,44.57064352071197
3009910,0.005764023679368197
3009911,0.0051103937074000825
3009912,0.0
3009913,38.478842692840544
3009914,0.0
3009915,41.28494665867278
3009916,0.0
3009917,0.0
3009918,40.17616077353269
3009919,38.8668053040022
3009921,0.021606397752649133
3009909,62.089639372049746
3009933,53.11987286962126
3009923,0.016968864212193593
3009924,0.019626747081437215
3009925,0.015587734380157005
3009926,0.017098985002727524
3009927,44.75434021728264
3009928,31.24415831635503
3009929,0.0089860631541059
3009930,0.021300033243815877
3009931,0.0005515933761324261
3009932,0.0013980087800604876
3009961,31.24415831635503
3009922,42.432003322961464
3009963,0.015444567697764101
3009920,0.02983239851407003
3009934,0.0013128564399172648
3010019,0.030336627406870098
3009939,44.57064352071197
3009940,43.32972726857574
3009941,0.004586639442525005
3009942,62.089639372049746
3009943,0.005764023679368197
3009944,0.0051103937074000825
3009945,38.40995021389767
3009946,38.478842692840544
3009947,0.0
3009949,0.0
3009962,0.0089860631541059
3009935,49.98235407160731
3009951,0.02197273753180896
3009952,38.8668053040022
3009953,0.02983239851407003
3009954,0.021606397752649133
3009955,42.432003322961464
3009956,0.016968864212193593
3009957,0.019626747081437215
3009958,0.015587734380157005
3009959,0.017098985002727524
3009960,44.75434021728264
3009936,0.002894926580288005
3009950,0.0
3009837,0.0015416139687794723
3010018,0.011025154419088697
3009993,45.94029351269
3009967,0.002796841053706734
3009968,50.97933648502481
3009969,0.004383878186291863
3009970,51.02042954143688
3009971,51.020754483154576
3009972,45.26470055859403
3009973,43.95460667889432
3009974,0.0060934614162555766
3009975,63.759095382392445
3009977,0.0050512508468518865
3009989,0.01777574760350197
3009966,54.29178402260521
3009978,0.0
3009980,0.000912141342128626
3009981,41.755810064787575
3009982,0.0
3009983,0.0
3009984,0.0235740023150603
3009985,0.008160991241510703
3009986,0.03976004196511397
3009987,0.02242162592504127
3009988,43.090390348377426
3009908,0.004586639442525005
3009907,43.32972726857574
3009979,40.16891538875411
3010004,51.16155602386182
3009965,0.00288272327535318
3009964,0.0020335839900669376
3009995,0.011131972169741173
3009996,0.019395513551392962
3009997,0.0007209577003459663
3009998,38.457357912369446
3009999,54.46824453035968
3010000,0.0014835325077269925
3010001,51.12057602265302
3010002,0.003068792182497912
3010003,51.16123102527743
3010005,45.34447647979444
3009991,0.017741160652862107
3009976,0.007274211666818107
3010006,44.02049328735059
3010008,64.34994773778392
3010009,0.005926852803802247
3010010,0.0052838753180825485
3010011,38.86641059401394
3010012,0.0
3010013,0.0
3010014,41.815913334081884
3010015,0.0
3010016,0.0
3009992,0.01925911214135698
3009990,0.02043845286103695
3010007,0.004747890552707687
3010240,0.008807732395317302
3010131,53.849361242423996
3010160,0.015117942208115815
3010023,0.01904455208657766
3010024,42.50616211538724
3010025,0.016494681270893742
3010026,45.655597425579934
3010027,31.300829017457282
3010028,0.008357799366162637
3010029,0.0152335685594971
3010030,0.0013690349043098075
3010031,0.0022185219169757776
3010033,0.002132567916674285
3010045,41.37979597793014
3010034,52.86300914248046
3010035,0.0037202453283028828
3010036,52.905333562352446
3010037,52.90565854681308
3010038,46.55973035467441
3010039,45.008424583800384
3010040,0.005415476451417184
3010041,67.00541858995612
3010042,0.00659604279322705
3010043,0.005950984734610097
3010044,41.28469462142379
3010073,0.0025170526831361393
3010022,0.016385268508181818
3010021,43.16862902777338
3010032,56.51506195992182
3010128,0.017945000479440667
3010051,39.47849461387057
3010052,0.038705541834887974
3010053,0.0193753904513843
3010054,43.24405784120017
3010055,0.015542824400105366
3010056,0.018198686299362072
3010057,0.015487537227250318
3010058,0.017001588336802702
3010059,0.008368951514997749
3010061,0.019337168784161494
3010047,42.48679741293627
3010074,67.23299503129127
3010062,0.014715267319844254
3010064,39.03683700280478
3010065,56.67503103313919
3010066,0.0
3010067,52.99931953767152
3010068,0.0008421937420416153
3010069,53.04170619291348
3010070,53.04203118838778
3010071,46.65499772586337
3010072,45.09364404239169
3010048,0.0
3010046,0.0002164813069741744
3010063,0.0
3010075,0.0036915136980488874
3010115,0.0
3010104,47.29880692076707
3010078,39.684009782836625
3010079,0.0
3010080,42.82156123384971
3010081,0.0
3010082,0.0
3010083,41.27698875984891
3010084,40.01254769508815
3010085,0.03562157261509886
3010086,0.01702060154688331
3010087,44.30813277879546
3010088,0.01320525112450794
3010077,39.60369705395479
3010089,0.0158490551903911
3010091,0.014657254246762026
3010092,0.006286349123004405
3010093,31.365064281191398
3010094,0.008060088541514781
3010095,0.017186215538069104
3010096,0.00048705878214426446
3010097,38.61976069130092
3010098,55.262921352484675
3010099,0.0012496891095581343
3010686,46.7320367440142
3009937,50.02243362688099
3010090,43.08742598497456
3010050,0.01842936227757611
3010100,51.79459639753285
3010102,53.96787884536629
3010105,45.668426290273906
3010106,0.00451446258055382
3010107,68.78552231368089
3010108,0.005692849525440231
3010109,0.005049268188469003
3010110,0.0
3010111,0.0
3010112,0.0
3010113,43.36006235007221
3010114,0.0
3010116,41.76696387205052
3010101,0.00283469640409679
3010076,0.003053168274104233
3010118,0.030088509424037766
3010119,0.019035249919044518
3010120,44.927982533789226
3010121,0.015205123407594442
3010122,0.017859231626443147
3010123,43.61786099076229
3010124,0.015314234351491984
3010125,46.45054922717241
3010126,31.842758720917544
3010127,0.008715116888136835
3010103,53.96820427489305
3010117,40.45166209749065
3010049,0.0
3010060,0.006494766922017023
3010129,0.0034394034909035536
3010133,50.60390367793055
3010134,0.0057951563472529175
3010135,50.64401565813099
3010136,50.644340610860894
3010137,45.004848575948785
3010138,43.626237011312554
3010139,0.007477899176112509
3010140,62.87379426401752
3010141,0.00842853058042377
3010142,0.007625392135923623
3010144,0.002037726757874623
3010132,0.004204252379431306
3010156,0.018417346612901703
3010146,41.445706584515065
3010147,0.0
3010148,0.0
3010149,0.02070131644204055
3010150,0.008752558951288108
3010151,0.03176992013565492
3010152,0.024468819548374956
3010153,42.7496264613892
3010154,0.0198060155011798
3010155,0.022478510821619137
3010184,0.015636308238300187
3010145,0.0021724004283982757
3010186,45.067639122457805
3010143,0.0011518282776827962
3010157,0.019936901838870064
3010161,0.021745823410836584
3010162,0.0
3010163,39.33883910451392
3010164,57.785114284903266
3010165,0.0
3010166,53.92818178113481
3010167,0.0
3010168,53.97218205332014
3010169,53.972507048794434
3010170,47.27038149947803
3010172,0.0
3010185,0.003734606807550112
3010158,45.11638550536858
3010174,0.0
3010175,0.0
3010176,0.0
3010177,40.11631409310012
3010178,0.0
3010179,43.583518195106194
3010180,0.0
3010181,0.0
3010182,42.33833397709203
3010183,40.866688001781036
3010159,31.276832748155872
3010173,69.16400712675826
3010171,0.0
3010020,42.993909993461855
3010216,40.2571919834442
3010189,0.0
3010190,0.0
3010191,47.26522713365277
3010192,0.0
3010193,0.0
3010194,0.01677138764769924
3010195,0.0037238457344728566
3010196,39.44853393545699
3010197,58.010352404275096
3010198,0.004489811750290883
3010200,0.006083006671406488
3010188,0.0015449572389397556
3010212,43.113465375044896
3010202,53.98102188445216
3010203,47.32131004668361
3010204,45.69329738951808
3010205,0.007782936029077699
3010206,68.77689232367604
3010207,0.008734138313610649
3010208,0.008085876452085451
3010209,0.0014008447362611224
3010210,39.909211878844715
3010211,0.002439498847660494
3010130,0.004290656882776099
3010201,53.980696371561606
3010227,0.016845751994667885
3010199,54.14211942287621
3010213,0.0
3010217,0.041048170580119794
3010218,0.021654648783054724
3010219,44.62108059619033
3010220,0.017809610225958495
3010221,0.020474159502191214
3010222,0.01775418546246803
3010223,0.01927318934547222
3010224,45.90080052624885
3010225,31.891488017453895
3010226,0.011958027971571519
3010228,0.0037968593297941227
3010187,0.0
3010214,0.0
3010230,58.278638148281004
3010231,0.00456291563841365
3010232,54.370705625498175
3010233,0.0061563254233396895
3010234,54.207389344686256
3010235,54.207714868403
3010236,47.47966940484099
3010237,45.83495314202361
3010238,0.007856418414029454
3010239,69.15516806046479
3010215,0.020708105519068157
3010229,39.52636041878589
3009948,41.17029879337737
3010384,43.807544143965764
3010687,0.007870626269128012
3010464,0.00590340131709172
3010245,43.24345824038739
3010246,0.0
3010247,0.0
3010248,0.02078340939206101
3010249,40.088583435180304
3010250,0.041126125659587405
3010251,0.02172992410604208
3010252,44.06816073354237
3010253,0.017884358942590654
3010254,40.40877886708729
3010256,0.019348141965909265
3010268,51.12100901897273
3010257,45.015223785423096
3010258,0.008123833443549631
3010259,0.011579463947144507
3010260,0.01695845547231081
3010261,0.0030049987221579854
3010262,0.0038571627141670865
3010263,54.42236615729206
3010264,0.003770568524319072
3010265,51.07998489807301
3010266,0.005363149291445755
3010255,0.017828929466648363
3010352,0.020530514582016005
3010269,45.313119080618236
3010271,0.007061879419402896
3010272,64.02716787189549
3010273,0.008012687442104099
3010274,0.007364346880820645
3010275,38.77220738070419
3010276,0.0015843184759077196
3010277,0.0017219228815879336
3010278,41.69360007186737
3010279,0.0
3010280,0.0
3010281,0.019982561397229134
3010282,39.07627576511463
3010267,51.120683904985896
3010284,0.02108365452758137
3010285,43.383968101594306
3010286,0.017238898190583423
3010287,0.01990328541668816
3010288,0.017183509800212222
3010289,0.0187024224136041
3010290,46.34128052179675
3010291,31.346741215678108
3010292,0.010957051881350504
3010293,0.018623145752746092
3010294,0.004359845156375383
3010295,39.08779200336082
3010270,43.89334121044001
3010296,56.82517069406657
3010297,0.005126946622624391
3010298,53.12878756152932
3010324,0.007898007050119728
3010301,53.17168646323091
3010302,46.74873476492769
3010303,0.009284494458198334
3010304,0.008424573875728982
3010305,67.44230651787414
3010306,0.00937739951553198
3010307,0.008726432849570007
3010308,40.20532430521594
3010309,40.291926516214474
3010310,0.003711196185929768
3010325,0.022392653390728327
3010311,42.9137860624047
3010313,0.0
3010314,41.36288791725568
3010315,40.0906750181359
3010316,0.028089299514194394
3010317,0.023294937350081764
3010318,44.83013805964942
3010319,0.01943517569237317
3010320,0.02168340515130128
3010321,0.017601139818809664
3010322,0.019120817979357874
3010323,46.65667975860312
3010312,0.0
3010283,0.039635198346794
3010326,0.017824464507340217
3010351,42.49035425967895
3010339,0.00971418782856081
3010328,38.31262640299474
3010329,53.28644057633557
3010330,0.005461505169519166
3010331,50.11368386887195
3010332,0.007058722235982545
3010333,50.153501446644576
3010334,50.15382674561522
3010335,44.6406479202368
3010336,0.009621496581188554
3010337,0.008760888936194844
3010327,0.004693986017104389
3010338,62.40618229078417
3010299,0.006723203252087628
3010341,38.27007308408518
3010342,38.33943381711741
3010343,0.004045811215829948
3010344,41.00642321422868
3010345,0.0
3010346,0.0
3010347,0.022346431736916132
3010348,38.3689525323651
3010349,0.0347145565600538
3010350,42.32467505419064
3010340,0.009062438702124018
3010353,0.02278371357820226
3010300,53.17136124513621
3010355,0.02021554623753788
3010408,0.0033463965093122753
3010356,44.92803823022172
3010357,0.007946126071791985
3010358,0.02446636920986686
3010359,0.014516002536764085
3010360,0.003255223941756678
3010361,39.197731227894316
3010362,56.19032081193791
3010363,0.004020798134190859
3010364,52.58975212591138
3010365,0.005612773425953546
3010366,52.63186123462058
3010367,52.6321870291075
3010368,46.37570681212752
3010369,0.008167882732557235
3010370,0.007312455934575632
3010371,66.53351011669544
3010372,0.008262762758135594
3010373,0.007614965054930727
3010374,0.001609289510613846
3010375,41.344572819453994
3010376,0.002604796161796961
3010377,42.44537778274252
3010378,0.0
3010379,0.0
3010407,0.0024865426977502135
3010380,0.021525693917185573
3010382,0.035665370315524074
3010688,0.011236507078852343
3010385,0.01896123201823595
3010386,0.02056935974634054
3010387,0.02009351926724129
3010388,0.01936816426793747
3010389,45.29753456583111
3010383,0.02281469700287467
3010390,0.007777306762656356
3010391,0.020194485363682894
3010392,0.018831713309403652
3010393,0.0041358908351569355
3010244,0.0025125239293419693
3010400,50.853364971418145
3010396,0.004902705184126524
3010397,50.81260377490221
3010398,0.006498438380412146
3010399,50.853039959497444
3010401,45.129196193952325
3010402,0.009058841801437774
3010403,0.008199055696864126
3010404,63.57379629604326
3010405,0.009151702044822319
3010406,0.008501270153430092
3010381,39.38520247803668
3010395,54.10679790138215
3010463,50.79034486395716
3010461,54.08067469666153
3010450,42.49033350712359
3010411,0.0
3010412,0.0
3010413,0.021847374356122645
3010414,38.882714680612985
3010415,0.03433042597359351
3010416,43.08116731968494
3010417,43.25706413682534
3010418,0.020779870260700935
3010419,0.02303399126623606
3010420,42.26669633425672
3010421,0.020464770347195186
3010422,46.08202908081247
3010423,0.007712583571082235
3010424,0.015184356413191437
3010425,0.01781909731186475
3010426,0.0046886651744767706
3010427,38.31260489556832
3010428,53.286419053952635
3010429,0.0054561768897197875
3010430,50.1136623254258
3010431,0.007053391390193028
3010432,50.15347866500156
3010433,50.1538039465109
3010434,44.64062512113248
3010435,0.009616153568674075
3010409,0.0034868224184753916
3010410,41.55458447268937
3010438,0.009708828242804213
3010439,0.009057092620653464
3010440,38.27005249083211
3010441,38.339413223864334
3010442,0.004040471847128863
3010443,41.006402604800186
3010444,0.0
3010445,0.0
3010446,0.022341061825048684
3010447,38.36893079106481
3010448,0.03470917766287244
3010449,0.02520229455075153
3010436,0.008755521739975404
3010451,0.020525133892502944
3010452,0.0227783328886892
3010453,0.0209373307667249
3010454,0.02021016713898118
3010455,44.92802058036951
3010456,0.00794077967843869
3010457,0.024461022816513564
3010458,0.01822604621450657
3010459,0.0035434044065487196
3010460,0.004396307417647491
3010354,0.0209427098652816
3010462,0.004309482605116374
3010437,62.4061594353221
3010574,0.0017609542680733356
3010465,50.83076229517817
3010618,0.016307782276701818
3010467,45.113636216032106
3010468,43.71596642385681
3010469,0.007602823831162813
3010470,63.53662416533486
3010471,0.008554487528910392
3010472,0.007905436091589294
3010473,38.663635020644186
3010474,38.73650432148647
3010475,0.002893596187030569
3010476,41.54152637007661
3010477,0.0
3010478,0.0
3010479,0.021234823627025175
3010480,38.87212021263412
3010481,0.03370464333217142
3010482,0.024843670931189686
3010483,43.241569439977226
3010484,0.020170032325702837
3010485,0.022421513963061503
3010486,42.25236225746334
3010487,0.019855271001793854
3010488,46.06298686604431
3010489,0.007112601327204622
3010490,0.014575602973306095
3010491,0.01685840460161919
3010519,0.01696114512298297
3010575,40.595474772481396
3010494,54.02181010315567
3010495,0.002969896153466708
3010496,50.74019303900599
3010497,0.004559723099710481
3010498,50.780562786511176
3010499,50.78088780294617
3010500,45.07856961141785
3010501,43.684599121915895
3010502,0.006256439190379741
3010503,63.4528400619413
3010504,0.007205890531351324
3010505,0.0065599557650261745
3010492,0.002205479900033455
3010507,0.0014171214594561727
3010508,0.0015539948342197093
3010509,41.51209693434663
3010510,0.0
3010511,0.0
3010512,0.01985166431739955
3010513,38.848241161425626
3010514,0.0322916891507387
3010515,0.02345436302992645
3010516,43.206649701207695
3010517,0.018792999255973032
3010518,0.021038511115628412
3010493,0.003056141683356414
3010506,38.64198470631313
3010520,0.01847898671541404
3010561,0.0038101041809785433
3010523,0.013201023007237828
3010524,0.032666042271982776
3010525,0.0
3010526,39.54098546728528
3010527,58.47658945607066
3010528,0.0
3010529,54.517331438433985
3010530,0.0
3010531,54.56195230605988
3010532,54.56227729052051
3010533,47.68235823839649
3010546,41.16038989492869
3010534,0.002034150046768317
3010536,70.15618013610671
3010537,0.0021249252788387136
3010538,0.0014526137949972887
3010539,0.0
3010540,40.37500273875516
3010541,0.0
3010542,43.93580519358973
3010543,0.0
3010544,0.0
3010545,0.01948553701590986
3010243,42.06648840267634
3010535,0.0011783590027244072
3010521,46.020081058549195
3010547,0.029382158875125363
3010549,45.44838268156661
3010550,0.012689264860390511
3010551,0.014296297353147355
3010552,0.01022852235156077
3010553,0.01174277462678927
3010554,47.85531422886058
3010555,0.0010625468532651085
3010556,0.004944366399487795
3010557,0.013658684777722304
3010558,0.0030446457775842955
3010559,0.0038967133923336365
3010560,52.64402537415177
3010548,0.01654001405361624
3010562,49.56627336127161
3010563,0.005402496920915382
3010564,49.605567364147895
3010565,49.60589238058289
3010566,44.25777932058533
3010567,42.950396736967164
3010568,0.007100910812638166
3010569,61.49208566741005
3010570,0.008051750289907211
3010571,0.007403862074481807
3010572,37.96701312580776
3010573,38.03433967152309
3010522,0.005757769125008501
3010241,0.008159300110864881
3010576,0.0
3010578,0.02060161740854411
3010579,0.008640769156034732
3010580,0.039334741615462285
3010581,0.022687951606243283
3010582,42.09641067227703
3010583,0.01803336041005247
3010584,0.020701098534780672
3010585,0.01662635142121505
3010586,0.018143209537007324
3010587,0.007523621184387048
3010588,0.005427224116825976
3010589,0.021865131820046818
3010590,0.01348618197168809
3010591,0.004456971904010162
3010592,0.0053104717556629955
3010593,52.96411270085597
3010594,0.004410322163740909
3010595,49.844084889822845
3010596,0.006002900636897648
3010597,51.801525041416454
3010598,51.8018505422279
3010599,45.80213282982556
3010600,44.33546088616101
3010601,0.007702395998039542
3010602,65.13360095871484
3010603,0.008653353218662148
3010631,49.63811512838562
3010632,44.28028794180115
3010606,39.166035438745304
3010607,0.0023597394136790125
3010608,42.10873860278953
3010609,0.0
3010610,0.0
3010611,0.021203858449237813
3010612,39.43417488221663
3010613,0.03278406540765328
3010614,0.022359236513791392
3010615,43.857560935272154
3010616,0.017712477344517787
3010617,0.020375651988630374
3010604,0.008005815925599503
3010619,0.017822043865156064
3010620,46.21611706093879
3010621,0.006635235776926552
3010622,0.02089225981923488
3010623,0.011594855325922911
3010624,0.003961840654404145
3010625,0.004815444951401601
3010626,52.68180804321915
3010627,0.004728437599645859
3010628,49.59846559149622
3010629,0.006323636414500015
3010630,49.63779011195063
3010605,39.08891179677753
3010577,0.0
3010633,42.97053070913513
3010674,42.00001125756338
3010635,61.5458633621122
3010636,0.008976260239889377
3010637,0.008326235570477805
3010638,0.0016364614299554498
3010639,0.0025392110279817254
3010640,0.00267814821357061
3010641,40.61395125868745
3010642,0.0
3010643,0.0
3010644,0.021549608794600057
3010645,38.127984356005705
3010646,0.04031455629389284
3010647,0.02363739771816078
3010648,42.11829272946697
3010649,0.018974422756153277
3010650,0.02164700562091463
3010651,0.01756491409752559
3010652,0.019084525202848427
3010653,44.67174865345886
3010654,0.006353865864181437
3010655,0.022728156784975445
3010656,0.014512372377694168
3010657,0.004252370104498365
3010658,0.005106649523175039
3010659,55.52593472093887
3010466,50.83108731161316
3010634,0.008023906432114009
3010662,0.006615922720377402
3010663,52.061801671273024
3010664,52.0621267322676
3010665,45.970516777433616
3010666,44.4813800815718
3010667,0.008317100408081111
3010668,65.59774288790855
3010669,0.009270020483847088
3010670,0.008618777926562623
3010671,38.99758395515063
3010672,39.074269860607174
3010673,0.002969237574615621
3010660,0.005019486614578317
3010675,0.0
3010676,0.0
3010677,0.021890917185188558
3010678,0.015152142463952958
3010679,0.04234115016214066
3010680,0.022262914088593138
3010681,43.71780609814219
3010682,0.0176110722249018
3010683,0.02027721965067256
3010684,0.017555661546577627
3010685,0.01907557812570494
3010242,0.0014736169745085334
3010661,52.020253837249484
3010394,0.004989789810230784
3011579,0.011159880799835755
3011276,0.017479329017438778
3011132,0.006947857448786227
3010690,0.004277514148353775
3010691,0.005130736086263323
3010692,55.24843003318287
3010693,0.0050440092203799325
3010694,51.790393287710465
3010695,0.006638557868678865
3010696,51.64851844665501
3010697,51.64884390284658
3010698,45.69523634364248
3010699,44.239834923049216
3010701,64.87832023427927
3010713,0.02394721441434527
3010702,0.009291315141744073
3010703,0.008642305477035801
3010704,0.0019525766113455544
3010705,38.922080609198446
3010706,0.002992594402826785
3010707,41.78006788870801
3010708,0.0
3010709,0.0
3010710,0.02185834358756471
3010711,0.009881277074142821
3010700,0.008339270246674243
3010796,50.91886590745575
3010714,43.492926731344454
3010716,0.021957667501270633
3010717,0.017877409681658407
3010718,0.019396318569759985
3010719,0.008763557650984827
3010720,0.006664383789526422
3010721,0.014021053543316323
3010722,0.014850953226210578
3010723,0.004158886672013362
3010724,0.0050130316017653834
3010725,53.40132611744643
3010726,0.0049258850172847375
3010727,50.210006752271354
3010712,0.04061653589360767
3010729,50.24989203322381
3010730,50.2502170496588
3010731,44.70479449564269
3010732,43.34917697244933
3010733,0.008222993443145496
3010734,62.5741497881647
3010735,0.009175800692282606
3010736,0.008524777929842986
3010737,0.0018326035014892368
3010738,0.0027359281912053375
3010739,0.0028757068653546465
3010740,40.961023956622086
3010715,0.01928631957024322
3010741,0.0
3010742,0.0
3010743,0.021794622132707983
3010768,0.008944452779998535
3010745,0.04156010124633344
3010746,0.023882691049593462
3010747,42.53214993226621
3010748,0.019216434106833016
3010749,0.021890911281711136
3010750,0.019160949262406683
3010751,0.020685613724019385
3010752,45.222242234989025
3010753,0.007929305445672493
3010754,0.011295659367264729
3010769,0.008294500753747783
3010755,0.01560395593445057
3010757,0.004783835397557864
3010758,54.86231761047989
3010759,0.004696842481302029
3010760,51.45633187872767
3010761,0.006291944438608425
3010762,51.49735012476801
3010763,51.497675141203004
3010764,45.5792820061322
3010765,44.13248940359314
3010766,0.007992151126287345
3010767,64.6490242202665
3010756,0.003930284185947161
3010728,0.006522070568406698
3010770,0.002281413488747564
3010795,50.918540765817845
3010783,0.019689910953380577
3010772,0.0032809607198290977
3010773,41.93231540205903
3010774,0.0
3010775,0.0
3010776,0.022274451566487836
3010777,39.22083504112533
3010778,0.037895255916523915
3010779,0.02686073122593704
3010780,43.74726096829754
3010781,0.02216928945811384
3010771,39.026551013381
3010782,0.023788641485887697
3010744,38.40885107315275
3010785,46.66377307515076
3010786,0.008451884167694962
3010787,0.011820853243076718
3010788,0.017616749011653846
3010789,0.00727148309213445
3010790,38.62971062770254
3010791,54.17115638777622
3010792,0.008041098695255485
3010793,50.87810873429978
3010794,0.009643614218401637
3010784,0.02121576191995334
3010797,45.19669412400849
3010798,0.012214308800209222
3010799,0.0113489747186151
3010800,63.327280896372585
3010802,0.011492492401689544
3010803,0.0055910457697730745
3010804,38.705383200811035
3010805,0.006582723221956391
3010806,41.60113653932691
3010807,0.0019944979851684343
3010808,0.0
3010809,0.02463952995455796
3010810,38.772607382045415
3010811,0.03786822037148857
3010812,0.028257193415258335
3010813,43.040171493846934
3010814,0.023560391179008544
3010815,0.025823151132745803
3010816,0.023995235431774623
3010817,0.023264990988954074
3010818,45.56692863697721
3010819,0.010562403282493887
3010820,0.017845725795597372
3010821,0.015106783347830718
3010822,0.003441058574856501
3010823,38.80333054911026
3010824,54.9133143908754
3010825,0.00420700964789272
3010853,0.012498150134885228
3010854,0.015899068477834052
3010828,51.5408414882934
3010829,51.541166504728395
3010830,45.60966320882996
3010831,0.008357811267406564
3010832,0.007499831661603811
3010833,64.7215454299833
3010834,0.00845132585864281
3010835,0.007802512839900813
3010836,38.79444003620815
3010837,38.868474727065085
3010838,0.0027911218328230533
3010839,41.940320544270946
3010826,51.49978318793177
3010841,0.0
3010842,0.02172941738143592
3010843,39.13077194603256
3010844,0.03733521439950464
3010845,0.02568337557884994
3010846,43.47671214780193
3010847,0.021002325508314303
3010848,0.022618054691272906
3010849,0.019884983917214386
3010850,0.02141140671584796
3010851,45.59602691273621
3010852,0.009124762865209496
3010827,0.005800614969821708
3010909,41.140563005890606
3010855,0.007769015000154858
3010896,47.65240046709522
3010857,55.40153376448256
3010858,0.007721519481952379
3010859,51.93152283664111
3010860,0.00932144365720741
3010861,51.78908665407773
3010862,51.789412236564885
3010863,45.81519100701166
3010864,44.35475132500483
3010865,0.01102596170468976
3010866,64.74349717807303
3010867,0.011981419147106018
3010868,0.011170886909368079
3010869,0.005273981883188074
3010870,39.03105487795443
3010871,0.006306400482465939
3010872,42.03291966823852
3010873,0.001623083077577045
3010874,0.0
3010875,40.45209240020823
3010876,39.20672495900825
3010877,0.04462413708924807
3010878,0.02779663335345094
3010879,43.63643266853914
3010880,0.02310977012219153
3010881,0.025796129110476594
3010910,0.028576050758021786
3010856,0.00862653831560763
3010884,45.33171841203235
3010885,32.23556337741694
3010886,0.01757360161000035
3010887,0.03177997824920331
3010888,0.0
3010889,39.526280763000614
3010890,58.426304116715194
3010891,0.0
3010892,54.47448666609512
3010893,0.0
3010894,54.51906557205109
3010895,54.51939055651172
3010882,0.021713922265722177
3010897,0.0011936994097257946
3010898,0.0003400643774421196
3010899,70.0840594696028
3010900,0.001285253693129857
3010901,0.0006149072999208708
3010902,0.0
3010903,0.0
3010904,0.0
3010905,43.910187594102425
3010906,0.0
3010907,0.0
3010908,0.018692607113237093
3010883,0.023241362068607233
3010840,0.0
3010801,0.012305793349384014
3011062,0.009650864421732793
3011131,0.007593479625221901
3010914,0.01351297497415432
3010915,0.009451279646334826
3010916,0.010963250181255518
3010917,48.075445149270735
3010918,0.0005357358570306914
3010919,0.0044135525788276805
3010920,0.014977412397668307
3010921,0.004284529491008502
3010922,0.005138674420760522
3010923,53.411540556646884
3010925,50.22022119147181
3010937,0.0030008370501749667
3010926,0.006647713387401836
3010927,50.26010647242426
3010928,50.260431488859254
3010929,44.71500893484314
3010930,43.35939141164978
3010931,0.008348636262140635
3010932,62.58437082366005
3010933,0.009301524649073833
3010934,0.008650747471021972
3010935,38.24309564152431
3010924,0.005051527836279875
3010966,0.008756386155893558
3010938,41.0914989042563
3010940,0.0
3010941,0.021920167145878362
3010942,38.43694908531479
3010943,0.04386081659119127
3010944,0.026050016787379414
3010945,42.59047500333172
3010946,0.02136573502750986
3010947,0.024050639289933375
3010948,41.279580122453574
3010949,0.022840757762529366
3010950,45.29176761250427
3010951,0.010051549898886597
3010936,0.0028613070777673394
3010953,0.015414345177516883
3010954,0.003743704883993845
3010955,38.515807279456936
3010956,53.96053462097794
3010957,0.004510030814366347
3010958,50.68798318488001
3010959,0.00610456233659579
3010960,50.72829761927485
3010961,50.72862263570984
3010962,45.04206295858582
3010963,0.008663154686719994
3010964,0.0078043909073094156
3010939,0.0
3010965,63.36562845305458
3010913,0.011908362057446328
3010967,0.008106867194640002
3010980,40.12276832303387
3010992,0.009643614218401637
3010969,38.522231822402
3010970,0.0030941476559095535
3010971,41.37675815108247
3010972,0.0
3010973,0.0
3010974,0.02204265282824664
3010976,0.03765707948129175
3010977,0.027072450649469525
3010978,42.94846908292156
3010993,50.918540765817845
3010979,0.022379140648561648
3010981,0.02125892313335132
3010983,44.97670413594177
3010984,0.010482526870870507
3010991,50.87810873429978
3010985,0.01386482503494016
3010986,0.017616749011653846
3010987,0.00727148309213445
3010988,38.62971062770254
3010989,54.17115638777622
3010990,0.008041098695255485
3010982,0.02278937669608783
3010975,38.66697628410629
3010952,0.013431020567619717
3011019,0.013469874958202784
3010968,0.0020952593355495603
3011007,39.96870822868374
3010996,0.012214308800209222
3010997,0.0113489747186151
3010998,63.327280896372585
3010999,0.012305793349384014
3011000,0.011492492401689544
3011001,0.0055910457697730745
3011002,38.705383200811035
3011003,0.006582723221956391
3011004,41.60113653932691
3011005,0.0019944979851684343
3010995,45.19669412400849
3011006,0.0
3010994,50.91886590745575
3011009,0.03786822037148857
3011010,0.028257193415258335
3011011,43.040171493846934
3011012,0.023560391179008544
3011013,0.025823151132745803
3011014,0.023995235431774623
3011015,0.023264990988954074
3011016,45.56692863697721
3011017,0.010562403282493887
3011018,0.017845725795597372
3011008,38.772607382045415
3011020,0.00183031383031724
3011075,0.043122792456394825
3011022,54.76674799988419
3011023,0.00259426535378576
3011024,51.37490525824427
3011025,0.0041829449106176066
3011026,51.415849117687934
3011027,51.416174134122926
3011028,45.52234955679138
3011029,44.08156224142273
3011030,0.005878900576404693
3011031,64.5130035598661
3011032,0.006827732122202869
3011033,0.006182672799097858
3011034,38.915970569045065
3011035,38.99108768025112
3011036,0.0011783589122646007
3011037,42.10875277998872
3011038,0.0
3011039,0.0
3011040,0.019463815031200933
3011041,39.1705344429808
3011042,0.03403105699341295
3011043,0.02403238093528095
3011044,43.67372695645672
3011045,0.01936591537626379
3011046,0.021613906416612795
3011047,0.0175320700756092
3011076,0.023654760879578404
3011077,45.4041245920979
3011050,0.006321442800068773
3011051,0.013681045288646138
3011052,0.011107122272581878
3011053,0.00472598199694573
3011054,39.612026445486386
3011055,58.57394515862116
3011056,0.005493192743017527
3011057,54.622334357600984
3011058,0.007089440932260706
3011059,54.456924128606424
3011060,54.45724965684457
3011061,47.65398694627328
3011048,0.019051586186029427
3011063,0.008791421813090124
3011064,69.57159777621924
3011065,0.009744266780697964
3011066,0.0090936693997774
3011067,40.026256308293746
3011068,40.11190103027861
3011069,0.0034416513935974944
3011070,43.63969522825719
3011071,41.87579541695456
3011072,0.0
3011073,41.79508772985816
3011074,40.481065142002606
3011049,0.008421869700410207
3010911,0.015753364990386678
3011078,0.01979515639982987
3011119,0.0025798682504881436
3011080,0.019739633379357094
3011081,0.021264448715226883
3011082,46.76326951207772
3011083,32.52429534046258
3011084,0.013410264946393144
3011085,0.011107122272581878
3011086,0.0019061719342988643
3011087,38.76250862322076
3011088,55.64515983452448
3011089,0.0026698818388126815
3011090,52.126919623714265
3011091,0.004257505515353634
3011092,54.331205058171854
3011093,54.33153058641
3011094,47.56616689317269
3011095,0.006805923550732503
3011096,0.005953779251445809
3011097,69.36180850009619
3011098,0.0069019620182451235
3011099,0.006257935118088472
3011100,0.0
3011101,40.260026678777145
3011102,0.000621843193595778
3011103,43.843174041428576
3011104,42.05208020699362
3011021,38.49054778467544
3011079,41.59682593181958
3011107,40.64467273935368
3011108,0.0400989482441012
3011109,0.02136226938396912
3011110,45.65922198131909
3011111,0.017519397045596127
3011112,0.020182426403387074
3011113,0.017463985783832306
3011114,0.0189821272621324
3011115,47.282980052849204
3011116,32.500001679345026
3011117,0.011142017640046251
3011118,0.011144471411986599
3011105,0.0
3011120,38.77199807499616
3011121,55.67814059389877
3011122,0.0033444107163405784
3011123,52.15500411352595
3011124,0.0049611101836200475
3011125,54.36236687942225
3011126,54.36269235761753
3011127,47.58791494520298
3011128,0.0074972285779065445
3011129,0.0066441187104210415
3011130,69.41383658424405
3010912,45.42145950194015
3011106,41.97725573675513
3011133,0.0002732361124447795
3011287,0.0007700763014247344
3011135,0.00130782782596209
3011137,42.06817425792054
3011138,0.0
3011139,41.993038533229836
3011140,40.658839190328145
3011141,0.04079722794305638
3011142,0.022035703772718088
3011143,45.67975106018206
3011144,0.018187815570532572
3011145,42.23268856781146
3011146,43.951470968850316
3011148,47.26044670828725
3011160,46.176996709424174
3011149,32.49654360490231
3011150,0.010461685814201767
3011151,0.011144471411986599
3011152,0.0025798682504881436
3011153,38.151224759566475
3011154,53.537980986965174
3011155,0.0033444107163405784
3011156,50.331515878052315
3011157,0.0049611101836200475
3011158,52.342583859402716
3011159,52.342909337598
3011136,43.861760914146366
3011147,0.018297573071141087
3011189,50.331515878052315
3011161,0.0074972285779065445
3011165,0.006947857448786227
3011166,39.31653550061344
3011167,39.395795373049964
3011168,0.00130782782596209
3011169,44.16378480178064
3011170,41.643113032029426
3011171,0.0
3011172,41.55382382680894
3011173,40.26437279018166
3011174,0.04079722794305638
3011176,45.10892739074847
3011188,0.0033444107163405784
3011162,0.0066441187104210415
3011178,0.020854361602365267
3011179,0.016781394820828282
3011180,0.018297573071141087
3011181,46.02603928336049
3011182,32.46767016129879
3011183,0.010461685814201767
3011184,0.011144471411986599
3011185,0.0025798682504881436
3011186,38.151224759566475
3011187,53.537980986965174
3011163,66.04332648292569
3011177,0.018187815570532572
3011190,0.0049611101836200475
3011244,0.019897994149868484
3011231,0.005980936733076782
3011192,51.58940935285679
3011193,45.65064096601597
3011194,0.0074972285779065445
3011195,0.0066441187104210415
3011196,64.78593741432218
3011197,0.007593479625221901
3011198,0.006947857448786227
3011199,38.99200394543766
3011200,39.06834462079166
3011201,0.00130782782596209
3011202,43.658424198448124
3011203,41.230589762376106
3011204,0.0
3011205,41.1275638323021
3011206,39.88154121669533
3011207,0.04079722794305638
3011208,0.022035703772718088
3011209,44.554941795045345
3011210,0.018187815570532572
3011211,0.020854361602365267
3011212,0.016781394820828282
3011213,0.018297573071141087
3011214,45.43104187735463
3011215,32.371610362104455
3011216,0.010461685814201767
3011175,0.022035703772718088
3011191,51.589083874661505
3011219,38.37175344416659
3011220,54.29801856216444
3011221,0.002393965380888462
3011222,50.97910962931724
3011223,0.003980878223059737
3011224,52.27991857127644
3011225,52.28024409529017
3011226,46.13324092146205
3011227,0.006528029975875325
3011228,0.005676590424959171
3011229,65.93871108225582
3011230,0.006624322410183399
3011217,0.011034766040444581
3011232,39.28957034167935
3011233,39.36858798083951
3011234,0.0003463942907206814
3011235,44.121766887124004
3011236,41.60882361859876
3011237,0.0
3011238,0.018547045046626184
3011239,40.23329148440613
3011240,0.03980365720331119
3011241,0.02107722007186981
3011242,45.06392391179098
3011243,0.017236417655293938
3011218,0.0016305987856240316
3011134,40.273541955081214
3011245,0.017181021679884115
3011247,46.01981125930923
3011248,32.47135593265302
3011249,0.011779893611620651
3011250,0.040858900818138824
3011251,0.001906513967805801
3011252,39.885662766973844
3011253,58.308309182822214
3011254,0.002670714505625634
3011255,54.39091746767577
3011256,0.004260035235937141
3011257,54.43530945346573
3011258,54.43563443792636
3011259,47.6284902728873
3011260,0.006825677304871666
3011261,0.005971237609883523
3011262,69.86490040147956
3011263,0.006920374948514316
3011264,0.006259693488046901
3011265,0.0002621873664833121
3011266,42.27890963302047
3011267,0.0012553027210872193
3011268,43.62254818350512
3011269,0.0
3011270,0.0
3011271,0.02425506810385861
3011272,40.623009651407195
3011300,0.0
3011301,42.35610190462967
3011275,44.35692519654685
3011578,31.99047774256681
3011277,0.019084701893367657
3011278,0.015021101079560499
3011279,0.016533786870218496
3011280,45.68342988506033
3011281,0.005788646527846739
3011282,0.009666312375386642
3011283,0.007209495496824779
3011284,0.0008153965797022172
3011285,37.54636705022074
3011286,51.396101683733946
3011273,0.03415491347080182
3011288,48.50808374852392
3011289,0.002351669977443721
3011290,49.642959225445495
3011291,49.64328466609258
3011292,44.29424844935674
3011293,0.004875257265416785
3011294,0.00402911466683765
3011295,61.53149820993671
3011296,0.004974091179460046
3011297,0.004335061509237823
3011298,0.0
3011299,38.67448525749104
3011274,0.021326133128238434
3011356,48.45776286599968
3011302,40.16930013507322
3011343,0.012945530481226764
3011304,0.016817472223550543
3011305,38.897151325425064
3011306,0.02990499493351308
3011307,0.019343303041109195
3011308,43.12626040361185
3011309,0.01551591044720673
3011310,0.018168114111390347
3011311,0.014116900861038345
3011312,0.015624922588242668
3011313,43.34006259474873
3011314,32.46081430890156
3011315,0.019486625211122103
3011316,0.008557994941649043
3011317,0.0005527066527026491
3011318,36.96274789320604
3011319,49.41566239665527
3011320,0.0013145741780894952
3011321,46.820670345005894
3011322,0.002897888102277724
3011323,47.842742991034676
3011324,47.84306835965457
3011325,43.03668522672
3011326,0.0054240372663273825
3011327,0.004576328341122466
3011328,58.527539642880555
3011246,0.01869833614373795
3011303,0.0
3011331,0.0
3011332,37.44557855591606
3011333,0.0
3011334,41.148703353189035
3011335,0.0
3011336,0.0
3011337,0.011265655030522813
3011338,37.82200443166923
3011339,0.02426692026511186
3011340,0.014901476903839157
3011341,41.667878707369766
3011342,0.010320206649191699
3011329,0.005522271760411991
3011344,0.008935067173532412
3011345,0.01042780682860987
3011346,42.97151473728616
3011347,0.005340728719048056
3011348,0.01267870589744285
3011349,0.011912799874631818
3011350,0.0016957601085061129
3011351,37.15212792482966
3011352,50.0931836036331
3011353,0.002459209631054987
3011354,47.39645278486341
3011355,0.004046298280451661
3011330,0.004881980905216711
3011357,48.45808842017211
3011164,0.007593479625221901
3011510,0.017749192632414083
3011371,38.29883307829835
3011360,0.005742185955839985
3011361,59.560483269369875
3011362,0.006689997463079416
3011363,0.006046458076582934
3011364,37.64339476246825
3011365,37.7076008858203
3011366,0.0004115883217642434
3011367,41.55831543024151
3011368,0.0
3011369,0.0
3011370,0.01861410837566386
3011372,0.040359223685905
3011384,37.329992824259634
3011373,0.021300145451969243
3011374,42.2572638442412
3011375,0.01745777654207688
3011376,0.020120446409354027
3011377,0.017402366640845834
3011378,0.018920305090824662
3011379,43.532510376501136
3011380,0.007719075396597628
3011381,0.011080578058898692
3011467,0.0
3011385,50.79017507122701
3011387,47.98524849140317
3011411,0.007680376647552001
3011399,0.0
3011388,0.0
3011389,48.023048139215796
3011390,48.02337326451731
3011391,43.14927830144358
3011392,0.0
3011393,0.0
3011394,58.85799330497965
3011395,0.0
3011396,0.0
3011397,0.0
3011383,0.0
3011398,37.50953940853254
3011386,0.0
3011401,0.0
3011402,0.0
3011403,0.009463385422263972
3011404,38.084086966130165
3011405,0.02468633601943078
3011406,0.012391455883340688
3011407,41.96709399677068
3011408,0.008610163685562687
3011409,0.01018790328938015
3011410,0.006193734361370551
3011400,41.27056986927852
3011412,43.68755695250117
3011413,0.0
3011414,0.0
3011439,0.021297777272677607
3011416,0.002319149684824401
3011417,36.50958582330189
3011418,47.31214472639208
3011419,0.0030837112766065253
3011420,45.023348519511195
3011421,0.004673939556664247
3011422,45.05848624033277
3011423,45.05881135461621
3011424,41.08146684167676
3011425,40.109177756288574
3011440,40.01531350683589
3011426,0.006371027914744809
3011428,0.007320574910133356
3011429,0.006674371219989769
3011430,36.049144039228956
3011431,36.059111843184034
3011432,0.001035691254419731
3011433,39.5498072192638
3011434,0.0
3011435,0.0
3011436,0.01923358887383323
3011437,0.01290695046267876
3011358,43.463296435614005
3011427,53.904084699688674
3011468,0.0
3011441,0.017452376423733276
3011466,43.68628730043906
3011454,0.0
3011443,0.016046872021637675
3011444,0.01756207797118258
3011445,0.008477216080899887
3011446,0.006376392295062795
3011447,0.013737036933601154
3011448,0.029228984352813254
3011449,0.0
3011450,39.4495667429476
3011451,57.88606390057083
3011452,0.0
3011442,0.020117216272609276
3011453,54.03117225983949
3011415,0.010250259011231305
3011456,54.07548608340731
3011457,47.37691487826815
3011458,0.0
3011459,0.0
3011460,69.25902652543189
3011461,0.0
3011462,0.0
3011463,40.13510631756563
3011464,40.221172563598344
3011465,0.0
3011455,54.07516108793301
3011469,42.4398763330911
3011382,0.00584757206425437
3011550,59.019507677712596
3011471,0.02071728776533594
3011472,0.008821223630130014
3011473,45.168087612779836
3011474,0.005065711614496266
3011475,0.006632583149529254
3011476,0.0026657308076974045
3011477,0.004142135763308037
3011478,47.363918313228986
3011479,0.0
3011480,0.0
3011481,0.028869661214857803
3011482,0.003091686205261646
3011483,39.66557380823361
3011484,58.624940499960886
3011485,0.0038573573014267968
3011486,54.66070811708983
3011487,0.005450305067505144
3011488,54.70535568759659
3011489,54.70568067205722
3011490,47.81713086736972
3011491,0.008021448924549208
3011492,0.007163940056016421
3011493,70.3192194017237
3011494,0.008115036431682918
3011495,0.007451559606507794
3011523,47.7479971088248
3011524,0.005813951789744484
3011498,0.0024419599523882885
3011499,44.062721332614004
3011470,40.968495571064715
3011501,0.0
3011502,0.025491378332564017
3011503,41.28243920157809
3011504,0.0354117668128581
3011505,0.022552647706104035
3011506,45.576328463453585
3011507,0.018696889860072025
3011508,0.020306034592428097
3011509,0.016232954777456503
3011496,40.409085223535605
3011511,47.92742078319265
3011512,0.0053534432140192245
3011513,0.00922780659170954
3011514,0.041771276566296325
3011515,0.000903755226427017
3011516,39.631639691870085
3011517,58.50889550179194
3011518,0.0016667101203033017
3011519,54.561833071313465
3011520,0.0032529635397153126
3011521,54.60638718173721
3011522,54.606712166197845
3011497,40.49759287581832
3011525,0.004962107690771794
3011500,0.0
3011566,0.0
3011527,0.005909588206542346
3011528,0.0052512723054144545
3011529,40.36605734572799
3011530,40.45418066726119
3011531,0.0002512871598939914
3011532,44.00360306173998
3011533,0.0
3011534,0.0
3011535,42.73750340678938
3011536,41.23368832419772
3011537,0.033129255369958394
3011538,0.02032524075729918
3011539,45.510129160780245
3011540,0.016485740078129658
3011541,0.01808803213898171
3011542,0.01537745303628562
3011543,0.016891185633517485
3011544,47.981581854969996
3011545,0.006881544255932257
3011546,0.010767510981579707
3011547,0.0435708271002878
3011548,0.002131676451514945
3011549,39.80530445089889
3011359,0.006593729489312612
3011551,0.0028956655023377065
3011526,70.1527154954737
3011438,0.03286734841970599
3011554,54.83411472178133
3011552,55.00198079677758
3011555,54.83444023467189
3011556,47.91746139861232
3011557,46.34313869811183
3011558,0.006195571206451585
3011559,70.51237358588307
3011560,0.007376601550657844
3011562,4.419529089128271e-05
3011563,40.3540818739619
3011564,0.0009780369627595666
3011565,43.855286664107396
3011567,0.0
3011561,0.006716607352998929
3011568,42.583849738369494
3011569,41.1002095615692
3011570,0.03948386157915086
3011571,0.02014665127023734
3010689,0.01237791511090961
3011572,45.30953999255264
3011573,0.01631261722068277
3011574,0.01896945887128797
3011575,0.016257266962998274
3011576,0.017771878728740576
3011577,46.681768238651195
3011553,0.004483991003371934
3011588,53.39059998237373
3011587,53.39026951958454
3011586,0.0
3011585,53.34505453318057
3011580,0.024615669580903804
3011583,57.08616956418514
3011582,0.0
3011581,0.0
3011589,46.88973023139717
3011584,0.0
3011591,0.0
3011602,40.78950737889046
3011592,68.12496492498633
3011593,0.0
3011594,0.0
3011595,0.0
3011596,39.893008348670364
3011597,0.0
3011598,43.250594790572244
3011599,0.0
3011600,0.0
3011601,0.005159004777932791
3012469,0.0056708205441633
3011603,0.015798501172237824
3011608,43.221231109707816
3011622,47.237794530122294
3011686,49.84849477697975
3011631,43.54650826269913
3011609,0.0023483893823085435
3011610,47.04664432082108
3011611,0.0
3011612,0.0
3011613,0.04475088750388626
3011614,0.000816736232172791
3011615,0.0016635050248405407
3011616,57.59621924770473
3011617,0.0021043191721534576
3011619,0.0036886763990499937
3011590,0.0
3011605,44.63370304075114
3011621,53.84148372384788
3011623,45.73477615091087
3011624,0.005344152070654176
3011625,68.80867688567933
3011626,0.006522974325526273
3011627,0.005649834053563881
3011628,0.0
3011629,40.1385194603984
3011630,0.0
3011606,0.00019290393175464427
3011604,0.00393805132041862
3011620,53.84115728124054
3011632,0.0
3011661,39.15506996262704
3011673,0.01902489883534464
3011636,0.027579429997366265
3011637,0.016594206534105087
3011638,44.92630134220736
3011639,0.012787401886100787
3011640,0.015623413236255664
3011641,0.016030519637486446
3011642,0.016030519637486446
3011643,47.40915082404058
3011644,31.42728158138623
3011645,0.0
3011646,0.019080381102854743
3011647,0.0045688271912175124
3011648,38.90904181087752
3011649,55.835791269889704
3011650,0.00586444935576706
3011651,52.29813092442653
3011652,0.007459299146505821
3011653,52.15348862246744
3011654,52.153814854858
3011655,46.062952580688076
3011656,44.67665535473593
3011657,0.009144712380140746
3011607,41.51319103208415
3011635,0.012701063905559792
3011658,65.96143098012627
3011659,0.010330540013630317
3011660,0.009447843622083523
3011662,39.22497619736825
3011663,0.003141679163505479
3011664,42.29734712666449
3011665,0.0
3011666,40.96272804981085
3011667,0.02197079508938188
3011668,39.97354516840794
3011669,0.030376356254147484
3011670,0.020001237205853402
3011671,43.4942047518968
3011672,0.016172248476071682
3011633,0.0
3011674,0.019434508386151694
3011675,0.019434508386151694
3011676,44.89617902320413
3011677,31.82496122793906
3011678,0.00445900769936288
3011679,0.021500403422799512
3011680,0.0007497246315086069
3011681,0.001596192029242367
3011682,52.9128575823461
3011683,0.0020368781682067886
3011684,49.80704688620493
3011685,0.003620677531495828
3011634,0.018079574423613298
3011618,53.7959238924844
3011719,49.84849477697975
3011688,44.45179988301223
3011691,61.79228598771497
3011692,0.006454243157936349
3011693,0.005581878169508301
3011694,38.33276192022237
3011695,0.0
3011696,0.0
3011697,41.170010061748485
3011698,0.0
3011699,0.0
3011700,40.052874180929436
3011702,0.02749592917003804
3011690,0.005275702305461314
3011714,38.052138705536855
3011704,42.269805923204686
3011705,0.014685744447186533
3011706,0.0175314676291495
3011707,0.017960824767047964
3011708,0.017960824767047964
3011709,44.81866950998655
3011710,31.163005199485717
3011711,0.0
3011712,0.021500403422799512
3011713,0.0007497246315086069
3011742,44.81866950998655
3011703,0.019304209193285977
3011744,0.0
3011701,38.951702121645084
3011715,52.9128575823461
3011798,0.0
3011720,49.848821176652365
3011721,44.45179988301223
3011722,43.22342254078811
3011723,0.005275702305461314
3011724,61.79228598771497
3011725,0.006454243157936349
3011726,0.005581878169508301
3011727,0.0
3011728,0.0
3011730,41.05664584208296
3011743,31.163005199485717
3011716,0.0020368781682067886
3011732,0.0
3011733,0.018615601049553284
3011734,38.951702121645084
3011735,0.02749592917003804
3011736,0.019304209193285977
3011737,42.269805923204686
3011738,0.014685744447186533
3011739,0.0175314676291495
3011740,0.017960824767047964
3011741,0.017960824767047964
3011717,49.80704688620493
3011731,0.0
3011687,49.848821176652365
3011799,0.015705740351248953
3011774,0.019068990144443392
3011747,0.003400830923118832
3011748,54.08668326611608
3011749,0.003842692086957304
3011750,50.80566347052488
3011751,0.005432428334770974
3011752,50.84699478447288
3011753,50.84732032147272
3011754,45.14587283459528
3011755,43.84820723858698
3011756,0.007113099142490607
3011758,0.008295656802966546
3011746,0.002551112777698001
3011770,42.92679030761156
3011760,0.0005205692531674687
3011761,0.0009908070596068683
3011762,0.001124065436310498
3011763,41.642502508649365
3011764,0.0
3011765,0.0
3011766,0.020507611735246
3011767,39.45762765580752
3011768,0.03769145771085142
3011769,0.020415448128875174
3011689,43.22342254078811
3011759,0.005850335583804612
3011785,51.050609846809294
3011757,63.46449291120271
3011771,0.01578612746918934
3011775,45.97555209588651
3011776,31.197577787415828
3011777,0.0
3011778,0.020584389341387194
3011779,0.0018990748588564553
3011780,0.0027474450032534074
3011781,54.32304942821312
3011782,0.003188847616481026
3011783,51.00858629110372
3011784,0.004776131516409643
3011786,51.05093629254056
3011745,0.01597019767470303
3011772,0.018638596220560247
3011788,43.980700086485875
3011789,0.006418715274848205
3011790,64.10710433762422
3011791,0.007599607744966642
3011792,0.006738988129685423
3011793,0.0
3011794,38.92252088081226
3011795,0.0004497255451208068
3011796,41.76601133996848
3011797,0.0
3011773,0.019068990144443392
3011787,45.291552137267125
3011800,0.013867875404354371
3012468,45.265783968814944
3011953,0.0
3011803,43.06019965841422
3011804,0.01483061673173068
3011805,0.01767697228172181
3011806,0.01808565689507655
3011807,41.914641494757745
3011808,45.786014198298005
3011809,31.28664978323329
3011810,0.0
3011811,0.016913584522680478
3011812,0.003029554344580742
3011813,0.003880052118965994
3011814,56.37262657744985
3011815,0.004322217075890654
3011816,52.75337288571183
3011817,0.005913384999851482
3011818,52.79593370969199
3011819,52.796259289513074
3011820,46.50731504512831
3011821,44.96993959499403
3011822,0.007580196988859451
3011823,66.7691524686152
3011824,0.008763688751733185
3011825,0.007899361995076234
3011826,0.000997858085327564
3011827,41.34562608541557
3011855,0.0046629929841287355
3011910,0.017713266786125108
3011830,0.0
3011831,0.0
3011832,0.016279124367524284
3011833,39.634859759242616
3011834,0.03753360574767818
3011835,0.01827264458572582
3011836,43.145969106112815
3011837,0.01445364012620999
3011838,0.017298830591660274
3011839,0.017707348375747
3011840,0.017707348375747
3011841,45.34655781614579
3011828,0.0016026436426277105
3011843,0.0021377593100136453
3011844,0.01638945524957184
3011845,0.00015528963567698379
3011846,39.043864248735126
3011847,56.531138605004536
3011848,0.0014413583615666475
3011849,52.88843793057034
3011850,0.0030236904275246826
3011851,52.93219312413605
3011852,52.93251956674339
3011853,46.60283912393333
3011854,45.05550540658714
3011829,42.44079543081829
3011842,0.004061615169799917
3011856,66.99462811858949
3011897,41.580072840050526
3011859,39.59316461725875
3011860,0.0
3011861,0.0
3011862,42.77216477209854
3011863,0.0
3011864,0.0
3011865,41.215870336290145
3011866,40.16796490881434
3011867,0.034448349355023694
3011868,0.015913950830477024
3011869,44.196988445478844
3011882,51.65206369258126
3011870,0.012112112925763148
3011872,0.015350918653628337
3011873,0.015350918653628337
3011874,46.549005255192924
3011875,31.348062001689573
3011876,0.0
3011877,0.018555686516004383
3011878,0.0018350349500056388
3011879,38.60111230806416
3011880,55.08711446351595
3011881,0.002785310877393923
3011718,0.003620677531495828
3011871,0.014944385015780944
3011857,0.005840382864881075
3011883,0.004372864378327692
3011885,53.806600516568125
3011886,47.20118040395826
3011887,45.58644003225416
3011888,0.006016636193660248
3011889,68.48034318806964
3011890,0.007197008165361134
3011891,0.006334504202344948
3011892,39.94816860831628
3011893,40.02495846427331
3011894,4.849143828058089e-05
3011895,43.268415562279046
3011896,0.0
3011884,53.80627351451352
3011898,41.66624113412755
3011899,40.57211838533826
3011900,0.028310253363013172
3011901,0.017302733438589468
3011902,44.77261466958183
3011903,0.013488226772543629
3011904,0.016329986245629032
3011905,0.016737930388145604
3011906,0.016737930388145604
3011907,46.56049922796583
3011908,31.801092835089555
3011909,0.0021489673829460623
3011858,0.004983899762826967
3012022,0.01048067240401203
3011911,0.0032150149981805863
3011913,53.22565131403555
3011914,0.004540481632199265
3011915,50.07355880331919
3011916,0.006131930646285552
3011917,50.114720591799085
3011918,50.1150469914717
3011919,44.637772096757345
3011920,43.29881431019729
3011921,0.007777185380782034
3011922,61.991664955000125
3011923,0.008728077468408361
3011924,0.007706279444576822
3011925,0.0009637014437979864
3011926,0.0015339972880250622
3011927,0.0016677900916615435
3011928,41.12479159403608
3011929,0.0
3011930,0.0
3011931,0.016950938315879235
3011932,0.010468283414109863
3011933,0.029016542378451166
3011934,0.021751577770408665
3011935,42.34827043126133
3011936,0.01711150634057814
3011937,0.019970657331421914
3011938,0.020402078280145727
3011966,0.014504032456103601
3011967,0.0026450100227093584
3011941,31.1698139572677
3011942,0.0
3011943,0.02338418473725906
3011944,0.0
3011945,39.17969038366105
3011946,57.076354235780066
3011947,0.0
3011948,53.33595725702458
3011949,0.0
3011950,53.38086448916451
3011951,53.38119093177185
3011952,46.881576216195675
3011939,0.020402078280145727
3011954,0.0
3011955,68.11271981580109
3011956,0.0
3011957,0.0
3011958,39.80919128537732
3011959,0.0
3011960,0.0
3011961,43.243398897432314
3011962,0.0
3011963,0.0
3011964,0.0038306513167426256
3011965,40.782448847442666
3011940,44.894513321021705
3011912,38.09291495828344
3011968,44.62627245144848
3012009,0.01799164469323351
3011970,0.0006575295887164883
3011971,0.001056473413242053
3011972,0.001056473413242053
3011973,47.04004967714582
3011974,0.0
3011975,0.0
3011976,0.017917219233432813
3011977,0.004856951603452865
3011978,39.28307160666778
3011979,57.3477886521973
3011980,0.006186288576526067
3011981,53.5848895066853
3011982,0.00778250461748179
3011983,53.42890801710414
3011984,53.4292342494947
3011985,46.95080540885749
3011986,45.36710999717536
3011987,0.009453889339175282
3011988,67.82245701243846
3011989,0.010406941889451802
3011990,0.009538379841330416
3011991,0.002623117196125738
3011992,39.68992069369052
3011993,0.003331897205544714
3011994,42.80192005231102
3011801,0.028719874422592825
3011969,0.0
3011997,41.243355823165196
3011998,40.193276983990884
3011999,0.039361985857448344
3012000,0.020044145397568457
3012001,44.213596191930435
3012002,0.016213923596697946
3012003,0.01906750341590037
3012004,0.019477254527738765
3012005,0.019477254527738765
3012006,45.680363209249535
3012007,31.807009377802164
3012008,0.0038127878124093765
3011995,0.0
3012010,0.004930025343128797
3012011,39.3586960732397
3012012,57.60876545349386
3012013,0.006259530846061143
3012014,53.80725204798686
3012015,0.00785596314986797
3012016,53.649430748622635
3012017,53.64975699186331
3012018,47.10485514402396
3012019,45.50491007566458
3012020,0.009527510024245962
3012021,68.19043308048523
3011996,41.18070372356529
3011729,0.0
3012388,38.95581123946627
3011802,0.01945010642361067
3012246,0.007406108377753206
3012027,42.92824411307857
3012028,0.0
3012029,41.290389992944355
3012030,0.018123112740385045
3012031,40.02805107425386
3012032,0.03943965274985481
3012033,0.020119136257800492
3012034,43.67748960231193
3012035,0.016288392507725714
3012036,40.1332343456591
3012038,0.01955217786874025
3012050,50.67379001839688
3012039,44.80997371353398
3012040,0.005190669874211074
3012041,0.003439618589838268
3012042,0.01837492214684043
3012043,0.0044072656892106595
3012044,0.0052600090100009805
3012045,53.883807034756934
3012046,0.005735799977089015
3012047,50.63283772487049
3012048,0.007331183026577424
3012037,0.01955217786874025
3012079,0.006522327165690263
3012051,45.024722139673734
3012053,0.009001030557720684
3012054,63.22714872443437
3012055,0.009953873623163023
3012056,0.00908634724359896
3012057,38.617153256076584
3012058,38.684408276218186
3012059,0.0028822652309475265
3012060,41.44856024717872
3012061,0.0
3012062,0.0
3012063,0.017590986374210523
3012064,39.062437111229535
3012049,50.6734643088123
3012066,0.01974120353865046
3012067,43.03986941986438
3012068,0.01591176248631349
3012069,0.01876480493239036
3012070,0.01917451977182818
3012071,0.01917451977182818
3012072,46.13896400026229
3012073,31.301818177965053
3012074,0.0
3012075,0.01945779342580461
3012076,0.005192273280354385
3012077,38.802891556696004
3012052,43.64376835091641
3012078,55.67537515844787
3012080,52.160848540177454
3012134,0.018647030785074938
3012093,42.36184494843792
3012082,52.20287309498872
3012083,52.20319890887189
3012084,46.096213816708804
3012085,0.010773963353377236
3012086,0.009790974388852295
3012087,65.77242590739459
3012088,0.010744889948996346
3012089,0.00987582207123923
3012090,0.0036341641278636264
3012091,39.87475664929749
3012081,0.008119648709247444
3012092,0.004301427751594299
3012106,0.006024697592093391
3012095,0.0
3012096,40.84364103891305
3012097,39.831923251923385
3012098,0.026163577350606697
3012099,0.02139382854311382
3012100,44.12129893186932
3012101,0.01755346789223989
3012102,0.019990066655109724
3012103,0.020400680979936716
3012104,0.020400680979936716
3012094,0.0
3012065,0.038217991575458236
3012107,0.0
3012133,41.9038326006382
3012121,0.011085842229002042
3012110,38.067699306429134
3012111,52.31798248847467
3012112,0.006861029856579648
3012113,49.29420723433197
3012114,0.008459321626896114
3012115,49.3336092997395
3012116,49.33393519464678
3012117,44.09192984644121
3012118,0.011115160786078063
3012119,0.010131441330294505
3012109,0.005609770032505448
3012120,60.98425706621614
3012108,0.01874457072893017
3012123,37.95925107352353
3012124,38.02028384558774
3012125,0.004639792294249153
3012126,40.5502575230031
3012127,6.841621504879883e-05
3012128,0.0
3012129,0.019396630452352355
3012130,38.18280525231638
3012131,0.03275913547287464
3012132,0.02330068361767172
3012122,0.010215853300369688
3012135,0.021089031218877542
3012026,0.0034049796391480563
3012137,0.02150063304992828
3012149,51.73094685883144
3012191,0.005397647709708888
3012139,0.006530439126839255
3012140,0.013075897115816687
3012141,0.015923448320188587
3012142,0.004650412378699786
3012143,38.91574065930792
3012144,55.11937242596743
3012145,0.006442350892426643
3012146,51.688998725302746
3012147,0.008038523679247086
3012164,0.0347467744476271
3012148,51.73062046750012
3012163,39.17458219693575
3012151,0.010691541293373527
3012153,64.97581121042667
3012154,0.010663270813564532
3012155,0.009795084653233204
3012156,0.00355531925069574
3012157,40.896140488361326
3012158,0.004221128533027932
3012159,41.94072639427848
3012160,0.0
3012161,0.0
3012150,45.77017052979091
3012162,0.01959612518650143
3012152,0.009710178982207246
3012165,0.02193636429414194
3012171,44.807883462077314
3012470,0.003271125438312604
3012174,0.021095592589523385
3012173,0.012556026688650523
3012172,0.0060227196653041
3012166,43.178314769531575
3012170,0.020307647138148366
3012169,0.020307647138148366
3012168,0.019897523376711312
3012167,0.0180948330495438
3012177,53.15328547374928
3012138,44.46123603794237
3012176,0.00722255347512609
3012178,0.007619683407658731
3012179,50.005612320537175
3012180,0.00922052017066726
3012181,50.045647889438506
3012182,50.045973496769975
3012183,44.58920832190425
3012184,0.011879976159604719
3012185,0.010893776535149453
3012186,62.17270481469546
3012187,0.011849702396848015
3012188,0.010977674888032132
3012189,0.004727047420517835
3012105,46.12153024214843
3012190,38.4270213577549
3012192,41.09838604707813
3012218,0.01022939462757279
3012194,0.0
3012195,0.02025105212734925
3012196,38.69740665973246
3012197,0.033759164736150205
3012198,0.024909773612318074
3012199,42.6630398152983
3012200,0.02024221120446933
3012201,0.02269156349867595
3012202,0.023104482906800457
3012203,0.023104482906800457
3012219,60.99011455284773
3012204,0.013555105210540612
3012206,0.005308929291051872
3012207,0.01884373585736749
3012208,0.005707019259528513
3012209,0.006561646097040213
3012210,52.322094170890814
3012211,0.0069584984166745035
3012212,49.2977066367545
3012213,0.008557103802667599
3012214,49.33711125663473
3012215,49.33743713404871
3012216,44.094368438980354
3012205,0.007626833785754688
3012217,0.011213398063998632
3012220,0.011183971710704782
3012136,0.02150063304992828
3012233,0.018746584537959434
3012222,0.004068697379070858
3012223,38.02177581895748
3012224,0.004737160018381938
3012225,40.552274954776514
3012226,0.00016487616036562778
3012227,0.0
3012228,0.019496611258001745
3012229,38.18443726192922
3012230,0.03286155949022475
3012231,0.023401168397168964
3012221,0.010313723116654697
3012232,41.90620177208214
3012193,0.0008188298962143827
3012235,0.021600773263106936
3012236,0.021600773263106936
3012237,44.46416241697733
3012238,0.0066287900120432335
3012239,0.013175576067012067
3012240,0.0192505711104361
3012241,0.004561775870887806
3012242,38.0488983391229
3012243,53.077681835886246
3012244,0.0058108020755208165
3012234,0.021189080435371734
3012245,49.94122008338829
3012467,0.019563038439799764
3012247,49.98119494294032
3012249,44.544187447799715
3012250,43.21499433256534
3012251,0.00907571640970812
3012252,62.065147708291555
3012253,0.010028647963251964
3012254,0.009161510657279654
3012255,38.33487502977744
3012256,38.39900867388145
3012257,0.0035906079812348807
3012258,41.060642074653956
3012259,0.0
3012260,39.65661778176628
3012261,0.018397109037705906
3012262,38.66652179640157
3012263,0.0318620791298804
3012264,0.023044462029346336
3012265,42.61835028241838
3012266,0.01839338347231104
3012267,0.02083401299928381
3012268,41.75603718615877
3012269,0.02124535433546726
3012270,45.55798500030752
3012271,0.005801816163257473
3012272,0.0034921622552431756
3012273,0.017883047775515692
3012301,0.019867378767291943
3012356,0.0024581453418732607
3012276,53.0216839873755
3012277,0.004470050539330307
3012278,49.893523016127546
3012279,49.071732382551716
3012280,49.933455914009656
3012281,49.93378152586368
3012282,44.51083936430362
3012283,43.18516339994815
3012284,0.007728161562110044
3012285,61.98546821915581
3012286,0.008678878430571453
3012287,0.007815362106769247
3012274,0.003223963588742783
3012289,0.0021164113563542585
3012290,0.0022512194356323206
3012291,41.03268320471987
3012292,0.0
3012293,39.63237633431755
3012294,0.017022979831763752
3012295,38.6436441032253
3012296,0.03045598879582259
3012297,0.02166190807939421
3012298,42.58524824689592
3012299,0.017023035436021825
3012300,0.019457207172262212
3012275,38.03267681583799
3012288,38.31429378435508
3012302,0.019867378767291943
3012343,0.005310990120724502
3012305,0.002145569929525965
3012306,0.03374583804445059
3012307,0.0
3012308,39.36741319291532
3012309,57.71912699826444
3012310,0.0
3012311,53.883612396492246
3012312,0.0010680172350032839
3012313,53.927968035535876
3012314,53.928293615356964
3012315,47.2634138164678
3012328,41.0574701474559
3012316,0.0037300615198310504
3012318,69.03503698198891
3012319,0.003698736428514337
3012320,0.002808364506786092
3012321,40.04748592156392
3012322,40.12673625725728
3012323,0.0
3012324,43.57057409655734
3012325,0.0
3012326,0.0
3012327,42.30760943102307
3012025,41.78631653704697
3012317,0.0027507250377147895
3012303,45.51663463562246
3012329,0.027641515332579955
3012331,44.978288275961845
3012332,0.011026176351193169
3012333,0.012824901106837967
3012334,0.013234147185178043
3012335,0.013234147185178043
3012336,47.60073147241265
3012337,0.0
3012338,0.0
3012339,0.014683593378552573
3012340,0.004063057754455378
3012341,0.004915061618057639
3012342,52.142886456247574
3012330,0.014859210253973007
3012344,49.14501837745567
3012345,0.006904769053934523
3012346,49.18426462982997
3012347,49.18459024168399
3012348,43.987493417037996
3012349,42.71702756620792
3012350,0.008573367532218552
3012351,60.735300372476125
3012352,0.009525473002638713
3012353,0.00865968518307702
3012354,37.82789318010703
3012355,37.88848869249717
3012304,0.004449107376531475
3012023,0.009611914741347248
3012357,40.37280065924868
3012359,0.0
3012360,0.017768039754101284
3012361,38.11198593061788
3012362,0.03746480956799361
3012363,0.020899223808654655
3012364,41.78206087659563
3012365,0.016267085558819314
3012366,0.01912130333398535
3012367,0.019531189944307248
3012368,0.019531189944307248
3012369,44.50244586914297
3012370,0.00411908297766816
3012371,0.010633238283590191
3012372,0.013145827157692207
3012373,0.004123284982913712
3012374,0.004975016308667336
3012375,52.41658690910674
3012376,0.005371104193208536
3012377,49.37877968320923
3012378,0.006964456502538005
3012379,51.28125374241924
3012380,51.281579962703994
3012381,45.45364951226454
3012382,44.02897261712294
3012383,0.008633918709344412
3012384,64.231675011237
3012412,49.21557757233485
3012413,49.215903184188875
3012387,0.0018125724736165428
3012399,0.018254548320919533
3012389,0.0025183282855584742
3012390,41.80940450103482
3012391,0.0
3012392,40.32021292532578
3012393,0.0178250780781243
3012394,39.374091464790645
3012395,0.030398455342568794
3012396,0.020028870830351108
3012397,43.45516297137783
3012398,0.01540638227984335
3012385,0.009585510015278733
3012400,0.01866345383653313
3012401,0.01866345383653313
3012402,46.015397812469914
3012403,0.0047866884572037634
3012404,0.004632438155783075
3012405,0.012619936221429484
3012406,0.004980175797162821
3012407,0.005833715411690623
3012408,52.179616268869644
3012409,0.006230121682838264
3012410,49.17630270973106
3012411,0.007826709484933324
3012386,0.008719739667757177
3012358,0.0
3012414,44.00936689115909
3012455,0.0041457766325231
3012416,0.009497165951753712
3012417,60.787559817666555
3012418,0.010450788546647922
3012419,0.00958251875242488
3012420,0.002666129628295205
3012421,0.0032383230422680597
3012422,0.003375194001048895
3012423,40.39073736579165
3012424,0.0
3012425,0.0
3012426,0.018709843432971485
3012427,38.12667823713643
3012428,0.038439867050713034
3012429,0.021844052423247207
3012430,41.803257241952075
3012431,0.017203574179756185
3012432,0.020062974765049955
3012433,0.020473664175431172
3012434,0.020473664175431172
3012435,44.528903655703026
3012436,0.005044270930484646
3012437,0.011478685466245525
3012438,0.016023284475231506
3012439,0.005750303121477883
3012440,0.0066053215898389936
3012248,49.98152055479434
3012415,0.010479761458527408
3012443,50.05416091026817
3012444,0.008601502208783748
3012445,50.09425342671131
3012446,50.09457908320656
3012447,44.620093685867694
3012448,43.28181873011818
3012449,0.010273833505395197
3012450,62.26062767518523
3012451,0.011228817508788357
3012452,0.010357873289984488
3012453,0.003433844583598783
3012454,0.004007035909710338
3012441,53.21205548555257
3012456,40.890148210433615
3012457,0.0
3012458,0.0
3012459,0.019504027213634905
3012460,0.01824903451730842
3012461,0.04092939521274839
3012462,0.020931445097156935
3012463,42.355079202025614
3012464,0.016298022626049215
3012465,0.019153031094081098
3012466,0.019563038439799764
3012024,41.69345059313828
3012442,0.007002207017069604
3012175,0.006366688899387464
3013360,31.943117537821085
3013058,0.015829789370816482
3012914,0.008365366567413194
3012473,0.005879748617014865
3012474,52.91980485087366
3012475,0.006276296552865152
3012476,49.807380185218264
3012477,0.00787244837161243
3012478,49.68276476495295
3012479,49.6830909405192
3012480,44.33701302151285
3012481,43.03012825588785
3012482,0.009543679394894313
3012484,0.010496807291798861
3012496,42.12063628693222
3012485,0.009628592574199018
3012486,0.002712971093985592
3012487,38.10267222500485
3012488,0.0034214473429739585
3012489,40.6599578815207
3012490,0.0
3012491,39.322166827666486
3012492,0.01875284614436571
3012493,38.34792066081373
3012494,0.0384773388168663
3012483,61.56427531787193
3012525,0.019408206073175116
3012497,0.017248213445838767
3012499,0.020517145739086206
3012500,0.020517145739086206
3012501,43.85553980350123
3012502,0.005088810869668658
3012503,0.002693378427241977
3012504,0.01636215454292624
3012505,0.0056567374186713565
3012506,0.006511621397335616
3012507,51.302008294219995
3012508,0.006908447694964409
3012509,48.42729390195153
3012510,0.008507490463366157
3012495,0.021887219065216904
3012512,48.46621536029606
3012513,43.482588040960124
3012514,42.26430629504948
3012515,0.010179572088079248
3012516,59.54337380429092
3012517,0.01113444327652006
3012518,0.010263753593859544
3012519,0.003340513896221722
3012520,0.003913614418382252
3012521,0.004052208967281075
3012522,39.957368857090955
3012523,0.0
3012498,0.020106652906235534
3012524,0.0
3012526,37.77007853710151
3012580,0.01257271012972398
3012539,0.00580210865181461
3012528,0.022544715374226705
3012529,41.29302403722341
3012530,0.017896939287040996
3012531,0.020760873550627994
3012532,0.021172259590295023
3012533,0.021172259590295023
3012534,43.89445066544419
3012535,0.005729313902975218
3012536,0.0033292788643847866
3012537,0.016628704347798007
3012527,0.040151422914438004
3012538,0.004948623053996136
3012552,0.0033114025277142744
3012541,0.006198498624817196
3012542,49.155560293349225
3012543,0.007794989569364496
3012544,49.19481608246669
3012545,49.19514169432071
3012546,43.99486341215518
3012547,42.723620316757234
3012548,0.009465381774927235
3012549,60.752905200356984
3012550,0.010418954078402416
3012540,52.15526133417726
3012511,48.46588974844204
3012553,38.05719224855796
3012579,43.58743536844365
3012567,44.90448825805898
3012556,0.0
3012557,39.257302901395185
3012558,0.01942995136088992
3012559,38.31766200941426
3012560,0.03603231251365516
3012561,0.025051719222673286
3012562,42.10986258100237
3012563,0.020382925047623655
3012564,0.022195019870149633
3012565,0.022607514183680455
3012555,40.60010130316958
3012566,0.022607514183680455
3012554,0.003977911512404772
3012569,0.004732925137177818
3012570,0.017394104495363
3012571,0.007052835072478661
3012572,37.81229732394316
3012573,51.47099044342834
3012574,0.008307304682096239
3012575,48.572764315731035
3012576,0.00991013958533731
3012577,48.611495083427855
3012578,48.61182082071416
3012568,0.007138998871342056
3012693,0.014192219377775192
3012581,0.011584965038475297
3012583,0.012541903487606584
3012584,0.011508698270962497
3012585,0.005338206856401216
3012586,37.7093081068852
3012587,0.006010459184536648
3012588,40.241571887702115
3012589,0.0014265219489560566
3012590,0.0
3012591,0.020797521990254572
3012592,37.85956023291095
3012593,0.03501663320202774
3012594,0.025454542089824835
3012595,41.428698115776655
3012596,0.020781329912705
3012597,0.023233695966763074
3012598,0.023667934308258927
3012599,0.023667934308258927
3012600,43.86475343033622
3012601,0.008268127985505929
3012602,0.005856519401280751
3012603,0.016618402988800185
3012604,0.004938486539094021
3012605,38.03771841511167
3012606,52.219310101267105
3012607,0.006188340223834577
3012608,49.210112371596296
3012636,0.01440183238795527
3012637,0.006284687462505674
3012611,49.249743363632234
3012612,44.03300657011417
3012613,0.01043766195286449
3012614,0.009455173548186875
3012615,60.84401542984917
3012616,0.010408728156533138
3012617,0.009540569189696474
3012618,37.865156096671974
3012619,37.925415915702736
3012620,0.003967762890309187
3012621,40.61671049506411
3012622,0.0
3012609,0.007784800900398203
3012624,0.01934428085989619
3012625,38.245143660720416
3012626,0.035944131167000265
3012627,0.02433897805632006
3012628,41.88321901868547
3012629,0.01967647962187483
3012630,0.021486113890158674
3012631,0.021898006569306294
3012632,0.021898006569306294
3012633,43.92942588775869
3012634,0.00692120163668763
3012635,0.0045161532886780435
3012610,49.24941775177821
3012692,0.026958017695069655
3012638,0.007140000341497922
3012679,0.003002419192283977
3012640,0.007537235836773133
3012641,49.85066517518221
3012642,0.00913714084254572
3012643,49.72570410657103
3012644,49.72603040871203
3012645,44.36705785927355
3012646,43.05702024635851
3012647,0.010811094677442136
3012648,61.34770876547728
3012649,0.011766185650879125
3012650,0.010735552822592108
3012651,0.0045719009982479715
3012652,38.13004691775351
3012653,0.005285796023644872
3012654,40.813451827896216
3012655,0.0006078735553611197
3012656,39.35416660606714
3012657,0.020660709699081542
3012658,38.396119774659454
3012659,0.04128355039848099
3012660,0.024545312255647232
3012661,42.181475574984795
3012662,0.01988302046161957
3012663,0.022755923361600115
3012664,0.02318944433851341
3012582,59.509237545035305
3012639,52.97059891986028
3012667,31.910864462032983
3012668,0.005335886427351907
3012669,0.032979497401283094
3012670,0.0
3012671,39.354873806166054
3012672,57.676200209934365
3012673,0.0
3012674,53.847037079109434
3012675,0.0003437211494668038
3012676,53.89135838587767
3012677,53.89168396569876
3012678,47.23784008599905
3012665,0.02318944433851341
3012680,0.0020249504775911075
3012681,68.97347158281899
3012682,0.00297176930983386
3012683,0.002083367601012214
3012684,0.0
3012685,0.0
3012686,0.0
3012687,43.54872827899142
3012688,0.0
3012689,0.0
3012690,0.016060698781815645
3012691,41.040610139216156
3012666,43.9262110973574
3012623,0.0
3012472,0.005026481455383256
3012845,0.010479622248478308
3012802,0.0028488287183328176
3012696,0.012160462054494598
3012697,0.012569147476644756
3012698,0.012569147476644756
3012699,47.820795635620655
3012700,0.0
3012701,0.0
3012702,0.016488921211251395
3012703,0.005782685749499371
3012704,0.00663756972816363
3012705,51.31224757074953
3012706,0.007034396025792423
3012707,48.43753317848106
3012708,0.008633438794194169
3012709,48.47612902497157
3012710,48.47645463682559
3012711,43.492827317489656
3012712,42.27454557157901
3012713,0.010305520418907262
3012714,59.553619693154836
3012715,0.011260472942438022
3012716,0.010390029441325827
3012717,37.52931777880088
3012718,0.004039298175001644
3012719,0.004177643417418095
3012720,40.07552797705874
3012721,0.0
3012723,0.01953395029015208
3012724,0.014097402780684345
3012725,0.042443719656532736
3012726,0.024704166401633133
3012727,41.34629561017717
3012728,0.020038438140499135
3012729,0.022913527785884878
3012730,40.211220215333576
3012731,0.023326633047024647
3012732,43.95850723236318
3012733,0.007844929275707119
3012747,59.65148002945855
3012735,0.01692622931409754
3012736,0.005241394084213545
3012737,37.7850838898126
3012738,51.381053265329605
3012739,0.006491913664594951
3012740,48.49613837257286
3012741,0.008089300541459031
3012742,48.53478953217372
3012743,48.53511514402774
3012744,43.53380384184268
3012745,0.010743558577787242
3012746,0.009760286930824376
3012748,0.010714342590715782
3012722,0.0
3012749,0.009845363128690882
3012789,0.020797521990254572
3012774,0.00991013958533731
3012752,0.004271027597636076
3012753,40.121568512031885
3012754,0.0
3012755,0.0
3012756,38.707646453868385
3012757,37.8342335311733
3012758,0.03626470729834411
3012759,0.025722522933491577
3012760,41.42015196393694
3012761,0.021047801821577092
3012762,38.94649721692766
3012751,0.004132511457527183
3012769,0.007052835072478661
3012764,0.0232752780576152
3012772,0.008307304682096239
3012771,51.47099044342834
3012770,37.81229732394316
3012773,48.572764315731035
3012768,0.017394104495363
3012767,0.0058630804248608285
3012766,0.008274480392829292
3012765,43.378916434938866
3013069,0.0017239930849999151
3012763,0.0232752780576152
3012734,0.005435542827144974
3012801,0.014494799391516822
3012776,48.61182082071416
3012777,43.58743536844365
3012778,0.01257271012972398
3012779,0.011584965038475297
3012780,59.509237545035305
3012781,0.012541903487606584
3012782,0.011508698270962497
3012783,0.005338206856401216
3012784,37.7093081068852
3012785,0.006010459184536648
3012786,40.241571887702115
3012788,0.0
3012787,0.0014265219489560566
3012790,37.85956023291095
3012791,0.03501663320202774
3012792,0.025454542089824835
3012793,41.428698115776655
3012794,0.020781329912705
3012795,0.023233695966763074
3012796,0.023667934308258927
3012797,0.023667934308258927
3012798,43.86475343033622
3012799,0.008268127985505929
3012800,0.005856519401280751
3012750,0.0036036739033704023
3012775,48.611495083427855
3012803,0.003698798107770831
3012913,0.009230767234031222
3012805,0.004094092379764381
3012806,49.08401183143516
3012807,0.005684154404579112
3012808,49.12320277069911
3012809,49.12352838255313
3012810,43.94483842588809
3012811,42.67887296415714
3012812,0.007350293259943582
3012813,60.63338882767632
3012814,0.008300389867570297
3012815,0.0074378905480195715
3012816,37.96498147890464
3012817,0.0017415249162410717
3012818,0.0018756426526607
3012819,40.754970382759424
3012820,0.0
3012821,39.2209383460363
3012822,0.01663766374296809
3012823,38.27313590925557
3012824,0.03218690022951934
3012825,0.02223711339057337
3012826,42.045458093392504
3012827,0.01759316690181448
3012828,0.02003002457236006
3012829,0.020440686043064038
3012830,0.020440686043064038
3012858,0.022052136445105976
3012859,43.84230992690948
3012833,0.002615814720884674
3012834,0.012343763908225168
3012835,0.005954718854470998
3012836,38.8705911072316
3012837,55.92869252719122
3012838,0.0072068329140473715
3012839,52.368657093453926
3012840,0.008806156242755797
3012841,52.22274942009349
3012842,52.22307566786556
3012843,46.10825423384456
3012844,0.011463815112599095
3012831,44.84234493225332
3012846,65.80966355276688
3012847,0.011434344483634624
3012848,0.01056302736692769
3012849,39.10583518221601
3012850,39.17713092043623
3012851,0.004350134919884156
3012852,42.33831032407517
3012853,40.75447749524881
3012854,0.0
3012855,40.61249366713235
3012856,39.622130930005476
3012857,0.041444790297292165
3012832,0.005011896295145863
3012694,44.95563564992425
3012860,0.0182072947056366
3012901,0.0037652920876438283
3012862,0.02148332561507722
3012863,0.02148332561507722
3012864,45.27075651594813
3012865,32.22975891128768
3012866,0.0051547454431129375
3012867,0.012343763908225168
3012868,0.003132111098809987
3012869,38.107766571861724
3012870,53.295376487152154
3012871,0.0043780239470232836
3012872,50.125763874459786
3012873,0.005968705067900567
3012874,52.109754272388415
3012875,52.11008052016048
3012876,46.02932051802425
3012877,0.008613333803602418
3012878,0.007636455081321374
3012879,65.62109925222977
3012880,0.008586504405459557
3012881,0.007722830653122492
3012882,0.0008243281204001901
3012883,39.31013034060224
3012884,0.001527739971431445
3012885,42.521010481240694
3012886,40.91275977521707
3012804,52.071259793039566
3012861,0.021071882757670978
3012889,39.770266115247175
3012890,0.03843262487008422
3012891,0.01976849623924584
3012892,44.07084176437286
3012893,0.015940315860636333
3012894,0.018792355272300342
3012895,0.01920187029197713
3012896,0.01920187029197713
3012897,45.742864403216196
3012898,32.20779436126937
3012899,0.00291898825610408
3012900,0.012339555860019676
3012887,0.0
3012902,38.115813532230725
3012903,53.32347054569499
3012904,0.005012620214565051
3012905,50.14967308387477
3012906,0.006632304207493307
3012907,52.13742877074925
3012908,52.137755821707565
3012909,46.04896969652446
3012910,0.009530735548163423
3012911,0.008279576773436386
3012912,65.66541114182984
3012695,0.010364046047512272
3012888,40.77611556959817
3012915,0.001460788631656986
3012551,0.009550768103211088
3012917,0.0021661745063635126
3012919,40.926415026760985
3012920,0.0
3012921,40.79023351393017
3012922,39.78303275690853
3012923,0.03911552205297566
3012924,0.02042664522925264
3012925,44.08917277406532
3012926,0.01659347814934593
3012927,41.005271368730845
3012928,42.62192484723427
3012930,45.763651454382504
3012942,44.780917595389205
3012931,32.21085635201976
3012932,0.0035630382189809767
3012933,0.012339555860019676
3012934,0.0037652920876438283
3012935,37.558432379124035
3012936,51.3993582257487
3012937,0.005012620214565051
3012938,48.51083526954371
3012939,0.006632304207493307
3012940,50.32215357848851
3012941,50.32248062944682
3012918,42.53678750507191
3012929,0.01985938420494919
3012971,48.51083526954371
3012943,0.009530735548163423
3012947,0.008365366567413194
3012948,38.46755526066962
3012949,38.53353092671576
3012950,0.0021661745063635126
3012951,42.807950491827285
3012952,40.544786036587645
3012953,0.0
3012954,40.39573278150829
3012955,39.42587218867123
3012956,0.03911552205297566
3012958,43.57779353212196
3012970,0.005012620214565051
3012944,0.008279576773436386
3012960,0.019449280104211385
3012961,0.01985938420494919
3012962,0.01985938420494919
3012963,44.63937720053729
3012964,32.18468323724315
3012965,0.0035630382189809767
3012966,0.012339555860019676
3012967,0.0037652920876438283
3012968,37.558432379124035
3012969,51.3993582257487
3012945,62.63616195054565
3012959,0.01659347814934593
3012972,0.006632304207493307
3013026,0.018508910743642387
3013013,0.007445397383496741
3012974,49.64527840471538
3012975,44.307859848502
3012976,0.009530735548163423
3012977,0.008279576773436386
3012978,61.506080773787836
3012979,0.009230767234031222
3012980,0.008365366567413194
3012981,0.001460788631656986
3012982,38.23953936101142
3012983,0.0021661745063635126
3012984,42.3542275380309
3012985,40.17441517171948
3012986,0.0
3012987,40.01286878309521
3012988,39.07924781428158
3012989,0.03911552205297566
3012990,0.02042664522925264
3012991,43.0814985568412
3012992,0.01659347814934593
3012993,40.21982806276161
3012994,0.01985938420494919
3012995,0.01985938420494919
3012996,44.09746416800555
3012997,32.09760514276073
3012998,0.0035630382189809767
3012946,0.009230767234031222
3012973,49.644951353757065
3013001,37.63209145590232
3013002,51.65333240587245
3013003,0.004101570843614593
3013004,48.72717185971007
3013005,0.005691541063445496
3013006,49.874565032831974
3013007,49.8748912763703
3013008,44.46793746472479
3013009,0.008334897204470702
3013010,0.007358725747649734
3013011,61.89109798986393
3013012,0.008308324292015641
3012999,0.012271335980007637
3013014,38.275402561056794
3013015,38.339775577414215
3013016,0.0012520415806920374
3013017,42.50887095080913
3013018,40.30066755445829
3013019,0.0
3013020,40.14337721509112
3013021,39.19741732539016
3013022,0.03813846311501199
3013023,0.019484537097700323
3013024,43.25064345119512
3013025,0.015658424778032837
3013000,0.002856264173006548
3012957,0.02042664522925264
3012916,39.321587300311954
3013027,0.01891818400448796
3013031,0.0035477166180896214
3013032,0.041951846420542435
3013033,0.0029907046890419444
3013034,39.704950457495016
3013035,57.5599549160729
3013036,0.004283278944707268
3013037,53.76501534176652
3013038,0.0058743281250398325
3013039,53.809149728368745
3013040,53.80947530818983
3013042,0.008533943986254289
3013030,32.13146825150264
3013054,40.53622313204535
3013044,68.75673181431833
3013045,0.008506551520204426
3013046,0.007628028613542611
3013047,41.879604547634806
3013048,41.973055093899454
3013049,0.002065018758230919
3013050,43.27122927633831
3013051,0.0
3013052,0.0
3013053,0.021513291347314018
3013082,0.0
3013043,0.007555960715838945
3013084,39.02425115371069
3013041,47.21509492946669
3013055,0.03242790167854061
3013137,0.005757081988988485
3013060,41.9430551079422
3013061,0.018035449593493735
3013062,45.47154160368241
3013063,0.004141709842539423
3013064,0.0
3013065,0.0068770700615573424
3013066,0.000484162660371835
3013067,36.89261594581383
3013068,49.075666774534184
3013070,46.53318746580115
3013083,40.94302753482883
3013056,0.019658901474234616
3013072,47.53430054358703
3013073,47.5346275568157
3013074,42.83654177190359
3013075,0.006188920086997043
3013076,0.004946622894104147
3013077,57.97717031574519
3013078,0.005892247239880122
3013079,0.0050363923317565465
3013080,0.0
3013081,37.72039292027888
3013057,43.928286267672874
3013071,0.0033063543035313473
3013139,46.5128959437238
3013028,0.01891818400448796
3013114,36.64538745878511
3013087,38.00329354510547
3013088,0.027521899968583088
3013089,0.01701617171465218
3013090,41.536844279525
3013091,0.013208732410815462
3013092,0.016045168444064364
3013093,0.01645228828396529
3013094,0.01645228828396529
3013095,41.91523181353816
3013096,32.125940205265366
3013098,0.0093067772751861
3013086,0.013456677086345754
3013110,55.35120429797819
3013100,0.002143369710742394
3013101,47.343862669345015
3013102,0.0025379577079654592
3013103,45.05813147306871
3013104,0.004122862450652431
3013105,45.96063967936157
3013106,45.96096662021501
3013107,41.73723653293474
3013108,0.007009152350067688
3013109,0.005764681143038348
3013029,44.28213339913518
3013099,0.0012963243464497653
3013125,0.011121276419856819
3013097,0.0032541909248538247
3013111,0.006711717128887736
3013115,0.0
3013116,39.88866047260274
3013117,0.0
3013118,0.0
3013119,0.008215480432798657
3013120,37.05576000076346
3013121,0.022192662738711396
3013122,0.012871845085084382
3013123,40.265488555673855
3013124,0.008312088091173443
3013126,0.011524193128330001
3013085,0.0
3013112,0.005853667359619993
3013128,41.59344436477469
3013129,0.003754899377592241
3013130,0.001365550799884235
3013131,0.013150244203459557
3013132,0.002921493489131769
3013133,36.560324604279856
3013134,47.95343752835803
3013135,0.004166935956187035
3013136,45.57583906848815
3013138,46.51256966996013
3013113,36.59510164259248
3013127,0.011524193128330001
3013140,42.11943566998112
3013059,0.017626654275279773
3013293,47.69958420622147
3013154,0.03869192480183281
3013143,56.280816458916505
3013144,0.008374118770587247
3013145,0.007511013078654915
3013146,0.0006145089179484809
3013147,36.88026309476811
3013148,0.0013172718445146538
3013149,40.25635922848006
3013150,0.0
3013151,0.0
3013152,0.015981417746608422
3013250,0.0
3013153,37.48332432024126
3013167,48.58933507257875
3013156,40.78996973551855
3013157,0.015878964092952186
3013158,0.018730617937070305
3013159,0.01914006912564888
3013160,0.01914006912564888
3013161,42.07092022605493
3013162,0.005255394503920519
3013163,0.002858512923567736
3013164,0.007309764758417582
3013165,0.0
3013155,0.01970663545385669
3013166,0.0
3013168,0.0
3013194,42.26405252874819
3013182,40.02635173963549
3013171,46.1543853196049
3013172,46.154711892617534
3013173,41.868273904336284
3013174,0.0
3013175,0.0
3013176,55.68405098832131
3013177,0.0
3013178,0.0
3013179,36.67922249748641
3013180,36.729781541370684
3013170,0.0
3013181,0.0
3013169,46.11683394862765
3013184,0.0
3013185,0.007134299527073751
3013186,37.316576665597594
3013187,0.023332273434148322
3013188,0.01108665066590258
3013189,40.55859291869985
3013190,0.007320314550269638
3013191,0.009087393896151577
3013192,0.00948891450434214
3013193,0.00948891450434214
3013183,0.0
3013251,42.10334344267442
3013195,0.0
3013197,0.011275483716394984
3013222,38.84123781139963
3013199,36.0184322074336
3013200,45.5189259928017
3013201,0.004583967363984532
3013202,43.50316137941833
3013203,0.006175578243165527
3013204,43.53723771785394
3013205,43.53756342773568
3013206,40.04281912689339
3013207,39.18850432281624
3013208,0.0078428405466416
3013223,0.01568886069597374
3013209,51.3117873205024
3013211,0.00792982872786393
3013212,0.001028843386731795
3013213,0.0015991448188943185
3013214,0.0017329455767805691
3013215,38.50884885170445
3013216,0.0
3013217,0.0
3013218,0.01640911633753576
3013219,36.13041241543606
3013220,0.031028774544807153
3013141,0.008400726546164307
3013210,0.008793653509540787
3013196,0.0
3013224,0.018539969716385708
3013249,0.0
3013237,53.48447927220734
3013226,0.01894938464292943
3013227,40.03883915732119
3013228,0.005066801699241785
3013229,0.002670379260918288
3013230,0.030882766073608438
3013231,0.0
3013232,39.290823458177265
3013233,57.177994912987934
3013234,0.0
3013235,53.439581576810575
3013225,0.01894938464292943
3013236,0.0
3013198,0.0033376521493794376
3013239,46.988637578218
3013240,0.0
3013241,0.0
3013242,68.20861356170472
3013243,0.0
3013244,0.0
3013245,39.91451948328658
3013246,39.99176233454391
3013247,0.0
3013248,43.3466543656044
3013238,53.48480571481468
3013252,40.88500783178797
3013221,0.019515738785281518
3013333,0.004816514234942815
3013254,0.007743542633729721
3013255,44.72721324558871
3013256,0.004001332191194313
3013257,0.005756980949456709
3013258,0.0061557222113222945
3013259,0.0061557222113222945
3013260,47.13919804999273
3013261,0.0
3013262,0.0
3013263,0.044626373886839585
3013264,0.0036280087268513164
3013266,57.838551794124655
3013278,40.159405916348184
3013267,0.004922041433668488
3013268,54.002390601165935
3013269,0.006515041734794872
3013270,54.04675005490683
3013271,54.04707563472792
3013272,47.3810705001454
3013273,0.009177621064441754
3013274,0.008197985627779044
3013275,69.15645486729684
3013276,0.009149630689298988
3013307,0.007125814017930305
3013279,40.23866864980766
3013281,43.682880887666435
3013305,47.34849298549696
3013253,0.019596952451628045
3013282,0.0
3013283,0.0
3013284,42.41804667976474
3013285,41.16768046084174
3013286,0.03310059224889507
3013287,0.020315349778887784
3013288,45.0895192159761
3013289,0.016481444158178104
3013290,0.018280580558400882
3013291,0.018689927219579017
3013277,0.00826936481243878
3013292,0.018689927219579017
3013280,0.0027031330466802065
3013295,0.0
3013296,0.04348291465617819
3013297,0.0025637193656128368
3013298,39.46776736347036
3013299,57.78387001617055
3013300,0.0038553161982361013
3013301,53.955799796112224
3013302,0.0054450573360126184
3013303,54.000115380834565
3013304,54.00044096065565
3013294,0.004446936846531027
3013306,0.008102691342788293
3013265,39.483740931433005
3013142,0.007424440251415406
3013309,0.00807569841412294
3013321,45.05791063443313
3013310,0.007198344317292268
3013311,40.1391374761016
3013312,40.218233316555704
3013313,0.0016374918707246725
3013314,43.655051717439385
3013315,0.0
3013316,0.0
3013317,42.391854014664645
3013319,0.03197721233294239
3013335,0.006408547240554653
3013320,0.019219095564243352
3013334,54.846333598482175
3013323,41.86915559903274
3013324,0.01759695684833268
3013325,0.01759695684833268
3013326,47.69958420622147
3013327,0.004446936846531027
3013328,0.0
3013329,0.04501728123120408
3013330,0.003522998256395761
3013331,39.775940506966855
3013308,69.0779903592402
3013322,0.015393189073127048
3013337,54.68090317954841
3013318,41.14415522280463
3013332,58.82832415939945
3013361,0.003254719767925715
3013338,47.8251550029737
3013339,46.26476834525886
3013340,0.008092070355024395
3013341,70.21975391795604
3013342,0.00927587018035537
3013343,0.008395445876601107
3013344,0.0014907155583927553
3013345,0.0019616225201020162
3013346,0.002096109448803667
3013347,43.76887332989891
3013348,0.0
3013349,42.266612613335795
3013336,54.68057694715785
3013350,42.4837475544274
3013359,46.75985387087063
3013358,0.018209417167237476
3013357,43.25465092848612
3013356,0.017800738939005037
3012471,0.01313209432266884
3013354,45.16011508994069
3013353,0.01877509172978472
3013352,0.03804554277177787
3013351,41.22714768101237
3013355,0.014954131000596184
3013370,60.53823206512773
3013362,0.025417115141637563
3013363,0.0
3013364,41.58837658982848
3013365,65.43832166975628
3013366,0.0
3013367,60.48826124533678
3013373,0.0
3013368,0.0
3013369,60.53793264022654
3013371,51.87045786468828
3013377,0.0
3013374,80.22206479161908
3013386,0.0036922113876493743
3013375,0.0
3013376,0.0
3013378,40.08289435553652
3013379,0.0
3013380,44.773829346720944
3013381,0.0
3013382,42.84328717165112
3013383,0.006138844815497006
3013469,55.59397263828991
3013372,0.0
3013387,44.045735355228814
3013401,0.006979646536237442
3013413,44.99353251939442
3013384,41.68464030619214
3013390,0.0
3013391,0.0
3013392,46.054902856352946
3013393,0.0
3013394,0.0
3013395,0.04515555111492327
3013396,0.0008751014655239023
3013397,0.0017219887001925574
3013398,65.82012918648684
3013399,0.002631373633611208
3013389,0.0
3013400,60.830195074629266
3013388,0.0
3013403,60.88010602496784
3013404,52.14251142047565
3013405,50.15381818317096
3013406,0.009950610743201582
3013407,80.72239299300978
3013408,0.010300719302432695
3013409,0.006629675540488547
3013410,0.0
3013411,40.26932978977561
3013412,0.0
3013402,60.87981024266302
3013385,0.01594483693865428
3013439,0.013782414272229645
3013415,0.0
3013442,0.010434375049770456
3013441,0.014133919356648645
3013418,0.02839469532984186
3013419,0.016996566433129485
3013420,44.2640241764443
3013421,0.008874471533681821
3013422,0.011473779800917577
3013423,0.011877386252750852
3013424,0.011877386252750852
3013425,46.28961956789021
3013426,28.055809431078053
3013443,38.97180223560438
3013427,0.0
3013429,0.004627648089779507
3013430,41.109820656496495
3013431,63.48873858499628
3013432,0.0063951313020977445
3013433,58.84366902836359
3013434,0.010772611451763966
3013435,58.642448487045165
3013436,58.642744078877286
3013437,50.58369828725131
3013438,48.74944306874545
3013512,41.55224068391389
3013428,0.019464996180632625
3013414,0.0
3013444,39.00062894916639
3013467,0.006910467912329228
3013416,0.019014261543230892
3013456,0.01525704802412454
3013445,0.002973549564834964
3013446,43.26257064138364
3013447,0.0
3013448,0.0
3013449,0.022911867515785174
3013450,40.41079637636403
3013451,0.031195397268993043
3013452,0.020406007449264935
3013453,42.55607442067215
3013468,55.59367689488729
3013454,0.012236406748991341
3013457,0.01525704802412454
3013417,41.87191261992846
3013458,43.437469322037195
3013459,28.469283201405418
3013460,5.123370777588535e-05
3013461,0.02188709600821298
3013462,0.0008080671573375476
3013463,0.0016546519494352327
3013464,59.627170881523895
3013465,0.0025637405401180394
3013466,55.549063810302215
3013455,0.01485096821735415
3013470,48.45299287144421
3013568,57.184506025500895
3013472,0.009880508585668723
3013484,0.02831083287728014
3013473,71.42693554461583
3013474,0.0102306332977448
3013475,0.006561365520847628
3013476,0.0
3013477,0.0
3013478,0.0
3013479,41.70870526063508
3013480,0.0
3013481,0.0
3013482,40.257821338903156
3013526,0.0
3013483,39.01719977299819
3013497,59.627170881523895
3013486,41.10060972063554
3013487,0.010759448411713394
3013488,0.013367662916730198
3013489,0.01379350168921507
3013490,0.01379350168921507
3013491,43.350527760360286
3013492,27.77808446784441
3013493,0.0
3013494,0.02188709600821298
3013495,0.0008080671573375476
3013485,0.019708636354782802
3013496,39.97976266613548
3013498,0.0025637405401180394
3013524,43.350527760360286
3013440,76.9467648180716
3013501,55.59367689488729
3013502,55.59397263828991
3013503,48.45299287144421
3013504,46.82768674198864
3013505,0.009880508585668723
3013506,71.42693554461583
3013507,0.0102306332977448
3013508,0.006561365520847628
3013509,0.0
3013510,0.0
3013500,0.006910467912329228
3013511,0.0
3013499,55.549063810302215
3013514,0.0
3013515,0.019551072865516578
3013516,39.01719977299819
3013517,0.02831083287728014
3013518,0.019708636354782802
3013519,41.10060972063554
3013520,0.010759448411713394
3013521,0.013367662916730198
3013522,0.01379350168921507
3013523,0.01379350168921507
3013513,0.0
3013471,46.82768674198864
3013525,27.77808446784441
3013582,39.543998012844995
3013529,0.0034595651876691462
3013530,61.18185540445281
3013531,0.004371642556209967
3013532,56.8736972436174
3013533,0.008734995835784912
3013534,56.918591818414654
3013535,56.91888678016889
3013536,49.375115036394476
3013537,47.65813124122846
3013538,0.011735769524261785
3013539,73.64479738733402
3013540,0.01208670496778471
3013541,0.006830580973516892
3013542,0.0014947585058936496
3013543,40.17891404967852
3013544,0.0009564660579457362
3013545,42.36563927194707
3013546,0.0
3013547,0.0
3013548,0.021446751969182245
3013549,0.015506923277315711
3013550,0.038522565435315695
3013551,0.020820859633348225
3013552,42.30720861308728
3013553,0.011850555396287734
3013527,0.016352747589033424
3013528,0.002609729764194053
3013556,0.01489181826588671
3013557,44.66437908485046
3013558,27.815719084765707
3013559,0.0
3013560,0.020970364914502822
3013561,0.0019575752487013117
3013562,0.0028060626709386083
3013563,61.490905844962676
3013564,0.003716929441293915
3013565,57.1388387103848
3013566,0.00807339494756279
3013567,57.184210240365545
3013554,0.014464950157909686
3013569,49.56407221812785
3013570,47.82964095134318
3013571,47.77241954824728
3013572,74.49256841447357
3013573,0.011384457197226439
3013574,0.007720718685879863
3013575,38.557101413823816
3013576,38.58493535242245
3013577,0.0002823747723168002
3013578,42.531279224646724
3013579,0.0
3013580,0.0
3013555,0.01489181826588671
3013581,0.016635863871258028
3013774,39.647665559327024
3013804,0.014286090929351115
3013585,42.04091922839256
3013586,0.010903453453613165
3013587,0.01351224537862623
3013588,40.663258910608846
3013589,40.014973044825155
3013590,44.447165555641426
3013591,27.907310339161782
3013592,0.0
3013593,0.017296849918197438
3013594,0.0030882346677698442
3013595,0.003938851815584249
3013597,0.004851666971363315
3013609,41.9365976153718
3013598,59.4508019545221
3013599,0.009219014926028037
3013600,59.49729958994569
3013601,59.49759459049929
3013602,51.17646955998171
3013603,49.14231657536257
3013604,0.012207011050727006
3013605,78.02133202747105
3013606,0.012558137403553934
3013607,0.008883604388494299
3013596,64.20303279198616
3013692,0.018097048988492903
3013610,0.0014348992164613993
3013612,0.0
3013613,0.0
3013614,0.017210508024130725
3013615,39.954756940451986
3013616,0.038364488364324455
3013617,0.018676348318410876
3013618,42.57520363054467
3013619,0.010528081906587078
3013620,0.013135809329897358
3013621,0.013540811332397228
3013622,0.013540811332397228
3013623,0.0057882824994563275
3013608,0.0019729570130627245
3013625,0.0
3013626,0.016772302629298474
3013627,0.00021356162035531174
3013628,41.29257681862787
3013629,64.41251352486574
3013630,0.0019677015254080353
3013631,59.62950957353063
3013632,0.006310306864506447
3013633,59.67714109898626
3013634,59.67743688129108
3013635,51.30239110492389
3013636,49.25506215594928
3013611,43.46742382559695
3013637,0.009263228559232561
3013638,78.31996150497267
3013639,0.00961302140011088
3013664,58.006624729349376
3013641,0.0
3013642,39.61771846165061
3013643,0.0
3013644,43.92479358201649
3013645,0.0
3013646,0.0
3013647,41.850226115721625
3013648,40.68277516112719
3013649,0.03527439754026819
3013650,0.01631576776844042
3013665,0.007670510930409416
3013651,43.3963483951943
3013653,0.010800207268084954
3013654,0.011203240025212266
3013655,0.011203240025212266
3013656,45.31452572633748
3013657,27.97301989078722
3013658,0.0
3013659,0.018940437603592885
3013660,0.0018935706513403937
3013661,40.72089942846054
3013662,62.51703171205594
3013805,0.010599012000205974
3013652,0.008204325802262496
3013624,0.0
3013666,60.84670614208556
3013691,0.0
3013679,0.0
3013668,52.107134267230464
3013669,49.97061769618554
3013670,0.010632299223053542
3013671,80.30069855377623
3013672,0.010982302103474438
3013673,0.007316335180225276
3013674,0.0004187603258125264
3013675,0.00011921648500186983
3013676,0.0
3013677,44.628879654264864
3013667,60.847002431292964
3013678,0.0
3013640,0.005962433207195586
3013681,41.25262118751161
3013682,0.029127173718263365
3013683,0.017705915742312176
3013684,44.092778840225975
3013685,0.009567369989134844
3013686,0.012171949542142924
3013687,0.012576377909095392
3013688,0.012576377909095392
3013689,45.33698825941125
3013690,28.452477540265463
3013680,42.48340040604698
3013693,0.0032737050237451803
3013694,40.033607118039775
3013695,60.04056390215378
3013707,0.001938530569912533
3013696,0.005070029705585063
3013697,55.90169442553659
3013698,0.009438162595851212
3013699,55.945931762441
3013700,55.94622750584362
3013701,48.69905991856335
3013702,46.92744012181042
3013703,0.012404843523002784
3013704,71.69098507464513
3013705,0.012521477283719589
3013749,0.00239936405621948
3013706,0.008689939121050427
3013720,0.016215152724762323
3013709,0.001500060848574057
3013710,41.64629585969514
3013711,0.0
3013712,0.0
3013713,0.017883372157604133
3013714,0.015417856166817399
3013715,0.029833835859419726
3013716,0.02215797002253793
3013717,41.193960131096965
3013718,0.013166742178450378
3013708,0.0017381465062663356
3013719,0.015787264111290722
3013721,0.016215152724762323
3013747,41.67725993738207
3013735,0.0
3013724,0.0
3013725,0.024185783617532628
3013726,0.0
3013727,41.58390527288973
3013728,65.42734318457192
3013729,0.0
3013730,60.47823587019972
3013731,0.0
3013732,60.52762787844343
3013733,60.52792366074825
3013723,27.785200189546984
3013734,51.86182792710567
3013722,43.43650722203021
3013737,80.20796592191083
3013738,0.0
3013739,0.0
3013740,0.0
3013741,40.076089293152094
3013742,0.0
3013743,44.76610731172127
3013744,0.0
3013745,42.83593252164518
3013746,43.09083884735247
3013736,0.0
3013583,0.029536653633474103
3013748,0.014650490833360882
3013584,0.019854620946533633
3013763,60.54951406692119
3013752,0.0
3013753,0.0
3013754,0.0
3013755,46.0481436270978
3013756,0.0
3013757,0.0
3013758,0.018301033373796526
3013759,0.0049158307096757725
3013760,0.005769115873207671
3013761,65.49034854664959
3013751,0.0
3013762,0.006717451550966541
3013776,43.963811366424274
3013765,60.33331511678929
3013766,60.33361070862141
3013767,51.761764700320626
3013768,49.66632288208332
3013769,0.014095567047335214
3013770,79.41477784989551
3013771,0.014211833700331305
3013772,0.010525339677401673
3013773,39.614761888062375
3013775,0.0031636702836651516
3013764,0.011098761764720869
3013750,44.038182495382735
3013777,0.0
3013803,79.90210683374542
3013791,0.018375514298116118
3013780,40.71538688016568
3013781,0.04019533198704
3013782,0.020449049751430734
3013783,43.41486514596744
3013784,0.012276802232400083
3013785,0.014892215860918665
3013786,40.43982211719611
3013787,0.01529844002268812
3013788,44.328822054529574
3013789,28.45203085750029
3013779,0.018982351607741386
3013790,0.0
3013778,0.0
3013793,0.0058423160668313965
3013794,65.8352512475554
3013795,0.006790768380141119
3013796,60.843717545666365
3013797,0.011172679027110253
3013798,60.62508361956366
3013799,60.62537922122684
3013800,51.965587274815704
3013801,49.848643915440704
3013802,49.785169632584406
3013792,0.004988914282647098
3014252,0.0
3013663,0.0033134377631842764
3014110,42.036588747346514
3014029,55.91552808928407
3013809,44.13815840642526
3013810,0.0
3013811,0.0
3013812,0.019057382372286803
3013813,40.489750163680014
3013814,0.040273117673383096
3013815,0.020524099800649405
3013816,43.22368227418895
3013817,0.012350728698198105
3013818,0.014966503679875637
3013820,0.015372787390970017
3013832,56.689202042084126
3013821,43.34210901142217
3013822,0.0010115147802161849
3013823,0.0
3013824,0.01875927036584312
3013825,0.004466130618109517
3013826,0.00531899191503936
3013827,60.913634428514015
3013828,0.006266715505598107
3013829,56.644939499350905
3013830,0.010645833006482476
3013819,0.015372787390970017
3013861,0.0074484384850560395
3013833,49.21472999618569
3013835,0.013640458615085086
3013836,73.33043043791238
3013837,0.013756924605523151
3013838,0.01007283710189044
3013839,0.0031514577865776197
3013840,0.002950565453636326
3013841,0.002714134040853424
3013842,42.09787118704147
3013843,0.0
3013844,0.0
3013845,0.01852468593040307
3013846,39.17298960803042
3013831,56.68890692395475
3013848,0.02014604782698341
3013849,41.57605073638801
3013850,0.01197540526892695
3013851,0.01459032436515841
3013852,0.014996513179930317
3013853,0.014996513179930317
3013854,44.31993980789554
3013855,27.879954813901843
3013856,0.0
3013857,0.020244729779686745
3013858,0.005644451337050953
3013859,41.04099170363917
3013834,47.38754436538735
3013860,63.519849607619314
3013862,58.869595420400145
3013916,0.014681177264951183
3013875,43.479598721887626
3013864,58.915574276426284
3013865,58.915869489058274
3013866,50.77327610526921
3013867,0.014507716152261771
3013868,0.01483589351480987
3013869,77.042616430061
3013870,0.014952395443576688
3013871,0.011260012501629684
3013872,0.00500738130736041
3013873,39.99911690896607
3013863,0.011836319675590793
3013874,0.004526479767196159
3013888,0.0022328929063286235
3013877,0.0
3013878,0.020761059015791682
3013879,40.330001899722745
3013880,0.026954875385650324
3013881,0.021778680790768085
3013882,42.934273913068274
3013883,0.013584949043695704
3013884,0.0162072851929114
3013885,0.016614705045089977
3013886,0.016614705045089977
3013876,0.0
3013847,0.0390498787783068
3013889,0.0
3013915,40.46033073475986
3013903,0.01538930997186115
3013892,0.007009548145406561
3013893,59.26213704999134
3013894,0.007879863370087082
3013895,55.22964074849024
3013896,0.01227122656288383
3013897,55.27231373607537
3013898,55.27260902212148
3013899,48.22832610891347
3013900,0.01494458433504623
3013901,0.015272843309458856
3013891,0.0061541608541879145
3013902,70.95728607470035
3013890,0.019624029020139228
3013905,0.005437564742891142
3013906,37.49963709017302
3013907,0.004956912717816033
3013908,41.069975118615
3013909,0.0003826214564330051
3013910,39.306940641347055
3013911,0.021127816313499304
3013912,38.14756645779517
3013913,0.03365719741498365
3013914,0.023698659017507295
3013904,0.011693504455296317
3013917,0.01730938726564498
3013808,0.0032367290226804546
3013919,0.01771779648479938
3013973,0.0056232537800978595
3013920,42.9284581629594
3013921,0.002340620793143289
3013922,0.008594962246457116
3013923,0.01681433172328414
3013924,0.005209973789919249
3013925,0.006063287572658748
3013926,63.01909319748873
3013927,0.007476347518590549
3013928,58.44431151888426
3013929,0.011861782143825748
3013930,58.48993324622129
3013931,58.49022898206607
3013932,50.47976526746646
3013934,0.014861131326858528
3013935,76.3231670060516
3013936,0.014977477316420082
3013937,0.011287332159520132
3013938,0.005035740956301462
3013939,0.0047898443225870245
3013940,0.004554365757480226
3013941,43.013425025483485
3013942,0.0
3013943,41.00854204764636
3013944,0.02070667176170263
3013972,0.005856838217309754
3013945,39.50333664909297
3013947,0.021713173572215423
3013957,0.006820011464229315
3013956,0.021885166895501514
3013955,0.008082688580914136
3013954,0.0018399597887831889
3013948,42.355567403339094
3013952,0.016553537202297876
3013951,0.016553537202297876
3013950,0.01614657903337975
3013949,0.013526565602665143
3013959,60.16099182062768
3013958,0.007676654789715095
3013933,0.014532372327303159
3013971,0.006103440327874463
3013961,55.99605273073375
3013962,0.012945726170165131
3013963,56.03940885132893
3013964,56.039703876809064
3013965,48.76407483322996
3013966,0.015622304063620208
3013967,0.015950273376123942
3013968,72.23876382341943
3013969,0.016066865208102094
3013970,0.012365072272784243
3013946,0.03501181269633928
3013960,0.008547951128089962
3013887,44.43591018633341
3014000,0.015371841287959553
3014015,0.014779931681116795
3013976,39.85696510157153
3013977,0.02189068878739542
3013978,38.76783043418512
3013979,0.03456210070074395
3013980,0.025297321231619867
3013981,41.237785101246715
3013982,0.01625299569766871
3013983,0.018889056747666517
3013984,0.019298768644039357
3013985,0.019298768644039357
3013986,43.87263042983879
3013987,0.003823527700447178
3013988,0.0012861151315203666
3013989,0.019723371768691423
3013990,0.006251524831275871
3013991,40.128680415366034
3013992,59.267666008377994
3013993,0.007977541676076212
3013994,55.234353342559686
3013995,0.012369782400688277
3013996,55.27702900298094
3013997,55.277324273176774
3013998,48.23161275584279
3013999,0.01504359993373889
3013918,0.01771779648479938
3013974,41.722473095625865
3013975,0.0010423303288871735
3014003,0.011791675754564324
3014004,37.475361760331026
3014005,37.50174039192282
3014006,0.005054348626321491
3014007,41.072812734960124
3014008,0.00047914842150202305
3014009,39.30942061414064
3014010,0.02122814982723199
3014011,38.149842324739225
3014012,0.033759800915417824
3014013,0.02379922642303256
3014014,40.46311384112215
3014001,70.96517703555841
3014016,0.017408673467000695
3014017,38.47913698305644
3014018,0.017817173682641636
3014019,42.93177625415479
3014020,0.0024381601084443767
3014021,0.008693769091782256
3014022,0.019220814208484174
3014023,0.0042152062597315895
3014024,0.005067484561896195
3014025,60.01584954322796
3014026,0.005934986668128612
3014027,55.872284207051884
3014002,0.015488315564452227
3013807,42.54323737510595
3014028,0.010310434381050497
3014030,55.915823118861994
3014043,0.019209108955276267
3014032,46.908092634853205
3014033,0.0133028842949682
3014034,72.03185237142547
3014035,0.013419474158468982
3014036,0.00973924768850098
3014037,37.90054176428392
3014038,0.0032530038960377167
3014039,0.0030165514465275763
3014040,41.64679432043424
3014041,0.0
3014042,0.0
3014044,38.70652569508152
3014056,0.002878279199693738
3014045,0.03182263365252447
3014046,0.022605782927950457
3014047,41.16283688551443
3014048,0.013607683962625235
3014049,0.01623021289561388
3014050,39.533109938024175
3014051,0.01663766685461742
3014052,43.78334584805287
3014053,0.0012108819880956335
3013806,0.003673918594763097
3014057,40.00337382257204
3014059,0.0045938737787791515
3014083,0.015271851565298861
3014071,37.89915798285082
3014060,55.80879047841419
3014061,0.008957866224033266
3014062,55.851975232838754
3014063,55.85227026241668
3014064,48.63314642208465
3014065,46.86838163631805
3014066,0.01194410142241056
3014067,71.9256817171286
3014068,0.012060691285911342
3014069,0.008391538241355518
3014054,0.0
3014070,37.87177703955248
3014058,59.94137520851116
3014073,41.60797023901334
3014074,0.0
3014075,0.0
3014076,0.017832800454509513
3014077,38.67507542347507
3014078,0.030416619686917775
3014079,0.021224355878313617
3014080,41.12438759809988
3014081,0.012249970248383254
3014082,0.014865557102900714
3014072,0.00167864975741539
3014055,0.017853337439692498
3014084,0.015271851565298861
3014085,43.737540870635875
3014112,0.013969048022841421
3014111,0.027136765893228377
3014088,0.033902365508596814
3014089,0.0
3014090,41.82132780354298
3014091,66.24096425833297
3014092,0.0
3014093,61.17224515487771
3014094,0.004145067539417802
3014095,61.221323433001494
3014096,61.22161843355509
3014113,44.437286906758494
3014097,52.34609391268107
3014099,0.007149287303366573
3014100,81.37780797150882
3014101,0.00726236702476496
3014102,0.003562175343502497
3014103,0.0
3014104,40.393896516941645
3014105,0.0
3014106,45.19856719092185
3014107,0.0
3014108,43.248129705956664
3014109,0.01709229647274101
3014098,0.0068213457008031025
3014140,0.0
3014114,0.005810933806113637
3014137,0.002527429570267577
3014086,0.0
3014126,54.67309788197864
3014115,39.981555514851756
3014116,0.008827357788577286
3014117,0.008827357788577286
3014118,46.95217050338508
3014119,0.0
3014120,27.884334973373697
3014121,0.015065034019744877
3014122,0.004121863989029466
3014123,0.004973985363340249
3014138,0.0022901780459884166
3014124,58.609542322768974
3014127,0.010215998271984487
3014087,0.0
3014128,54.71524122404969
3014129,54.71553625362762
3014130,47.83908380764373
3014131,46.15808786648162
3014132,0.013208015120904994
3014133,70.02702677938446
3014134,0.013324604984405776
3014135,0.009645153374819854
3014136,37.13028476812914
3014125,0.005841351962138059
3014141,0.0
3014142,0.018701892054689185
3014222,0.006664498359701363
3014154,0.013525884805634217
3014143,37.870403182264134
3014144,0.03829529015584421
3014145,0.021304885478695468
3014146,40.12013611799734
3014147,0.012329113109451503
3014148,0.014945108814579219
3014149,0.015351471263525313
3014150,0.015351471263525313
3014151,42.516111045806774
3014152,0.0
3014196,47.86802496212371
3014153,0.00617252815006911
3014167,0.013383341931763354
3014156,0.005033893708061267
3014157,58.96978129088157
3014158,0.005901263195740657
3014159,54.98093120345145
3014160,0.010274551082349216
3014161,57.488358553576866
3014162,57.48865413444019
3014163,49.777523992228275
3014164,47.8924865700481
3014165,0.013266988665646537
3014155,0.004182043010387652
3014166,74.6560133263286
3014168,0.009704851289262304
3014194,54.756672651051645
3014182,0.014492537065228989
3014171,0.0023503896015035675
3014172,42.589127300445384
3014173,0.0
3014174,0.0
3014175,0.01875859235288877
3014176,39.5920067270637
3014177,0.03121745363509445
3014178,0.02043361883652024
3014179,42.05221111795182
3014180,0.011476693917709528
3014170,38.62886618323167
3014181,0.014087151047486006
3014169,38.59864138312181
3014184,44.18100030043991
3014185,0.000611966616516919
3014186,0.00022351616159638871
3014187,0.012999789888954644
3014188,0.005039111485574781
3014189,0.005892769076472392
3014190,58.65808434547405
3014191,0.0067614707261809135
3014192,54.714489254659306
3014193,0.011143975535911947
3014183,0.014492537065228989
3014139,40.608343125671055
3014195,54.75696768062957
3014031,48.67753996151336
3014210,0.039271875007586
3014199,70.09623683187469
3014200,0.014256842117789527
3014201,0.010569799297897914
3014202,0.0036442380741337726
3014203,0.0034431874163547943
3014204,0.0032069445144239424
3014205,40.63309860357633
3014206,0.0
3014207,0.0
3014208,0.019645413092386977
3014198,0.014140252254288745
3014209,37.89046658253269
3014223,60.02584364001521
3014212,40.14462742811697
3014213,0.013258471524757117
3014214,0.015879217906337947
3014215,0.01628637384211761
3014216,0.01628637384211761
3014217,42.54524198147572
3014218,0.0008659857646995707
3014219,0.007010910319673411
3014220,0.016405837271443537
3014221,0.005809360518091771
3014211,0.022250475915154055
3014197,46.18397535580047
3014224,0.007534501521066394
3014250,43.3585686336333
3014238,41.32717424977543
3014227,55.92254968487247
3014228,55.922844754898804
3014229,48.679375516617554
3014230,46.90865884944226
3014231,0.014925041097180956
3014232,72.05041454926055
3014233,0.015041530195157925
3014234,0.011346895572280935
3014235,0.004413679870977242
3014236,37.688352942169345
3014226,0.011924578017407737
3014237,0.0039772525752306345
3014225,55.879287629930296
3014240,0.0
3014241,0.020441254784822935
3014242,38.57247705580698
3014243,0.04176548810335887
3014244,0.021337216814930438
3014245,40.784793392675226
3014246,0.012358958818979504
3014247,0.01497568095571542
3014248,0.015382163209241404
3014249,0.015382163209241404
3014239,0.0
3014251,0.001486691858900036
3013953,43.31804309416514
3014253,0.013512153680345204
3014697,39.107380221051535
3014255,39.917633883660514
3014256,59.63487917593608
3014257,0.006807443057680168
3014258,55.5480504477552
3014259,0.01118857915420093
3014260,55.373368860848586
3014261,55.37366440119348
3014262,48.30009033503137
3014263,46.57090523066125
3014264,0.014185188842921444
3014266,0.014301561573110865
3014278,40.51027288397357
3014267,0.010615519182734628
3014268,37.42336756363052
3014269,37.45051962509292
3014270,0.003253227698602061
3014271,41.002689159806955
3014272,0.0
3014273,0.0
3014274,0.01968808321125536
3014275,38.19070379602287
3014276,0.03930904578727984
3014265,71.1234286177909
3014361,47.528253311975476
3014279,0.013304404221433997
3014281,0.01633123173046183
3014282,0.01633123173046183
3014283,0.006754281166698699
3014284,0.0009116154075681131
3014285,0.0
3014286,0.016744980060786993
3014287,0.005715786728437419
3014288,0.006570788683471489
3014289,57.50145033933026
3014290,0.007440657280366003
3014291,53.726758599345594
3014292,52.727487610108845
3014277,0.022293483115830733
3014294,53.76834057145844
3014295,47.17433498674164
3014296,45.56238601976166
3014297,0.014830043778630982
3014298,68.45180896669241
3014299,0.014946552307041814
3014300,0.011252619250354574
3014301,0.004320193948904953
3014302,0.004118824778805456
3014303,0.003883711748851275
3014304,40.03978652259568
3014305,0.0
3014280,0.015924271434504388
3014306,0.0
3014307,0.020345286337806634
3014308,37.40801827430251
3014333,0.010128958688526252
3014310,0.02295180196780668
3014311,39.55767457774528
3014312,0.013945600496082303
3014313,0.016570500576345917
3014314,0.016978349416121096
3014315,0.016978349416121096
3014316,41.848778457069024
3014317,0.001544636139037982
3014318,0.0
3014319,0.01659903592149067
3014334,37.426730614686754
3014320,0.004601798260454475
3014322,58.789298487319755
3014323,0.00632278892253721
3014324,54.82639721364368
3014325,0.010701547021550566
3014326,54.86868360686219
3014327,54.86897863644012
3014328,47.94627012508758
3014329,46.25396646755584
3014330,46.203476862387916
3014331,70.28332865926727
3014332,0.01381238052624776
3014321,0.005454723366147151
3014293,53.76804554188051
3014335,0.0036394520074228237
3014360,54.270507569177624
3014348,0.01798780519103748
3014337,41.007271767944005
3014338,0.0
3014339,0.0
3014340,0.0196070873057964
3014341,38.21301354145603
3014342,0.03533861665292215
3014343,0.023971351416786746
3014344,40.55518231398123
3014345,0.014949815718871325
3014346,0.01757920570526716
3014336,0.003403424241006708
3014347,0.01798780519103748
3014309,0.04098631424600198
3014350,0.002536440859126441
3014351,0.0
3014352,0.017539249833851436
3014353,0.006877041052851779
3014354,39.77336774975036
3014355,58.08801861267895
3014356,0.008605089095295643
3014357,54.2284671616416
3014358,0.013003036882981683
3014359,54.27021242594833
3014349,43.059466987579235
3014362,0.015679824520980136
3014363,0.016007924731026024
3014364,68.92077582111669
3014365,0.0161244599991643
3014367,0.006086479225524018
3014368,37.0492472693146
3014369,0.005606256228879866
3014370,40.61796582696086
3014371,0.0010258073480987695
3014372,38.77647051502497
3014373,0.021790708537013447
3014374,37.6836778995555
3014375,0.03515857742120095
3014376,0.025108562845555835
3014377,39.884536829375826
3014378,0.016065784798134072
3014379,0.01870140998916696
3014380,0.0191318179715893
3014381,0.0191318179715893
3014382,42.243518886985726
3014383,0.0037595533286444134
3014384,0.0011324464795402472
3014385,0.017494349840081216
3014386,0.005482245011125146
3014387,40.024390897157
3014388,58.92200608314495
3014389,0.00720599285369003
3014390,54.93956783742298
3014418,0.014782833130002176
3014419,0.006343745532875252
3014393,54.98225225704559
3014394,48.025396483119806
3014395,0.01426265853292499
3014396,0.014590632400792194
3014397,70.47251094076141
3014398,0.014707222264292975
3014399,0.011016508170812228
3014400,37.262057763124254
3014401,37.2878985224016
3014402,0.004284514535576439
3014403,41.055093766540196
3014404,0.0
3014391,0.011592297459525495
3014406,0.02043806546093251
3014407,38.13333309864597
3014408,0.036192490442232605
3014409,0.024180755572398738
3014410,40.31630787855642
3014411,0.015155624038022727
3014412,36.83989415174978
3014413,0.0181948381993745
3014414,0.0181948381993745
3014415,42.2052809295348
3014416,0.002728527071463458
3014417,0.0001069997759038134
3014392,54.98195722746766
3014474,0.027108282323606337
3014420,39.93714509497892
3014461,0.006719738407912554
3014422,0.00806968744251264
3014423,55.60525968748925
3014424,0.01246129761310478
3014425,55.43011334018933
3014426,55.43040899522075
3014427,48.339773695538135
3014428,46.60641912705669
3014429,0.015463823587288605
3014430,70.83654928257243
3014431,0.015580141224851147
3014432,0.011724571020832932
3014433,0.005553228456295667
3014434,37.48825966396808
3014435,0.0051170076627246605
3014436,41.214470098899525
3014437,0.0004405165055916616
3014438,0.0
3014439,39.272810566308976
3014440,38.25648333540863
3014441,0.042119624438040855
3014442,0.02495368957279541
3014443,40.58054665342203
3014444,0.015919314558426188
3014445,0.01855244101099138
3014446,38.58034110677987
3014475,0.013941272258376089
3014421,59.7019588066276
3014449,28.49636783189495
3014450,0.0009214913161540023
3014451,0.03379596004180185
3014452,0.0
3014453,41.81703626911915
3014454,66.22626622976851
3014455,0.0
3014456,61.15970815231423
3014457,0.004043926839137135
3014458,61.20877498634622
3014459,61.20906998689982
3014460,52.3373239236674
3014447,0.01898240730359049
3014462,0.007047680010476024
3014463,81.35667836335452
3014464,0.007160759731874411
3014465,0.0034613987903485055
3014466,40.35423224844799
3014467,40.388153490208246
3014468,0.0
3014469,45.190750876224584
3014470,0.0
3014471,43.214770178368774
3014472,0.017064278564406277
3014473,42.03226860269319
3014448,41.880828017734565
3014405,39.05759343645248
3014366,0.012262850032242211
3014627,0.015130628426966941
3014696,0.009350068819238241
3014479,0.008799849313690869
3014480,0.008799849313690869
3014481,46.94003976608039
3014482,0.0
3014483,0.0
3014484,0.01687174672911215
3014485,0.0058417350592654335
3014486,0.006696737014299502
3014487,57.511689615859794
3014488,0.007566605611194016
3014490,0.01195598916946116
3014502,40.19804763922086
3014491,53.77828481841004
3014492,53.77857984798797
3014493,47.18457426327117
3014494,45.57262529629119
3014495,45.524593309836646
3014496,68.46205485555633
3014497,0.015072581972959777
3014498,0.011378895097820857
3014499,36.715532761598375
3014500,36.74084518530443
3014489,53.736997875875126
3014531,0.011016508170812228
3014503,0.0
3014505,0.0204710305547836
3014506,37.43954933857517
3014507,0.043282015903429505
3014508,0.02511288839765413
3014509,39.616639947953395
3014510,0.016071754878801078
3014511,0.01870688274357912
3014512,0.019116434041020695
3014513,0.019116434041020695
3014514,41.91725125881947
3014515,0.0036445275270813628
3014516,0.0010182742351168318
3014501,0.0040091461989882945
3014518,0.005482245011125146
3014519,39.68348856866579
3014520,57.7898706919096
3014521,0.00720599285369003
3014522,53.97420338124622
3014523,0.011592297459525495
3014524,54.01570776152528
3014525,54.016002791103205
3014526,47.35042585628875
3014527,0.01426265853292499
3014528,0.014590632400792194
3014529,68.85860408040985
3014504,0.0
3014530,0.014707222264292975
3014478,0.008394341603032983
3014532,0.004765524842600006
3014545,0.019251779425499264
3014557,54.27021242594833
3014534,0.004284514535576439
3014535,40.35829734930387
3014536,0.0
3014537,38.55184754869613
3014538,0.02043806546093251
3014539,37.56171311115818
3014541,0.025249776052316264
3014542,39.770278787675075
3014543,0.016206292806607455
3014558,54.270507569177624
3014544,0.018842110781413287
3014546,0.019251779425499264
3014548,0.0037662038901323004
3014549,0.0011393224210911913
3014556,0.013003036882981683
3014550,0.017539249833851436
3014551,0.006877041052851779
3014552,39.77336774975036
3014553,58.08801861267895
3014554,0.008605089095295643
3014555,54.2284671616416
3014547,41.57755055996693
3014540,0.036192490442232605
3014517,0.017494349840081216
3014584,0.002503392992411195
3014533,0.004519572795192379
3014572,37.6836778995555
3014561,0.016007924731026024
3014562,68.92077582111669
3014563,0.0161244599991643
3014564,0.012262850032242211
3014565,0.006086479225524018
3014566,37.0492472693146
3014567,0.005606256228879866
3014568,40.61796582696086
3014569,0.0010258073480987695
3014570,38.77647051502497
3014560,0.015679824520980136
3014571,38.63561214163914
3014559,47.528253311975476
3014574,0.025108562845555835
3014575,39.884536829375826
3014576,0.016065784798134072
3014577,0.01870140998916696
3014578,0.0191318179715893
3014579,0.0191318179715893
3014580,42.243518886985726
3014581,0.0037595533286444134
3014582,0.0011324464795402472
3014583,0.014465202677047734
3014573,0.03515857742120095
3014585,39.637596330048844
3014640,0.022458653260416038
3014587,0.004217816433359029
3014588,54.731151852315556
3014589,0.008578594418746859
3014590,54.77335050749696
3014591,54.773645537074884
3014592,47.87967504757293
3014593,46.19439710873016
3014594,0.01156308990655477
3014595,70.12407649251922
3014596,0.011679679770055552
3014597,0.008013628960995773
3014598,37.38358257391527
3014599,37.40972946264818
3014600,0.0013034899741265534
3014601,41.22232914099088
3014602,0.0
3014603,0.0
3014604,0.017446869692814605
3014605,38.165733229871556
3014606,0.03214744357629251
3014607,0.02179909366556032
3014608,40.497398233475856
3014609,0.01281484346691963
3014610,0.015433320215386123
3014611,0.015840096171555344
3014612,0.015840096171555344
3014641,42.50215813790669
3014642,0.014255035035195972
3014615,0.0
3014616,0.012723293376660285
3014617,0.006013751977234824
3014618,41.062316375277774
3014619,63.61480685598746
3014620,0.007739084486417494
3014621,58.940266872425525
3014622,0.012129082938171755
3014623,58.737403200601804
3014624,58.737698806370766
3014625,50.64694715842155
3014626,0.014802014028055905
3014613,42.99063077542103
3014628,76.74910469397165
3014629,0.015246888385042144
3014630,0.011551988961117005
3014631,38.908325893743694
3014632,38.93938229785746
3014633,0.004181594024567948
3014634,43.32392945448702
3014635,41.1381978240143
3014636,41.00087770781105
3014637,41.024463521473315
3014638,39.935427278806394
3014639,0.04228140291765681
3014614,0.00042783295227824883
3014476,44.43223624757881
3014643,0.016880535818520215
3014684,40.0657005297748
3014645,0.017288437756193053
3014646,43.36324847748482
3014647,28.7863623532856
3014648,28.71339863868599
3014649,0.012723293376660285
3014650,0.0031907465468344514
3014651,40.055020766757266
3014652,60.134504045318515
3014653,0.0049072422017678845
3014654,55.97258689500853
3014655,0.009273051877952944
3014656,58.58789377067016
3014657,58.588189376439125
3014658,50.542508376683266
3014659,0.011932867152018784
3014660,0.01226148155092982
3014661,76.49937935217477
3014662,0.012377741509005023
3014663,0.008706215487735008
3014664,39.091547710760295
3014665,39.12308381305522
3014666,0.00136007032838379
3014667,43.57609238783663
3014668,41.356659814370744
3014669,41.21720918974464
3014586,58.67758698524456
3014644,0.017288437756193053
3014672,0.039264506371769814
3014673,0.02017317648643876
3014674,42.76621148263325
3014675,0.012005314528825905
3014676,0.014619317203643943
3014677,0.015025305273425946
3014678,0.015025305273425946
3014679,43.88302768280708
3014680,28.764388028105547
3014681,0.0
3014682,0.012719111684667054
3014683,0.0038240251034736003
3014670,41.2478569617199
3014685,60.17168347535309
3014686,0.005542558166143685
3014687,56.004276861306
3014688,0.00994102931747452
3014689,58.624075803609884
3014690,58.624372137127835
3014691,50.56806911283584
3014692,0.01285463693502015
3014693,0.012910728627139668
3014694,76.55811388222943
3014695,0.013027026565352784
3014477,0.005783591106645501
3014671,40.137718767453855
3014698,39.13895733134206
3015143,0.0
3014700,43.597914853541155
3014712,43.90592968399008
3014701,41.37555368493988
3014702,41.235918784251986
3014703,41.26717926727566
3014704,40.15520288556424
3014705,0.03994852075681629
3014706,0.02083188016222015
3014707,42.78741705234406
3014708,38.5296417456424
3014709,38.62950861270783
3014710,0.015677326792366057
3014711,0.015677326792366057
3014713,28.767459739373415
3014725,0.01285463693502015
3014714,0.0
3014715,0.012719111684667054
3014716,0.0038240251034736003
3014717,39.32968950148501
3014718,57.628716632701725
3014719,0.005542558166143685
3014720,53.835875143166355
3014721,0.00994102931747452
3014722,56.22219935402492
3014808,0.015751354628011936
3014726,0.012910728627139668
3014728,0.013027026565352784
3014752,0.005542558166143685
3014740,42.19655382449982
3014729,0.009350068819238241
3014730,38.021740267438254
3014731,38.050479242963156
3014732,0.001998303281909622
3014733,43.972174802271624
3014734,40.84883173059418
3014735,40.71433236610013
3014736,40.72856785522732
3014737,39.667468090947544
3014738,0.03994852075681629
3014723,56.222495687542875
3014739,0.02083188016222015
3014727,72.54633028237592
3014742,0.015270755230446484
3014743,39.90536110696354
3014744,0.015677326792366057
3014745,42.66813671524008
3014746,28.741274703667848
3014747,0.0
3014748,0.012719111684667054
3014749,0.0038240251034736003
3014750,39.32968950148501
3014751,57.628716632701725
3014741,0.012653303868134643
3014724,48.89026607328506
3014753,53.835875143166355
3014754,0.00994102931747452
3014781,0.012650808815851919
3014780,0.0
3014757,48.264346731244046
3014758,0.01285463693502015
3014759,0.012910728627139668
3014760,71.04971010415326
3014761,0.013027026565352784
3014762,0.009350068819238241
3014763,37.61673290507253
3014764,37.64441330210622
3014765,0.001998303281909622
3014782,0.01833179320714431
3014766,43.34594646975209
3014768,40.20813062202054
3014769,40.20584370361599
3014770,39.19412042706815
3014771,0.03994852075681629
3014772,0.02083188016222015
3014773,41.62311899478791
3014774,0.012653303868134643
3014775,0.015270755230446484
3014776,0.015677326792366057
3014777,0.015677326792366057
3014778,42.07150566513022
3014767,0.0
3014254,0.005085372028647463
3014783,39.65801335300639
3014806,41.86032028180315
3014755,55.32616892799953
3014795,0.009825314549719268
3014784,58.76280809798769
3014785,0.020095690267964896
3014786,54.80295164205426
3014787,0.024591367902623857
3014788,56.356819200917755
3014789,56.35711480285062
3014790,48.98401642943753
3014791,0.027321529288515584
3014792,0.027650139422970677
3014807,0.013131587997779602
3014793,72.77287668704622
3014796,37.7842893658721
3014756,55.326465261517484
3014797,37.81240845309134
3014798,0.0024696273493017085
3014799,43.60497848673474
3014800,40.54910678730758
3014801,40.41753159466162
3014802,40.42207632258829
3014803,39.38994085074818
3014804,0.04045096885847358
3014805,0.021317378323515095
3014794,0.013506037458754512
3014810,0.016158305139003765
3014811,42.31828554498878
3014891,0.025989630902464943
3014823,52.24358915837038
3014812,28.69025696358469
3014813,0.0
3014814,0.04210926795436029
3014815,0.0028205560288496563
3014816,0.0036707240463524525
3014817,65.99125605858772
3014818,0.00458312383226324
3014819,60.97615824724671
3014820,0.008948178870749258
3014821,61.02494279368104
3014865,41.43305772206906
3014822,61.02523779423464
3014836,41.269005979148275
3014825,0.011949961363520261
3014826,80.968525173223
3014827,0.012066483834511251
3014828,0.008381047826070593
3014829,0.002150404231510648
3014830,42.90516260255442
3014831,0.0016681200842740328
3014832,44.72758617911258
3014833,0.0
3014834,42.837684125055596
3014824,0.011622019760956791
3014835,0.021873303016458415
3014837,0.03192366260395992
3014863,36.94973588765736
3014851,0.017639196681164638
3014840,0.010619928938895656
3014841,0.013228122023493244
3014842,0.013633202257089382
3014843,0.013633202257089382
3014844,44.45914937386499
3014845,0.0
3014846,0.0
3014847,0.007252313332706168
3014848,0.015883333857558544
3014849,38.64799810228956
3014839,43.60624191484643
3014850,55.24813267920237
3014838,0.018769650076581004
3014853,0.02211293808177743
3014854,53.16136548413958
3014855,53.16166178347156
3014856,46.755202928796265
3014857,0.025081852752769192
3014858,0.02513793797397309
3014859,67.42700467510609
3014860,0.011064280066275328
3014861,0.007404518423907541
3014862,0.0005092313712577104
3014852,51.807456466871024
3014779,28.654157746957033
3014864,6.950781622801726e-05
3014921,51.0041441983044
3014879,0.0
3014868,0.015799160408059412
3014869,37.75027799434032
3014870,0.029788093796441626
3014871,0.01883991109040407
3014872,39.87211501185864
3014873,0.01069429894821482
3014874,0.013301150928304962
3014875,0.013705960124179514
3014876,0.013705960124179514
3014877,39.70316317620804
3014867,38.663535602811685
3014878,28.68364450273919
3014892,63.8428527871468
3014881,0.016721150978243844
3014882,37.96522698496584
3014883,52.889317995463124
3014884,0.01847967833235913
3014885,49.796072887158786
3014886,0.022960774005209822
3014887,51.01552415772141
3014888,51.015820391475806
3014889,45.2562054470178
3014890,0.025933558094156213
3014880,0.009683907837768877
3014866,38.77775422283048
3014893,0.011892381413768109
3014919,0.00905998891864956
3014907,0.00840349528421506
3014896,35.4608799777704
3014897,0.0008836379784729492
3014898,39.97386579143677
3014899,0.0
3014900,37.4840047860599
3014901,0.010534061323486747
3014902,36.45262574907926
3014903,0.024435687682143284
3014904,0.014680746254512538
3014905,38.39908419276228
3014895,0.0013227740310921897
3014906,0.0058216847055111804
3014894,0.008225758045090983
3014909,0.00880412044171129
3014910,39.34789295243218
3014911,7.477018246286268e-05
3014912,28.43536157663461
3014913,0.013530387367268078
3014914,0.0029800970015970187
3014915,37.95495066479647
3014916,52.878535869005255
3014917,0.0046959190128659815
3014918,49.78539773831365
3014908,0.00880412044171129
3014920,51.003848568985035
3014809,0.016158305139003765
3014699,0.001998303281909622
3014935,36.92046561008588
3014924,0.012047456864797862
3014925,63.83178852736745
3014926,0.012163705509829169
3014927,0.008493965721680045
3014928,0.001588328896868041
3014929,35.68614363434436
3014930,0.0011496682708823755
3014931,40.325878800989976
3014932,0.0
3014933,37.76692715238377
3015031,0.0
3014934,0.01691176348201123
3014948,38.242081756123575
3014937,0.020111258825980975
3014938,38.975384012635566
3014939,0.011944487963081868
3014940,0.014558135803998978
3014941,0.01496406376826736
3014942,0.01496406376826736
3014943,39.84031249121771
3014944,0.0010757881951630717
3014945,28.50671609488036
3014946,0.008078137473996435
3014936,0.03952418901343614
3014947,0.0
3014949,53.88073680554024
3014975,0.005780958576188232
3014963,0.0
3014952,0.0
3014953,50.67879443403278
3014954,50.679090334494916
3014955,45.01669390352568
3014956,0.0022877392550030057
3014957,0.0023437489758566647
3014958,63.28995846371971
3014959,0.002460226159324707
3014960,0.0
3014961,0.0
3014951,50.63936850909178
3014962,35.54730695005966
3014950,0.0
3014965,0.0
3014966,37.57979374836758
3014967,0.008110092120557078
3014968,36.766275903790735
3014969,0.023479777364823318
3014970,0.010839590626252503
3014971,38.77734851161181
3014972,0.002814443387390635
3014973,0.005382566783876679
3014974,0.005780958576188232
3014964,40.11375393668403
3015032,42.92522181928415
3014976,40.15838774931718
3014978,0.0
3015003,0.01992030180281308
3014980,0.003396348979340399
3014981,0.0042472074646835644
3014982,49.68893589628288
3014983,0.005113515715747601
3014984,47.06650313586614
3014985,0.009481831873114754
3014986,47.101675314588
3014987,47.10197043298663
3014988,42.52068495630206
3014989,41.40075754999103
3015004,36.722236617959446
3014990,0.01247053392820808
3014992,0.012587081124395752
3014993,0.008913798881620008
3014994,0.0020036735843890164
3014995,0.0018032874252670262
3014996,0.001565207859203623
3014997,37.93348838657018
3014998,0.0
3014999,0.0
3015000,0.017340429833942295
3015001,35.08744985369848
3014922,45.24472380340694
3014991,57.31004465972499
3014977,0.0
3015005,0.011755157736545572
3015030,44.85437236314442
3015018,0.0
3015007,0.014774203672347035
3015008,0.014774203672347035
3015009,37.60181944367154
3015010,0.0008882276604227263
3015011,0.0
3015012,0.031687659973151
3015013,0.0
3015014,41.69374278084711
3015015,65.52454355416262
3015016,0.0
3015006,0.014368306388562688
3015017,60.57806075150915
3014979,0.011654275669746042
3015020,60.62773328326862
3015021,51.96622663043659
3015022,8.438035310081365e-05
3015023,0.0001403677084662611
3015024,80.29742808822462
3015025,0.0002569014973063859
3015026,0.0
3015027,40.13394809116721
3015028,40.167065385478736
3015029,0.0
3015019,60.6274375009638
3015033,43.17822046234028
3015002,0.031849174803644915
3015114,67.44703647389568
3015046,0.0031050194288708517
3015035,0.019743330735143907
3015036,0.007498007028964935
3015037,44.12543050273825
3015038,0.0
3015039,0.0020760450294349296
3015040,0.002471681106259324
3015041,0.002471681106259324
3015042,46.13386929323201
3015043,0.0
3015044,27.943515472414113
3015034,41.76647057280932
3015045,0.04440552199317102
3015059,0.008667833711762236
3015048,66.33773356713264
3015049,0.004868502955205926
3015050,61.271701917901005
3015051,0.009235999455821299
3015052,61.32076493723573
3015053,61.32105993778933
3015054,52.45023703129519
3015055,0.011911167480697659
3015056,0.012239109083261129
3015057,81.46665215686558
3015047,41.93103942649059
3015058,0.012355631554252119
3015060,40.450786381851294
3015086,61.32105993778933
3015074,0.013922946023278003
3015063,45.28660336050906
3015064,0.0
3015065,43.33719965850286
3015066,43.577971392603324
3015067,42.12560864791048
3015068,0.03222373101221073
3015069,0.019062249277783397
3015070,44.524323198415765
3015071,0.010907954414934112
3015072,0.013517620851844742
3015062,0.001952817013430813
3015073,0.013922946023278003
3015061,40.4847047625886
3015076,0.00027245211999604637
3015077,27.97930332233692
3015078,0.04440552199317102
3015079,0.0031050194288708517
3015080,41.93103942649059
3015081,66.33773356713264
3015082,0.004868502955205926
3015083,61.271701917901005
3015084,0.009235999455821299
3015085,61.32076493723573
3015075,47.03741742501245
3015087,52.45023703129519
3015088,0.011911167480697659
3014923,0.011718816285739874
3015102,0.019062249277783397
3015091,0.012355631554252119
3015092,0.008667833711762236
3015093,40.450786381851294
3015094,40.4847047625886
3015095,0.001952817013430813
3015096,45.28660336050906
3015097,0.0
3015098,43.33719965850286
3015099,43.577971392603324
3015101,0.03222373101221073
3015090,81.46665215686558
3015103,44.524323198415765
3015104,0.010907954414934112
3015105,0.013517620851844742
3015106,0.013922946023278003
3015107,0.013922946023278003
3015108,47.03741742501245
3015109,0.00027245211999604637
3015110,0.0
3015111,0.04542195140930373
3015112,0.003581689701119884
3015113,42.257825347764054
3015089,0.012239109083261129
3015115,0.005346207116699258
3015116,62.21856809829326
3015100,42.12560864791048
3015142,28.594272573885178
3015118,61.98943350973362
3015119,61.98972910156574
3015120,52.91863649597492
3015121,50.854036505130196
3015122,0.012721306524910039
3015123,82.58964738724903
3015124,0.013072301856967066
3015125,0.009380159362622391
3015126,40.461908875977414
3015127,40.494355737244504
3015128,0.0019282634378571225
3015129,45.29838892684908
3015130,0.0
3015117,0.009715806414739084
3015131,0.0
3015140,0.014040782949249953
3015139,0.014040782949249953
3015138,0.013635625151828432
3015137,0.011026600396171713
3015141,45.552576937342074
3015135,0.019178977216750367
3015134,0.03887682136525388
3015133,42.12722350431119
3015132,43.57928425790961
3015136,44.54095614938541
3015154,0.0
3015146,0.0
3015147,56.309831495081696
3015148,0.0
3015149,52.71518939760535
3015150,0.0
3015151,54.07836753847721
3015145,0.0
3015152,54.078637712358145
3015153,47.34518968379369
3015156,66.57873007724501
3015161,0.0
3015157,0.0
3015158,0.0
3015159,37.32508811850545
3015160,37.39103946585652
3015162,40.27504471696919
3015163,0.0
3015164,0.0
3015165,0.0
3015166,36.601480658408214
3015167,0.008211034026442238
3015144,0.025729247786611918
3015168,0.003760854795780461
3015155,0.0
3015172,0.0005285795230038429
3015169,41.62531854066754
3015173,0.0005285795230038429
3015174,43.998313327969626
3015175,0.0
3015176,27.740611556571665
3015177,0.04611492431698088
3015178,0.001374471916050807
3015179,0.0020300932341064375
3015180,57.452828071652874
3015181,0.0036778001971242537
3015182,53.6869154672082
3015184,55.10490611094239
3015251,50.7901489104092
3015170,0.0
3015186,48.095655328396916
3015187,46.500270730618595
3015188,46.447632515844184
3015189,68.11703425670329
3015190,0.011171285834026325
3015191,0.007214410386220142
3015192,37.822872877885295
3015193,0.0008471434513486105
3015194,0.0006085159303757468
3015195,40.894197997014885
3015171,0.0001316355263716732
3015185,55.10517299807465
3015196,0.0
3015222,66.73811603469073
3015198,0.013704202473346373
3015223,0.014921478916510567
3015200,0.031417112436350224
3015201,43.10584132035489
3015202,42.31204059016288
3015203,0.01361990333901049
3015204,0.016242664171320212
3015205,0.01665010842838026
3015206,0.01665010842838026
3015207,44.782185324591765
3015208,27.99825098019226
3015209,0.0
3015224,0.01093022583217678
3015210,0.019847082958339347
3015212,0.005697011610781287
3015213,58.269098033615386
3015214,0.007356645958014427
3015215,54.380989830454446
3015216,0.011747009054254784
3015217,54.213983945885566
3015218,54.21425066115254
3015219,47.46853075148457
3015220,45.93318567396992
3015221,0.014763010926984637
3015183,0.00803659270224222
3015211,0.0050366348699657625
3015197,0.0
3015225,37.186838584521595
3015250,50.789882058378744
3015238,0.01981439033671397
3015227,0.004298513500224999
3015228,40.07835335560684
3015229,0.0
3015230,0.0
3015231,0.017478342921112066
3015232,36.477904465526166
3015233,0.027255757744980173
3015234,42.124642092688084
3015235,41.377395662763874
3015236,0.016765587107658915
3015226,37.25530477104503
3015237,0.019404338748574786
3015199,0.0
3015240,42.80087698597122
3015241,28.4744940033335
3015242,0.005615935145214633
3015243,0.02071347461642595
3015244,0.0
3015245,0.0003576558098200998
3015246,52.700270458826324
3015247,0.0020007509022785214
3015248,49.63015859343383
3015249,0.006347335638927113
3015239,0.01981439033671397
3015252,45.07561796558498
3015350,52.077368487505545
3015254,0.009316492384711245
3015255,61.11488505454368
3015256,0.009475152428136348
3015257,0.005530910504411326
3015258,0.0
3015259,35.86381827893085
3015260,0.0
3015261,38.29843790253796
3015262,0.0
3015263,0.0
3015264,37.064824334128595
3015265,35.18837540089038
3015267,40.106638649075514
3015279,52.700270458826324
3015268,39.43292265966594
3015269,0.013744270324735651
3015270,0.0163687839061308
3015271,0.01679731820969517
3015272,0.01679731820969517
3015273,42.049860010861146
3015274,27.69774913800006
3015275,0.0
3015276,0.02071347461642595
3015277,0.0
3015266,0.03128852648564812
3015308,0.0
3015280,0.0020007509022785214
3015282,0.006347335638927113
3015283,50.789882058378744
3015284,50.7901489104092
3015285,45.07561796558498
3015286,43.77497499836086
3015287,0.009316492384711245
3015288,61.11488505454368
3015289,0.009475152428136348
3015290,0.005530910504411326
3015291,0.0
3015292,35.86381827893085
3015293,0.0
3015278,0.0003576558098200998
3015295,0.0
3015296,0.0
3015297,0.011993666886609211
3015298,0.0
3015299,0.03128852648564812
3015300,40.106638649075514
3015301,39.43292265966594
3015302,0.013744270324735651
3015303,0.0163687839061308
3015304,0.01679731820969517
3015305,0.01679731820969517
3015306,0.009662675888588605
3015281,49.63015859343383
3015307,27.69774913800006
3015309,0.016104923566364397
3015364,35.472955042279615
3015311,38.96051348666116
3015312,56.29742059598204
3015313,0.0042891201515772035
3015314,52.70134013477284
3015315,0.0086533457132031
3015316,52.74026215021482
3015317,52.74052829695664
3015318,46.443548392781835
3015319,45.01033801985703
3015320,0.011653763794839843
3015321,64.11647840850844
3015322,0.011812568111218766
3015323,0.006281147413258818
3015324,0.0017218505897161453
3015325,0.0014773269583073347
3015326,0.001239398644248007
3015327,39.34167820364125
3015328,0.0
3015329,0.0
3015330,0.014343395755187524
3015331,0.0
3015332,0.033712189726196655
3015333,41.48423305052151
3015334,40.74274895402546
3015335,0.015479915164091166
3015253,43.77497499836086
3015310,0.0019829192757840194
3015338,0.018541861127436287
3015339,44.01521789875179
3015340,0.0019624629068853553
3015341,0.0
3015342,0.020166546510123153
3015343,0.0012093505050800413
3015344,0.0018650629188755351
3015345,54.119246767509516
3015346,0.003512994979818734
3015347,50.840553022946686
3015348,0.007872385385199816
3015349,52.07710159781927
3015336,0.01811205534604984
3015351,45.974816073565115
3015352,44.585858096270194
3015353,0.010833606724881865
3015354,63.40824049914815
3015355,0.010992252744205736
3015356,0.0070492797387113545
3015357,0.000926788388106445
3015358,36.46800851234753
3015359,0.0004444553603562579
3015360,38.94261096641115
3015361,0.0
3015362,0.0
3015337,0.018541861127436287
3015363,0.013541148766798785
3015446,51.516562182121945
3015587,0.011299380519540962
3015379,0.005913613520536216
3015368,0.013889047737189228
3015369,37.96821634873518
3015370,0.016921961634845537
3015371,39.05359090751451
3015372,43.061994627469886
3015373,0.00034288558368307195
3015374,0.0
3015375,0.018213110328687575
3015376,0.003600134751956627
3015377,0.004258652333210171
3015475,0.002035607436448122
3015378,59.62228136523207
3015392,0.002858866987035045
3015381,0.010291610773200208
3015382,55.57831479951868
3015383,55.57858098126953
3015384,48.426077013984376
3015385,46.677598124519044
3015386,0.01328454853983076
3015387,68.55814786399894
3015388,0.01344333978225234
3015389,0.009480923047066927
3015390,40.0587730458444
3015380,55.53740852678129
3015391,0.0030950288569872083
3015393,40.62537082105441
3015419,0.010323412255527879
3015407,0.003557029009264768
3015396,0.016005316746028005
3015397,36.41384984575599
3015398,0.03379086968821132
3015399,41.948485580818605
3015400,41.41259842994322
3015401,0.015298538991944688
3015402,0.017929840052263633
3015403,0.018338710588488575
3015404,0.018338710588488575
3015405,0.01116483603699745
3015395,0.0
3015406,0.0017321988161922105
3015394,0.0
3015409,0.0007121701326008591
3015410,38.92997596767372
3015411,56.39045967870854
3015412,0.0030124964117703547
3015413,52.780715058272655
3015414,0.007365604589554154
3015415,54.140081434428716
3015416,54.14034832156098
3015417,47.42168033755219
3015418,45.77925575411713
3015408,0.01767734806028847
3015476,37.93776474827338
3015420,66.3329423072404
3015422,0.006546416009948179
3015447,0.00836877751742852
3015424,0.00018465156167811925
3015425,0.0
3015426,40.06631618396557
3015427,0.0
3015428,0.0
3015429,38.45392198110281
3015430,0.0
3015431,0.03071741909926736
3015432,41.80150381882901
3015433,41.53857066523612
3015448,55.04089517197404
3015434,0.01294371192709805
3015436,0.01596988159575201
3015437,0.01596988159575201
3015438,43.88242412464059
3015439,27.91587259274109
3015440,0.0
3015441,0.01948691960582231
3015442,0.002033490213275047
3015443,38.45980196021869
3015444,54.92053957485609
3015445,0.004001164135774199
3015294,38.17753584107556
3015435,0.015563014758688225
3015421,0.010482211436939228
3015449,55.04116251648924
3015474,0.017075357973593195
3015462,38.916165558067796
3015451,46.31583502472898
3015452,0.01133547362835354
3015453,67.76395859910006
3015454,0.011493540852829828
3015455,0.007540432699170426
3015456,37.67895352216788
3015457,37.7510341343505
3015458,0.0009324690850355594
3015459,40.57894308036671
3015460,0.0
3015450,48.029808070078104
3015461,0.0
3015423,0.0004285446877039152
3015464,0.03179436443052643
3015465,42.40538872898742
3015466,42.13100649720915
3015467,0.013961068915602205
3015468,0.01658914294320011
3015469,0.01699742297478892
3015470,0.01699742297478892
3015471,43.968300172605666
3015472,28.37938519873313
3015473,0.0031848549583451177
3015463,36.623800754064156
3015365,0.03252160904534788
3015477,53.00599937117984
3015558,40.661177429245164
3015490,0.0015415701607284147
3015479,49.89094655730102
3015480,0.008742622795032155
3015481,51.0667813961473
3015482,51.067048248177755
3015483,45.26904505146145
3015484,43.851683792001
3015485,0.011707813969293573
3015486,61.30284281821555
3015487,0.011866474012718677
3015488,0.0077572371190296275
3015532,41.618619929897754
3015489,35.86160575451679
3015503,0.01923410137443478
3015492,38.25021249970593
3015493,0.0
3015494,0.0
3015495,0.014414761922579422
3015496,0.0
3015497,0.03282070672043797
3015498,39.767399528592115
3015499,39.51590949133098
3015500,0.016166608676342974
3015501,0.01880350512269021
3015491,0.0013044474269927418
3015502,0.01923410137443478
3015504,42.21201039385675
3015530,0.0069156086610149565
3015518,0.0
3015507,0.024498165478312902
3015508,0.0
3015509,0.0
3015510,56.301050602408516
3015511,0.0
3015512,52.70709882865232
3015513,0.0
3015514,54.06977254733768
3015515,54.07003943446994
3015516,47.337889356650116
3015506,0.0
3015517,0.0
3015505,0.0019529931348486649
3015520,0.0
3015521,0.0
3015522,0.0
3015523,37.385154272982554
3015524,0.0
3015525,40.2685890555301
3015526,0.0
3015527,0.0
3015528,38.895977292807245
3015529,36.59550788338123
3015519,66.56772347152415
3015478,0.004375752222893933
3015531,0.0024654226739432693
3015366,40.534952054217975
3015546,0.012031923887402717
3015535,0.0
3015536,0.0
3015537,43.99167607275172
3015538,0.0
3015539,0.0
3015540,0.019355640356677535
3015541,0.005288189728490969
3015542,39.96119899070955
3015543,59.950077604766356
3015544,0.007641147283939231
3015534,0.0
3015545,55.81769526220112
3015559,0.0
3015548,55.638552604740035
3015549,48.4692506180457
3015550,46.71666520697392
3015551,0.015033034843487043
3015552,68.64851243101283
3015553,0.015191655060544887
3015554,39.444525520829394
3015555,37.7572123789173
3015556,0.00481652041188037
3015557,0.004581898442588439
3015547,55.63828588947306
3015533,0.0
3015560,0.0
3015586,0.015276235732454855
3015574,0.005371325328854754
3015563,0.03559763487126036
3015564,42.470848487548345
3015565,42.19641375653771
3015566,0.017051097417776034
3015567,0.01969010424107735
3015568,0.020100196807409817
3015569,0.020100196807409817
3015570,43.76999673072245
3015571,28.49229814394817
3015572,0.005208563700229204
3015562,36.70037330238209
3015573,0.019440476913725423
3015561,38.99569654001192
3015576,61.018177059999246
3015577,0.0077246520666888665
3015578,56.728795140112005
3015579,0.012116115714228057
3015580,56.54183902788942
3015581,56.54210575202704
3015582,49.10042865852118
3015583,47.28125961402655
3015584,0.0151176188280994
3015585,70.04553101625059
3015575,0.006031825209539143
3015588,40.59092872873182
3015812,50.5242722964448
3015590,0.004665157701383351
3015602,0.02018544232284018
3015811,50.52400608850503
3015592,0.0
3015593,0.0
3015594,0.01784849666250071
3015595,36.807204395591945
3015596,0.035685325914615554
3015597,42.573052884472766
3015598,42.015504669608035
3015599,0.01713586149690272
3015600,0.019775283690072313
3015601,0.02018544232284018
3015603,43.27146096369658
3015615,46.340627079389186
3015604,0.0028573222599302906
3015605,0.004861955917564549
3015606,0.019460380677941338
3015607,0.004918161949061931
3015608,0.005578331823437728
3015609,56.12544087876963
3015610,0.0072703100153229065
3015611,52.554667289269275
3015612,0.01165957666840781
3015644,52.74250448519449
3015616,44.81216466941604
3015618,63.9420641748334
3015642,56.326070559209136
3015630,41.14883585141558
3015619,0.014817621388261808
3015620,0.010843138004829896
3015621,0.004692164293237697
3015622,36.63932898117957
3015623,0.0042115035775224735
3015624,39.15513988248903
3015625,0.0
3015626,0.0
3015627,0.017387934784776935
3015628,35.61074428133533
3015613,52.59284606681717
3015629,0.0352161374365823
3015617,0.01465886976454573
3015632,0.016675683724110647
3015633,0.01931382255477242
3015634,0.019723815616327862
3015635,0.019723815616327862
3015636,44.27116187910359
3015637,27.94217303178279
3015638,0.0
3015639,0.017610908692637154
3015640,0.0030606689043166813
3015641,0.003911647792847712
3015631,40.897180789420645
3015614,52.59311235465774
3015643,0.004744333849757837
3015645,0.0095896146089275
3015646,52.780880140535864
3015658,0.0
3015647,52.78114651364702
3015648,46.46623467130083
3015649,0.012252814973362421
3015650,0.012580551714957026
3015651,64.24317661270624
3015652,0.012739119283876629
3015653,0.009224828986378473
3015654,0.0037635210629634952
3015655,37.3029441185803
3015672,0.017545487219001076
3015656,0.0030908228878860104
3015659,0.0
3015671,27.780559250470763
3015660,37.74378423232805
3015661,35.69830218127223
3015662,0.01908714698983106
3015663,0.021813766498388246
3015664,41.04819089177498
3015665,0.015452540418521728
3015666,0.018085461980120506
3015667,0.01849457940677518
3015668,0.01849457940677518
3015657,39.28365028261001
3015700,0.020935651569710244
3015674,0.005530518059260238
3015697,39.13629835151797
3015699,0.0205244085294463
3015686,0.010775522951263952
3015675,53.511782931391075
3015676,0.006286023667073312
3015677,50.333244326736285
3015678,0.01114570291009361
3015679,50.369414137132765
3015680,50.36968057648617
3015681,44.7817394067474
3015682,0.013816011883697753
3015683,0.014143830127582304
3015698,0.017878811667607006
3015684,60.514686551873254
3015687,35.44816278556667
3015673,0.004676871726848184
3015688,35.50175451377712
3015689,0.004631993809146494
3015690,37.71895384974537
3015691,0.0
3015692,0.0
3015693,0.018112491766225435
3015694,34.536722153614505
3015695,0.029350948865860486
3015696,0.02507839550260537
3015685,0.01430237295864723
3015591,41.182637927891065
3015702,42.14891254415879
3015781,0.013914916390362478
3015729,0.021788753961062213
3015714,46.93238529898737
3015756,37.99099270100512
3015704,27.75501850240462
3015705,0.013763243313374064
3015706,0.0023422912116934508
3015707,39.43039137125916
3015708,57.09838997772182
3015709,0.0044849829333465955
3015710,53.40374811768953
3015711,0.009324821414341388
3015717,65.25964016542346
3015712,53.44275096873005
3015715,0.01198588386880652
3015728,0.026989984321216545
3015716,0.012314201466484782
3015718,0.012472688031207303
3015719,0.008963294254567954
3015720,0.0035045023392038526
3015721,39.07753781439731
3015722,0.0028313750501185652
3015723,39.51338715637625
3015724,0.0
3015725,0.0
3015713,53.44301781394098
3015726,0.016264696069457473
3015703,0.004089267801254678
3015753,0.00597319004667593
3016033,0.003306886490012346
3015736,0.0016810906901604749
3015740,38.16859677515269
3015739,0.00534398849239629
3015738,0.01994527591947368
3015737,0.012077049709821425
3015731,0.015432537339768102
3015735,42.878417953042174
3015734,0.018472023665987342
3015733,0.018472023665987342
3015732,0.018063335485896757
3015730,40.82071691111033
3015742,0.00695548128580262
3015754,0.005533788330682049
3015743,50.55511485578443
3015744,0.011822299332051535
3015745,50.591471814977446
3015746,50.59173801921974
3015747,44.93676403545509
3015748,0.01449583346046483
3015749,0.014823362431349421
3015750,60.85817877922985
3015751,0.014981993063547782
3015752,0.011448997837597535
3015741,53.77178545765643
3015669,43.080643810057246
3015727,35.566714079905594
3015782,0.014242717037712476
3015784,0.014401265209737942
3015783,60.520477638812864
3015759,0.01866806556476629
3015760,34.788360475266714
3015761,0.02999347890300582
3015762,0.026344244873208036
3015763,39.566551098419026
3015764,0.01912786060846273
3015765,0.021779656353358667
3015766,0.022191924513886248
3015767,0.022191924513886248
3015785,0.01087357484048802
3015768,42.63117872944008
3015770,0.0072889638117835595
3015771,0.017644502297838326
3015772,0.0047740272341217325
3015773,38.34848287849136
3015774,53.516161758006874
3015775,0.006383498188063314
3015776,50.336980359626594
3015777,0.01124414949558815
3015778,50.37315295440838
3015779,50.37341937945993
3015780,44.784344290958956
3015769,0.0057193816623971536
3015755,0.005301025256296387
3015786,0.005401739122972819
3015809,50.48770989810083
3015757,0.0
3015798,0.02062437407100172
3015787,35.503466680807435
3015788,0.004729421796536378
3015789,37.721126628239624
3015790,0.0
3015791,0.0
3015792,0.01821226068636137
3015793,34.538280849041655
3015794,0.029452708066659998
3015795,0.025179271577247753
3015701,0.020935651569710244
3015796,39.138827648908844
3015799,0.021035709973857137
3015758,0.0
3015800,0.021035709973857137
3015801,42.15207178041275
3015802,0.004187193603087448
3015803,27.755298098949016
3015804,0.018084138380580324
3015805,0.0035229184298179537
3015806,0.004374771267396757
3015807,53.69281051871008
3015808,0.005128704896073264
3015797,0.017978244492649745
3015670,0.0016460510299782312
3015810,0.009978186569954875
3016032,43.31609557563815
3015825,0.016800079939004037
3015814,43.512212131039526
3015815,0.012970786385854263
3015816,60.75387071625187
3015817,0.013129415637249476
3015818,0.009611515544665638
3015819,35.63032812688073
3015820,35.68507284733971
3015821,0.0034749296140214815
3015822,37.95116303672827
3015823,0.0
3015921,37.89940999259985
3015824,0.0
3015838,0.0021866570325903088
3015827,0.028090024042314306
3015828,39.771388038598225
3015829,39.519824507078965
3015830,0.017263614892698977
3015831,0.01990587389443085
3015832,0.020316552806302138
3015833,0.020316552806302138
3015834,42.57308159308365
3015835,0.0038815331042998708
3015836,0.0053331837387078675
3015826,34.759486847603064
3015837,0.01671849631726064
3015839,0.003036272134852955
3015865,38.601625632382266
3015853,0.002371225240494232
3015842,50.43828286563013
3015843,0.008625031679715636
3015844,50.47453327966714
3015845,50.47479948760691
3015846,44.85507807494822
3015847,43.48129877807322
3015848,0.011611422368010063
3015849,60.67736696258976
3015850,0.011770051619405275
3015851,0.008263221226943318
3015841,0.0037882611619936644
3015852,35.60740751836022
3015840,53.63489959952063
3015855,37.92195580711401
3015856,0.0
3015857,0.0
3015858,0.015429409665104006
3015859,34.738312893593054
3015860,0.02669335124213101
3015861,39.73645780941121
3015862,39.485559942564805
3015863,0.015895684569813464
3015864,0.018530949339009974
3015854,0.0021349818092128645
3015922,0.0
3015866,0.018940462235017844
3015868,0.0025329649777406133
3015893,0.01971905557354442
3015870,0.03630701661169413
3015871,0.0
3015872,39.5165823977851
3015873,58.44046124767228
3015874,0.0
3015875,54.5337004392508
3015876,0.0023599139064841524
3015877,54.57446556818936
3015878,54.57473174994021
3015879,47.69016353552371
3015894,0.014534660802784517
3015880,0.005028406044333479
3015882,67.35587534786276
3015883,0.005511256342233378
3015884,0.001988979735579614
3015885,0.0
3015886,37.62281873842701
3015887,0.0
3015888,40.57276946318779
3015889,0.0
3015890,0.0
3015891,39.178870901842124
3015892,36.82006824807184
3015881,0.005355907342482017
3015867,42.53047905402115
3015895,41.9426074495487
3015920,0.002094776148005427
3015908,50.82733621035669
3015897,0.010821288272062718
3015898,0.011228655653652228
3015899,0.011228655653652228
3015900,44.860501244710186
3015901,0.0
3015902,27.769640470753934
3015903,0.014046752574139015
3015904,0.0028824381163678556
3015905,0.0035403192790573333
3015906,54.11150978323645
3015896,0.008199003345588624
3015907,0.005146850785117072
3015869,0.003980774837850896
3015910,50.86394329858804
3015911,50.86420950652781
3015912,45.127099368588354
3015913,43.72462305785837
3015914,0.01251073166044571
3015915,61.27944063202335
3015916,0.012669360911840922
3015917,0.008711407177460972
3015918,35.586441942188344
3015919,0.002331064282770376
3015909,0.009520232908274653
3015367,40.268840242472976
3015923,0.0
3016004,0.005681702162446107
3015936,0.012872657351059304
3015925,0.0
3015926,0.033671365726178897
3015927,39.69595335384481
3015928,39.44582700952037
3015929,0.015323548897840236
3015930,0.017955889314152453
3015931,0.018364914197131224
3015932,0.018364914197131224
3015933,42.45607433752945
3015934,0.0015217000016265786
3015978,45.151245448605444
3015935,0.011809010464071599
3015949,0.013093075047634182
3015938,0.003959742730932722
3015939,54.42880722018964
3015940,0.005566908910969167
3015941,51.09851074216134
3015942,0.009942015634351464
3015943,53.19341172210518
3015944,53.19367842747491
3015945,46.755608130233696
3015946,45.18177847935479
3015947,0.012934603362028504
3015937,0.0033016046529722944
3015948,64.87879294575028
3015950,0.009133246290721982
3015976,50.8985101778605
3015964,0.019042490882809942
3015953,0.0025143634106738885
3015954,39.50515958360905
3015955,0.0
3015956,0.0
3015957,0.01565390905906746
3015958,35.88155008521322
3015959,0.02665399251358143
3015960,41.62089021643093
3015961,41.33415779927948
3015962,0.015998535169744248
3015952,36.91302607778343
3015963,0.018633143356525658
3015951,36.8468391728762
3015966,44.114854784413275
3015967,0.0021874415827443493
3015968,0.003633613712107171
3015969,0.01198382464259185
3015970,0.003798234146680632
3015971,0.004457299486023733
3015972,54.15201042410559
3015973,0.006066713435451907
3015974,50.861870664702394
3015975,0.010447952195848945
3015965,0.019042490882809942
3015924,0.015228528973694895
3015977,50.89877638580027
3015813,44.88963637115183
3015992,0.0346399188520372
3015981,61.33289026276066
3015982,0.013601341000194079
3015983,0.009634990461481396
3015984,0.0034925255131377977
3015985,0.003247038661356191
3015986,0.0030117586832782636
3015987,37.919358951950436
3015988,0.0
3015989,0.0
3015990,0.016166246009107682
3015980,0.013442711748798866
3015991,0.0
3016005,55.32516884708288
3015994,39.469205381712754
3015995,0.016258715972043727
3015996,0.01889583593580887
3015997,0.019305659893556662
3015998,0.019305659893556662
3015999,42.48509560065201
3016000,0.0024428166778081334
3016001,0.012656972217678395
3016002,0.016277541074958404
3016003,0.005021378227334768
3015993,39.7197856750118
3015979,43.74622187377634
3016006,0.007294186051920975
3015589,40.68210666910047
3016020,38.50407534764409
3016009,51.90260007657129
3016010,51.902866321008034
3016011,45.858440356652565
3016012,44.380839305322
3016013,0.014683165577798423
3016014,62.87488020467659
3016015,0.014841933410470175
3016016,0.010867096345432346
3016017,0.0047158631169707576
3016018,0.004469903153321246
3016008,0.011683788579979319
3016019,0.004235227133357861
3016007,51.86505575825183
3016022,0.0
3016023,0.017412442694458418
3016024,0.0
3016025,0.03651639071774397
3016026,40.40512986916607
3016027,40.1417998864785
3016028,0.017135285391438576
3016029,0.019775610967505547
3016030,0.02018596170895837
3016031,0.02018596170895837
3016021,0.0
3016034,0.004665815580214201
3016035,0.012495947894075314
3016634,46.29738867426759
3016048,0.013646077984677329
3016479,0.007206421691894261
3016038,54.967628241367755
3016039,0.006112624702721658
3016040,51.557957405923574
3016041,0.010492499761075847
3016042,51.413666604108286
3016043,51.41393327291785
3016044,45.51235913809119
3016045,44.06967877920447
3016046,0.013487592645852614
3016047,62.12711055241554
3016049,0.009681156799111874
3016061,0.016304078672384422
3016050,0.0035392620390235635
3016051,35.89641292654338
3016052,0.0030583048505866926
3016053,38.2178297313713
3016054,0.0
3016055,0.0
3016056,0.01621035769829617
3016057,34.95467351065876
3016058,0.03467907878407294
3016090,34.40908413878258
3016062,0.01894031760499398
3016064,0.019349943017324133
3016088,0.0
3016076,50.09490011858012
3016065,0.011640285035242089
3016066,0.0024883353213479603
3016067,0.003845162416498908
3016068,0.01589845346303938
3016069,0.004647948013990858
3016070,0.005307806840167531
3016071,53.20684730690986
3016072,0.006919154680921894
3016073,50.05874970754084
3016074,0.011305661467462244
3016059,40.075643445391385
3016075,50.094633910640354
3016063,38.477102008113114
3016078,43.25110529588725
3016079,0.014303274592780787
3016080,60.07956347927156
3016081,0.014462056055075428
3016082,0.010490537308118608
3016083,0.0043421624187695036
3016084,0.004096377078102733
3016085,0.003861306686799722
3016086,37.460650637326985
3016087,0.0
3016077,44.59547709154155
3016060,39.81835001819579
3016089,0.017030272304305167
3016091,0.036502804910015646
3016092,39.168393953747135
3016104,52.76311348196692
3016093,38.92862451249887
3016094,0.017121693135721705
3016095,0.019762020574433825
3016096,0.020172375386049147
3016097,0.020172375386049147
3016098,41.81008193484393
3016099,0.0032934409882760967
3016100,0.0046523719411231
3016101,0.01605998699574985
3016118,0.004448746575071515
3016102,0.0044940559758208185
3016105,0.006102883210282248
3016117,35.31478590581139
3016106,49.694214719878175
3016107,0.010961601741458896
3016108,49.72978230310464
3016109,49.73004851104441
3016110,44.33483443023386
3016111,43.01593718291941
3016112,0.013958717540522594
3016113,59.52592538849308
3016114,0.014117346791917807
3016103,0.005347535833937475
3016258,41.92332987691687
3016120,0.0
3016143,43.97766947632778
3016145,0.01494137698539175
3016132,0.00580583739590582
3016121,0.0
3016122,0.017796224427457902
3016123,0.0
3016124,0.031050985354369894
3016125,39.23399351497762
3016126,38.9926686309193
3016127,0.01921554593715832
3016128,0.021867784991599772
3016129,0.022280121657653876
3016144,0.014613717292712049
3016130,0.022280121657653876
3016133,0.007172102514027921
3016119,37.48226712455786
3016134,0.015530175865981872
3016135,0.005460390270513541
3016136,37.94137552773566
3016137,52.164503955957436
3016138,0.007072130663675558
3016139,49.183320466383584
3016140,0.011939697918595152
3016141,49.21842813684763
3016142,49.218694447336084
3016131,41.91765175299576
3016146,58.47412044106632
3016148,0.01140688810758211
3016228,38.537458054539286
3016160,0.01915824170131477
3016149,0.0060158034254662795
3016150,34.97081050230222
3016151,0.005343639438988572
3016152,37.16257999340841
3016153,0.0
3016154,0.0
3016155,0.018705006385768712
3016156,34.04576147442896
3016157,0.029579483390550502
3016158,0.026376401350091665
3016202,38.56975271777212
3016159,38.36741757971958
3016173,0.014496061250414374
3016162,0.02224390744863488
3016163,0.02224390744863488
3016164,41.18993015774467
3016165,0.0056271192430761155
3016166,0.007105702795019418
3016167,0.019463143991523164
3016168,0.00798439081817488
3016169,0.008843716588092397
3016170,52.97487114187903
3016171,0.009604145260404272
3016161,0.021810711723754726
3016172,49.87494935427759
3016174,49.91068478418374
3016200,0.01736118654542637
3016188,0.021376435157891366
3016177,0.017181876481821734
3016178,0.01750941000195362
3016179,59.8056247140546
3016180,0.017668039253348835
3016181,0.014113171242488209
3016182,35.17302317235192
3016183,35.224877305957875
3016184,0.007948709895863236
3016185,37.57288430442846
3016186,0.002090293954507107
3016176,44.461202952877905
3016187,0.0
3016175,49.91095099212351
3016190,0.03060424854177834
3016191,0.02536247256027976
3016192,38.749828817686875
3016193,0.018159511819221232
3016194,0.020806349202729914
3016195,0.021217789936467238
3016196,0.021217789936467238
3016197,41.15426979498795
3016198,0.00459179322731432
3016199,27.954381347662814
3016189,34.278758698189
3016116,0.005121110207255105
3016201,0.008660649877582359
3016147,0.015099967940462356
3016216,35.991720086745644
3016205,51.74484872759393
3016206,0.015370528419066443
3016207,51.59901852097812
3016208,51.59928529327041
3016209,45.641876388241116
3016210,44.18554704253799
3016211,0.018388096167615456
3016212,62.11686986011806
3016213,0.01854654286130576
3016214,0.014377520238623267
3016204,0.010949651488915227
3016215,0.008968441524002701
3016229,0.022017511948896146
3016218,38.46914761505373
3016219,0.0026290612185192064
3016220,0.0
3016221,36.880185753594766
3016222,34.98434597211584
3016223,0.03630952887768197
3016224,40.144022765433114
3016225,39.88542849894588
3016226,0.0189352402412494
3016227,0.0215848213010629
3016217,0.008490795063212035
3016203,55.18677842575009
3016230,41.823226015642014
3016256,0.01918424917300693
3016244,0.004834753199565814
3016233,0.03411548420846346
3016234,0.0
3016235,0.0
3016236,58.40711507152482
3016237,0.0
3016238,54.50522944620881
3016239,0.0018411607131653084
3016240,54.54596977961514
3016241,54.546235961365994
3016242,47.67025749151736
3016232,0.006495348262616364
3016243,0.004507251901417276
3016231,28.579497454751245
3016246,0.004990102199317175
3016247,0.0014720891874100007
3016248,37.54207876345142
3016249,0.0
3016250,0.0
3016251,40.55562716735039
3016252,0.0
3016253,0.0
3016254,0.008631974276633543
3016255,0.0
3016245,67.31146464229636
3016480,37.03049483654649
3016257,0.014005216957631662
3016259,0.007675978175620019
3016367,37.88641625275756
3016261,0.010702509621736087
3016262,0.010702509621736087
3016263,44.74678893391917
3016264,0.0
3016265,27.768239046345975
3016266,0.01927229550688781
3016267,0.00796854902118067
3016268,0.008633004855585645
3016269,53.33799217459387
3016270,0.010255549521993323
3016272,0.0146725655047555
3016284,37.639725429916744
3016273,50.203756531009915
3016274,50.20402273894968
3016275,44.665928218380834
3016276,43.312102649228
3016277,0.017686722644289513
3016278,60.25874208466007
3016279,0.017845351895684727
3016280,0.013840768702638928
3016281,35.28756517979821
3016282,0.007418167511786441
3016271,50.16775407229517
3016313,0.01374761036814529
3016285,0.001337778794959778
3016287,0.020436378640171143
3016288,0.0
3016289,0.037257982093280566
3016290,39.201316818200276
3016291,38.96061468347057
3016292,0.018897529080249522
3016293,0.021548138320185397
3016294,37.70588798437201
3016295,0.02196021049062831
3016296,41.85373650031021
3016297,0.005041988971947995
3016298,0.006406216356276837
3016283,0.007187477557017506
3016300,0.007622091435488264
3016301,0.008480812777054857
3016302,52.07441566702551
3016303,0.00924071245814435
3016304,49.10640992556665
3016305,0.0141291816233058
3016306,49.141439636478665
3016307,49.14170584441843
3016308,43.923849437252905
3016309,0.016813314886143405
3016310,0.01714084840627529
3016311,58.61624597565128
3016286,0.0
3016312,0.017299477657670505
3016260,0.010295588343659817
3016314,0.008257043282355289
3016326,0.02186897522185013
3016338,0.015548151937426405
3016315,34.87365049931725
3016316,0.0075854139980217825
3016317,37.03817151298559
3016318,0.0017311573432838862
3016319,0.0
3016320,0.021004807648297402
3016322,0.03060424854177834
3016323,0.02643432239817897
3016324,38.263856413206895
3016339,49.34068536951364
3016325,0.01921673057947323
3016327,0.022281313750549384
3016329,40.56846199469498
3016330,0.005633699181794492
3016337,49.305465165480264
3016331,0.0071121551425450714
3016332,0.01914006319025546
3016333,0.009023792956781634
3016334,37.98446873223395
3016335,52.30761613857462
3016336,0.010646693854016554
3016328,0.022281313750549384
3016321,33.96393220969413
3016299,0.019095141189389604
3016366,0.0053078665962777525
3016365,0.01688684125452556
3016353,35.69843520838368
3016342,0.018238744196758583
3016343,42.734542954063606
3016344,58.6613114505878
3016345,0.018724994844508895
3016346,0.015001269842310924
3016347,0.00958767975017951
3016348,35.02706679655271
3016349,0.008916355816664105
3016350,37.23463294903585
3016351,0.0030472890486256286
3016341,44.06307196503628
3016352,0.0
3016340,49.3409516800021
3016355,0.029579483390550502
3016356,0.026376401350091665
3016357,38.36741757971958
3016358,0.01915824170131477
3016359,0.021810711723754726
3016360,0.02224390744863488
3016361,0.02224390744863488
3016362,41.18993015774467
3016363,0.0056271192430761155
3016364,27.951700937237927
3016354,34.04576147442896
3016368,52.79682014700598
3016423,41.78577942754681
3016370,49.722983259306886
3016382,0.005264803079917134
3016371,0.011785703010704043
3016372,49.758579452762845
3016373,49.75884566070261
3016374,44.3549493289155
3016375,43.033930156247045
3016376,0.014786604636033554
3016377,59.57044099823429
3016378,0.014945233887428766
3016379,0.011412542529714886
3016380,35.27570814702233
3016369,0.006919243791948479
3016381,0.005497605739946584
3016395,41.834501843022615
3016384,0.0
3016385,0.0
3016386,0.018630993065472695
3016387,34.37830942221854
3016388,0.027230642411297575
3016389,39.165818199120686
3016390,38.92579221948131
3016391,0.016421922802664492
3016392,0.01905987909410164
3016393,0.019469840887590475
3016383,37.70629666557348
3016394,0.019469840887590475
3016396,0.0030517554239624417
3016422,0.025447643306488552
3016410,66.78168469366992
3016399,0.00995412091875971
3016400,39.56034749816827
3016401,58.5607174039932
3016402,0.01210576032678605
3016403,54.624622231734826
3016404,0.01653462841588227
3016405,54.43087813261572
3016406,54.43114486045803
3016407,47.62582412071194
3016408,0.01867140443921905
3016398,0.01736018698340297
3016409,0.01899957763039822
3016397,0.004410664956390229
3016412,0.015595369750020094
3016413,37.219527490559834
3016414,37.28810334962966
3016415,0.008930455023107724
3016416,40.230820013764024
3016417,38.42614225739658
3016418,0.0
3016419,38.37175668781377
3016420,36.143547980909034
3016421,0.037665532952935996
3016411,0.01915819315125383
3016037,0.004503707010314807
3016424,0.019047313180052268
3016426,0.022108292981349906
3016451,0.0
3016428,43.320810504545975
3016429,28.953158865975695
3016430,28.825452815102892
3016431,0.01736018698340297
3016432,0.007108725562343007
3016433,38.71337121795587
3016434,55.630211651429725
3016435,0.009248521341187962
3016436,52.12577999235494
3016437,0.013652983190893808
3016452,38.55481447284795
3016438,54.305122822557124
3016440,47.537977364730494
3016441,0.015779627355941347
3016442,0.016107800547120518
3016443,66.58724575934374
3016444,0.016266416067976127
3016445,0.012727151402589863
3016446,37.377279527608174
3016447,37.44691301149489
3016448,0.006082731360254483
3016449,40.435855223419786
3016450,38.603349250499605
3016439,54.30538955039944
3016425,0.02169650122173928
3016453,36.28796860468833
3016478,0.013376274131339395
3016466,38.04834205451523
3016455,0.02314977062904314
3016456,42.03853268529827
3016457,0.016777301948749053
3016458,0.019414887573801505
3016459,0.019824738457166632
3016460,0.019824738457166632
3016461,43.838545032133865
3016462,28.929213772820788
3016463,28.802672396706896
3016464,0.01735627070821887
3016454,0.03467523497978002
3016465,0.007747285117301881
3016427,0.022108292981349906
3016468,0.009889862988351844
3016469,50.16393966892958
3016470,0.014327003197628899
3016471,53.41213113614278
3016472,53.4123985206398
3016473,46.91444033735122
3016474,0.016706403682449095
3016475,0.016762420064149047
3016476,65.20510293559028
3016477,0.016921062226455938
3016467,53.32950233635453
3016703,47.846109625456734
3016115,0.010591399140966717
3016786,36.17902343009352
3016483,38.13869995859131
3016484,0.0
3016485,38.074827560301586
3016486,35.90926868266536
3016487,0.03535292875984186
3016488,0.023812131846995634
3016489,41.42348231839926
3016490,0.017431320000955437
3016491,38.14943446683676
3016492,39.86349294031199
3016493,0.020482825027855832
3016495,28.825544253917975
3016507,0.016706403682449095
3016496,0.004958348349326391
3016497,0.01735627070821887
3016498,0.007747285117301881
3016499,37.490047281413425
3016500,51.39783310112504
3016501,0.009889862988351844
3016502,48.51679725865126
3016503,0.014327003197628899
3016504,51.474869554721884
3016505,51.4751369392189
3016494,43.1479633709688
3016536,0.014327003197628899
3016508,0.016762420064149047
3016510,0.016921062226455938
3016511,0.013376274131339395
3016512,36.06731238720567
3016513,36.1281634843126
3016514,0.006727107359452735
3016515,40.19006362279373
3016516,37.72899575021729
3016517,37.62440601724505
3016518,37.65159738909797
3016519,35.57536727733089
3016520,0.03535292875984186
3016521,0.023812131846995634
3016506,45.561173621347805
3016523,0.017431320000955437
3016524,0.020072385047146653
3016525,39.37819573724803
3016526,0.020482825027855832
3016527,41.965685691525444
3016528,28.79818333778028
3016529,28.67801083716993
3016530,0.01735627070821887
3016531,0.007747285117301881
3016532,37.490047281413425
3016533,51.39783310112504
3016534,0.009889862988351844
3016509,62.20984460429143
3016535,48.51679725865126
3016537,50.75215799161153
3016591,0.019823433953714824
3016550,0.0
3016539,45.056325141123196
3016540,0.016706403682449095
3016541,0.016762420064149047
3016542,61.09242631510686
3016543,0.016921062226455938
3016544,0.013376274131339395
3016545,0.007206421691894261
3016546,35.79154124615342
3016547,0.006727107359452735
3016548,39.701791909536894
3016538,50.75242537610855
3016549,37.33137650278076
3016563,38.31614879017735
3016552,35.25131542033626
3016553,0.03535292875984186
3016554,0.023812131846995634
3016555,40.354794879434415
3016556,0.017431320000955437
3016557,0.020072385047146653
3016558,38.90721413934764
3016559,0.020482825027855832
3016560,41.395815696408256
3016561,28.707154170604987
3016551,37.24085176837043
3016522,40.88113917875082
3016564,0.007107307965002002
3016590,0.01941358268452147
3016578,36.095538123308984
3016567,0.009247103381391205
3016568,50.30232520977459
3016569,0.013651693728573696
3016570,51.5348412832439
3016571,51.53510800762487
3016572,45.60280743999792
3016573,0.01577833376635466
3016574,0.016106502698803475
3016575,62.30399042556284
3016576,0.016265119512283533
3016566,53.49177350551889
3016577,0.01272585634993309
3016565,38.09531356693206
3016580,0.006081440385190516
3016581,40.231243179932115
3016582,37.76254488882092
3016583,0.0
3016584,37.68625243593512
3016585,35.60272834047732
3016586,0.03467393052516443
3016587,0.02314846521586397
3016588,40.92552483387488
3016589,0.016775997059469017
3016579,36.15657900160488
3016481,0.006727107359452735
3016592,0.019823433953714824
3016594,28.805910656464953
3016595,28.685365507615465
3016596,0.04485855279959573
3016597,0.0010076840456684085
3016598,0.0018549439255548137
3016599,59.01475077136
3016600,0.0026514687742773624
3016601,55.04081695878813
3016602,0.007475314590627368
3016603,55.081954020710086
3016604,55.08222020246094
3016605,48.07934392072266
3016606,0.010142810213321855
3016607,0.010470311511470393
3016608,68.0827221437841
3016609,0.010629102753891973
3016610,0.0071190149576973935
3016611,39.9175844243234
3016612,39.99932957202848
3016613,0.000997715912044415
3016614,40.61769183545871
3016615,0.0
3016616,0.0
3016617,0.01426142267564112
3016618,36.613218322623666
3016619,0.02483406854194247
3016647,38.00151328684511
3016648,35.94374287045816
3016622,0.013318896444277662
3016482,39.89825263341385
3016624,0.0163472560766077
3016625,0.0163472560766077
3016626,43.09447096102777
3016627,5.557138140207607e-05
3016628,27.801545632810832
3016629,0.011743346973543805
3016630,0.004549498349290122
3016631,36.725147928273785
3016632,48.79834424399833
3016633,0.006679683773122526
3016620,0.019651892181555303
3016635,0.011064486457256746
3016636,48.240453513612685
3016637,48.24072086726338
3016638,43.29599201594502
3016639,0.013433219192496518
3016640,0.0134892291119689
3016641,57.219482454865776
3016642,0.013647730534794615
3016643,0.01012714249393347
3016644,35.00284089136808
3016645,35.05666626978605
3016646,0.0035010355530226455
3016621,41.24451905372252
3016562,0.004958348349326391
3016649,0.0
3016690,0.010651098699389903
3016651,34.11750114802309
3016652,0.023971438180854475
3016653,0.02050348956255417
3016654,38.52340820127817
3016655,0.014159800233818432
3016656,0.016785404393948457
3016657,0.017193275490710435
3016658,0.017193275490710435
3016659,38.90728162826846
3016660,28.67358883615061
3016661,28.558698022323096
3016662,0.012303551040407076
3016663,0.0039198293490904845
3016664,0.00457880374340884
3016665,47.04002132387231
3016666,0.006047479217353693
3016667,44.79804834139486
3016668,0.010427061936252351
3016669,46.54200347241228
3016670,46.54227076689172
3016671,42.10952101866174
3016672,0.012793501697082748
3016673,0.012849499220325895
3016674,54.59348596811307
3016675,0.013008022680213734
3016593,42.01373745259195
3016650,0.01666334010766119
3016678,33.823105824631746
3016679,0.0028708310593765487
3016680,36.854004728017514
3016681,0.0
3016682,0.0
3016683,0.009315476900332314
3016684,33.290316123970136
3016685,0.02509681032113661
3016686,0.014711801452816977
3016687,37.16032667359482
3016688,0.007656571440653377
3016689,35.16243047913681
3016676,0.0094924884741533
3016691,0.010651098699389903
3016692,38.56566366900934
3016693,0.0005327389926490213
3016694,28.37812211296382
3016695,0.01789274132256219
3016696,0.007162311145407494
3016697,0.007825116153285242
3016698,49.43226604832503
3016699,0.009302297972276302
3016700,46.84076967139998
3016701,0.013707288574642398
3016702,47.845842876364664
3016677,0.0033518798606634883
3016704,43.02587723409931
3016623,0.01594007495953311
3016706,0.016162321326559377
3016815,38.985549636132106
3016719,0.023204876154775213
3016708,0.01632092891179589
3016709,0.012781271314142218
3016710,34.388742924988
3016711,34.4383411419985
3016712,0.006136498413294972
3016713,37.73892458985997
3016714,0.0003043173856548064
3016715,0.0
3016716,0.01935296596709262
3016733,45.84466751336321
3016717,33.94865948188162
3016720,38.23886392131595
3016732,0.0
3016721,0.01683183242612343
3016722,0.019469656469754983
3016723,0.01987954596265492
3016724,0.01987954596265492
3016725,39.61896553761289
3016726,0.0030087027196749137
3016727,0.00436634472207865
3016728,0.011255210773908024
3016729,0.0
3016718,0.03473138142731761
3016730,36.58400193874918
3016735,46.760574232281726
3016758,39.22629062201169
3016816,36.687378317735295
3016747,0.0
3016736,46.76084122602844
3016737,42.2667912000885
3016738,0.006230510623598829
3016739,0.0062864451440900505
3016740,54.92312723512496
3016741,0.006445204619240568
3016742,0.002984287477131639
3016743,33.89377599792482
3016744,33.93743949966432
3016759,0.0
3016745,0.0
3016748,0.0
3016734,0.0033470219371231217
3016749,0.01005768846967144
3016750,33.46241807085587
3016751,0.017879588600495464
3016752,0.01338002632689116
3016753,37.450748442373666
3016754,0.007123452755059281
3016755,0.00971279261111764
3016756,0.010114656638804781
3016757,0.010114656638804781
3016746,37.01399037557291
3016817,0.012011380505021452
3016731,48.24948837628852
3016761,0.015827523847275135
3016788,0.019108700310817232
3016787,0.016470406880608073
3016764,46.87684395060447
3016765,0.009694168659271965
3016766,0.01373961378842856
3016767,0.014106278289143258
3016768,44.68927369165567
3016769,44.68953997973919
3016770,40.81383426074505
3016771,39.866391252322195
3016772,0.017117893371539857
3016789,0.019518721284969395
3016773,51.732514002368276
3016775,0.01327726612581795
3016776,0.007106688021731578
3016777,0.0068594609937193025
3016778,0.006628122742322249
3016779,35.867500102431904
3016780,0.00078517008856182
3016781,0.0
3016782,0.019863919964976256
3016783,0.0
3016784,0.026958787143477398
3016705,0.015834121990383518
3016774,0.01727649269362976
3016760,0.0
3016790,0.019518721284969395
3016813,0.0
3016762,0.0074097710605126625
3016802,54.1732271972934
3016791,0.011809086692907924
3016792,0.0026512570173651802
3016793,0.004009143026283466
3016794,0.03200085735855345
3016795,0.0
3016796,39.00344274547523
3016797,56.40304627233647
3016798,0.0
3016799,52.81099993986445
3016814,0.0
3016800,0.0
3016803,47.4446476761142
3016763,0.008073469713734195
3016804,0.0
3016805,0.0
3016806,66.66437846446696
3016807,0.0
3016808,0.0
3016809,37.41161990242143
3016810,37.47752356605668
3016811,0.0
3016812,40.35920577899731
3016801,54.17296031016114
3016818,42.47038046677823
3016785,36.34801400245849
3016897,0.006398496145484554
3016830,58.54131441576918
3016819,41.707117341871864
3016820,0.0013768066805161668
3016821,0.0039369688405960935
3016822,0.00433398251765109
3016823,0.00433398251765109
3016824,44.078490027350554
3016825,0.0
3016826,27.832809586340026
3016827,0.0391380379954709
3016828,0.000983487819518611
3016829,39.627478233270914
3016831,0.002627195248353872
3016843,37.71506214649137
3016832,54.63663261735746
3016833,0.007450811493689234
3016834,54.677386302204226
3016835,54.67765248395508
3016836,47.796735888496094
3016837,0.010118194426352194
3016838,0.010445695724500732
3016839,67.45211072410636
3016840,0.010604486966922311
3016844,0.0009734512336853832
3016846,0.0
3016870,0.010118194426352194
3016869,47.796735888496094
3016898,57.2202469132021
3016858,3.121170814043362e-05
3016847,0.0
3016848,39.26829351829931
3016849,36.91181947313636
3016850,0.02480880548578345
3016851,0.019626884307781728
3016852,42.03093320014586
3016853,0.013294190319018262
3016854,0.01591524124308099
3016855,0.01632240280238151
3016841,0.007094598939419987
3016856,0.01632240280238151
3016859,27.864629519911052
3016845,40.663225015695524
3016860,0.04198084800042047
3016861,0.000983487819518611
3016862,39.627478233270914
3016863,58.54131441576918
3016864,0.002627195248353872
3016865,54.63663261735746
3016866,0.007450811493689234
3016867,54.677386302204226
3016868,54.67765248395508
3016857,44.94685552828851
3016842,37.64766693622526
3016872,67.45211072410636
3016873,0.010604486966922311
3016900,57.029965653267006
3016874,0.007094598939419987
3016886,0.013294190319018262
3016875,37.64766693622526
3016876,37.71506214649137
3016877,0.0009734512336853832
3016878,40.663225015695524
3016879,0.0
3016880,0.0
3016881,39.26829351829931
3016883,0.02480880548578345
3016902,49.441403328006636
3016884,0.019626884307781728
3016887,0.01591524124308099
3016899,0.010778662656516735
3016888,0.01632240280238151
3016889,0.01632240280238151
3016890,44.94685552828851
3016891,3.121170814043362e-05
3016892,0.0
3016893,0.04638135859860754
3016894,0.004083872292868754
3016895,40.50686663902498
3016871,0.010445695724500732
3016885,42.03093320014586
3016036,0.003844850331758967
3016882,36.91181947313636
3016896,61.59432465982007
3016925,0.004648966424078024
3016914,0.016496636521861795
3016903,47.71416562659062
3016904,0.013789096151572961
3016905,71.11672837339565
3016906,0.013947716368630805
3016907,0.009967859629707494
3016908,38.47957394355353
3016909,38.55659649604377
3016910,0.003343137438527932
3016911,41.739275726364305
3016912,0.0
3016707,56.60028737913174
3016915,37.70832313148365
3016913,0.0
3016923,44.85669144812967
3016922,0.018831199018980557
3016921,0.018831199018980557
3016920,0.018422179336254046
3016924,28.628505247677417
3016918,43.24324870221642
3016917,44.083872245482915
3016916,0.03429075088049574
3016901,57.03023236853398
3016919,0.015789620059136793
3016935,48.14903073396452
3016927,0.0
3016928,0.0
3016929,59.15041873090203
3016930,0.0
3016931,55.15307636703354
3016932,0.0
3016926,0.02704491576174691
3016933,55.19293363890746
3016934,55.19317059602507
3016936,46.545764017961105
3016942,37.06982562718626
3016950,42.77187856891329
3016939,0.0
3016940,0.0
3016941,0.0
3016943,0.0
3016944,40.64954045978474
3016945,0.0
3016946,0.0
3016947,0.013390171840041737
3016948,39.365881626130914
3016937,46.52226058142516
3016938,71.27285445646511
3017033,52.861231393825086
3016954,42.24064745310698
3016953,0.0007283431680132004
3016949,0.013214775024589235
3016955,0.0011254380619776208
3016956,46.62184034240424
3016957,0.0
3016958,27.964770260711163
3016959,0.05478147680347859
3016960,0.01084846484176076
3016961,0.01151580757167539
3016962,60.791427778132686
3016963,0.013174593684896142
3016964,56.54753424946086
3016951,43.815753146521416
3016966,56.58838846181059
3016967,56.58862253627171
3016968,49.157496895402566
3016969,47.46615263423313
3016970,0.020617469718249116
3016971,73.550628768803
3016972,0.020753561246914864
3016973,0.016472524204306577
3016974,0.009494725462582076
3016975,0.009246658381607497
3016976,0.008552961004757567
3016977,41.485313350172156
3016952,0.0
3016978,0.006127647891488648
3017004,69.79027739119933
3016980,0.034183028828417415
3017005,0.017213711209666183
3016982,0.04367667756355495
3016983,0.027572612464483018
3016984,44.82321725066377
3016985,0.02099163751759847
3016986,0.02365025613167604
3016987,43.16468033821339
3016988,0.02406362865356487
3016989,47.775543269676575
3016990,28.259121769980794
3016991,0.00018116836629925514
3017006,0.012969878598626944
3016992,0.020647785884065805
3016994,39.643123762872634
3016995,58.36261401859717
3016996,0.009662867781575527
3016997,54.477893836209454
3016998,0.014065290308239414
3016999,54.308652140960504
3017000,54.30888606468646
3017001,47.569107546009704
3017002,46.035115732350036
3017003,0.017077764843841388
3017065,52.86099735015016
3016993,0.007800763231259599
3016979,0.0037768677534173634
3017007,36.491919959617526
3017032,52.86099735015016
3017020,40.83335960459449
3017009,0.00508535727440002
3017010,39.91092604546747
3017011,0.002678220522017709
3017012,0.00035107481835026683
3017013,0.030539625136887953
3017014,38.68420235935569
3017015,0.03185629698227292
3017016,0.02336371638076086
3017017,42.82593637610927
3017018,0.016839657987860843
3017008,36.55509039266196
3017019,0.019475105296281978
3016981,0.058451097976263994
3017022,44.45857236536618
3017023,28.680997119530883
3017024,0.005627227233866394
3017025,0.030722765661206405
3017026,0.01137957189809417
3017027,0.012047456776860652
3017028,56.42403962209721
3017029,0.01325416066980311
3017030,52.823677855727446
3017031,0.017689234635779455
3017021,40.178786164042734
3016965,0.01760995893736396
3017121,46.509113065305314
3017035,45.12192399026063
3017037,66.91189025846894
3017038,0.020832702858196727
3017039,0.016552248457341
3017040,0.00957421022815587
3017041,0.00932615897966506
3017042,0.008632204808538527
3017043,39.29801875307752
3017044,0.006207051211954023
3017045,0.0038563816580093144
3017046,38.282587913153236
3017047,38.149593582219495
3017048,0.04378479864509343
3017049,0.028757014225518157
3017050,42.1090454177844
3017051,0.02216310002102877
3017052,0.02482697315707232
3017053,41.27129429168587
3017054,0.025262054356377565
3017055,0.020559833111791354
3017056,28.01159503148249
3017057,0.0037898803650634355
3017058,0.030722765661206405
3017059,0.01137957189809417
3017060,39.07469520304796
3017061,56.42403962209721
3017089,28.01159503148249
3017090,0.0037898803650634355
3017064,0.017689234635779455
3017145,0.031261140914303334
3017066,52.861231393825086
3017067,46.55682427407411
3017068,45.12192399026063
3017069,0.0206965138932646
3017070,66.91189025846894
3017071,0.020832702858196727
3017072,0.016552248457341
3017073,0.00957421022815587
3017074,36.103308459882754
3017075,0.008632204808538527
3017062,0.01325416066980311
3017077,0.006207051211954023
3017078,0.0038563816580093144
3017079,0.034254792738295535
3017080,0.05862264433590981
3017081,0.04378479864509343
3017082,0.028757014225518157
3017083,42.1090454177844
3017084,0.02216310002102877
3017085,0.02482697315707232
3017086,41.27129429168587
3017087,0.025262054356377565
3017088,0.020559833111791354
3017063,52.823677855727446
3017034,46.55682427407411
3017091,0.017914996559290013
3017132,53.45348528554619
3017094,57.34922885245392
3017095,0.007483900239754611
3017096,53.6113472109045
3017097,0.011870875972679497
3017098,53.64865460066777
3017099,53.64888802576639
3017100,47.10369816828348
3017101,45.61399498987772
3017102,45.62727408141818
3017103,68.32726629277781
3017105,0.00920688121781759
3017093,39.33072839443159
3017117,0.01571770944346009
3017107,37.87751128864772
3017108,0.002917583925636982
3017109,39.654780422225166
3017110,0.0005189171178705083
3017111,0.0
3017112,0.028280228165227572
3017113,0.05255152983766517
3017114,0.03771772818047123
3017115,0.02223203138783741
3017116,42.71128550480283
3017036,0.0206965138932646
3017106,0.0038576994603046646
3017146,0.05988291372479494
3017104,0.015009718771134358
3017118,0.01834923122722922
3017122,28.032369179839332
3017123,0.0
3017124,0.029790835815800467
3017125,0.012552268929014896
3017126,0.013221651314464452
3017127,57.11843711355776
3017128,0.014430764686552473
3017129,53.41600553215918
3017130,0.018875769586186728
3017131,53.45325120884507
3017133,46.970556055809865
3017092,0.005181710554767255
3017119,41.84039896262125
3017135,0.021873250303057278
3017136,68.25384844708874
3017137,0.022009422023047877
3017138,0.01773309197433709
3017139,0.01074424913808534
3017140,0.010495638164727185
3017141,0.009801905603205227
3017142,39.51216410920977
3017143,0.007371281070574244
3017144,0.005013979205678664
3017120,0.018778915633507993
3017134,45.49502257039727
3017147,0.0450446025437668
3017340,40.413580785843074
3017300,0.0
3017151,0.02497409548937463
3017152,41.864603529534676
3017153,41.16221285875831
3017154,45.83231977397194
3017155,28.096308378778524
3017156,0.003881787209397173
3017157,0.01867260178367358
3017158,0.005472392372501977
3017159,0.006132801952340713
3017160,58.93980660073962
3017162,54.96811838609202
3017174,0.003207815520821223
3017163,0.012165141726775866
3017164,55.006028797987696
3017165,55.006262253791135
3017166,48.05189938452844
3017167,46.3518585672677
3017168,0.015154155878847062
3017169,70.6651741703851
3017170,0.01529023764521774
3017171,0.011076023886864336
3017172,0.004148011656999613
3017173,0.0039025462256372222
3017150,0.022309630032173625
3017161,0.007775780163757092
3017257,0.012158371774664872
3017175,40.06207080917399
3017179,38.28362518010758
3017180,0.03799506706366623
3017181,0.021438092655396427
3017182,42.40419586515568
3017183,0.014933419606519933
3017184,0.017561021453572506
3017185,40.4108839751461
3017186,0.017969222761448068
3017187,0.013238780351981089
3017188,0.0016959816720158644
3017190,0.018136832699534297
3017202,70.91545497119557
3017176,0.0008078369174196946
3017192,39.801110710840014
3017193,59.182893918879756
3017194,0.004871914399489075
3017195,55.17543723408
3017196,0.00923636502583537
3017197,55.21430589650297
3017198,55.21453997096409
3017199,48.19763514003147
3017200,46.48230596980442
3017201,0.012190156189294131
3017177,0.0
3017191,0.00258081306404627
3017203,0.012326247717959881
3017204,0.008139981594883178
3017244,39.62840809632998
3017206,0.0009949291931205622
3017207,0.0002996392546680407
3017208,40.42399304530155
3017209,0.0
3017210,0.0
3017211,38.98939315583638
3017212,0.04967895574479961
3017213,0.03490449807918758
3017214,0.019061920419390435
3017215,43.672792293388376
3017216,0.012586666417208518
3017229,0.015797266260751546
3017217,0.015202310082403029
3017219,0.015608520733693064
3017220,46.43191915468634
3017221,28.141302460746175
3017222,0.0
3017223,0.028123943554609416
3017224,0.010293966774493004
3017225,39.40454926926908
3017226,57.848880126628465
3017227,0.011374306067972304
3017228,54.03153317706206
3017076,39.16750556185438
3017218,42.33577618629688
3017178,0.02441976798703321
3017230,56.43394395570664
3017232,49.0372553661318
3017233,47.22902591972067
3017234,0.018783785372003675
3017235,72.98423462374339
3017236,0.018919338832708275
3017237,0.014666359808877706
3017238,37.470652120891195
3017239,0.007456518836783088
3017240,0.006763547812393781
3017241,41.11609953488875
3017242,0.004345099314664223
3017243,0.0020038261447701553
3017231,56.43417843131735
3017245,39.47006173240296
3017246,0.04179480041077321
3017247,0.02573690829864246
3017248,44.55994812973764
3017249,0.019174483194805757
3017250,0.02182553574428715
3017251,43.1505260669627
3017252,42.3867149555125
3017253,46.766176306499766
3017254,28.705997370651886
3017255,0.00928558211833889
3017256,0.027019946313824813
3017205,0.0012389859990888468
3017189,0.0029771690759629794
3017258,39.09791955683824
3017259,56.70506646230717
3017261,0.018141857682305418
3017262,0.018510854861685827
3017263,53.100314290457774
3017264,53.100548334132704
3017265,46.72399861336854
3017266,45.165208406459364
3017267,0.021506641598600218
3017268,67.0266973873752
3017269,0.021642830563532344
3017270,0.017208892339734837
3017271,36.07288529551508
3017272,0.01013583126826169
3017273,0.009442032628005118
3017274,39.207807838465705
3017275,0.007013046639026071
3017276,0.004657667386821532
3017277,0.030881851572133048
3017278,0.05948338010995003
3017279,0.04365395899923085
3017280,0.029593803833519866
3017281,42.16024151611204
3017282,0.022989490481162323
3017283,0.025657589959049477
3017284,41.153545077513506
3017285,0.026093373375575983
3017313,42.765441644727
3017314,43.80911537208937
3017288,0.003909380227257496
3017289,0.025810945203584828
3017290,0.0
3017291,39.78244338341559
3017292,59.141584455835215
3017293,0.0
3017294,55.145030175820615
3017295,0.0
3017296,55.184665592393976
3017297,55.184899666855095
3017298,48.14211783702111
3017299,46.539161065170525
3017286,45.475898513967074
3017301,71.26148204806287
3017302,0.0
3017303,0.0
3017304,37.001005620584216
3017305,37.0644926735017
3017306,0.0
3017307,40.64350389772138
3017308,0.0
3017309,0.0
3017310,39.637496470432446
3017311,39.36009496518992
3017312,0.01191640354727156
3017287,28.02324428246668
3017369,0.01130780076262414
3017315,0.0
3017356,0.005670249863853722
3017317,42.23431487931673
3017318,0.0
3017319,46.61511319569393
3017320,0.0
3017321,27.962247074268845
3017322,0.019815687480426274
3017323,0.005587123280069697
3017324,40.01693316438056
3017325,59.92112915435803
3017326,0.007923145292317331
3017327,55.80577237529062
3017328,0.012311787970167208
3017329,55.62478713450945
3017330,55.625021058235404
3017331,48.48539169422173
3017332,46.74006088367486
3017333,0.015301628573238302
3017334,71.70048953269786
3017335,0.015437493569205398
3017336,0.011224024450444195
3017337,36.961976965036754
3017338,0.0040505803295772325
3017339,0.0033557424393389716
3017260,0.01406883322930285
3017341,0.0009561966644317079
3017148,0.02890500788285247
3017316,0.0
3017344,38.87662803440744
3017345,0.03813909708178316
3017346,0.021585390605751754
3017347,43.63828405306649
3017348,0.015081853905783385
3017349,0.01770896308319399
3017350,41.375684889278766
3017351,40.695650251827594
3017352,0.012686887970442165
3017353,28.667387750129087
3017354,0.0032968673562250765
3017355,0.01990053930277178
3017342,0.0
3017357,40.10015082177822
3017358,60.20894429350264
3017359,0.008006620367831504
3017360,56.05130351197188
3017361,0.012395949164310879
3017362,55.868285596841005
3017363,55.868519528347
3017364,48.655489666896806
3017365,46.89221547408675
3017366,0.015386182523561113
3017367,72.10903470730442
3017368,0.015522043446015186
3017343,0.024566312639508734
3017370,39.23407512664545
3017518,0.0022616105912063433
3017372,0.003438743537870772
3017593,52.361048060942075
3017374,0.001038820042473796
3017375,0.0
3017376,0.024652390358690362
3017377,38.69103236367046
3017378,0.038227136578930745
3017379,0.021670809959318083
3017380,42.9934530573915
3017381,0.015166253047518658
3017382,0.017793775732152392
3017383,40.56949791858024
3017385,44.39899355832672
3017397,46.36561664638646
3017386,0.0012426452528858374
3017387,0.0029518186863684843
3017388,0.019920056863688848
3017389,0.005216742382252391
3017390,0.005876773977760833
3017391,56.112316902849635
3017392,0.0075517882046086445
3017393,52.55628393646151
3017394,0.01193891971760848
3017395,52.59199042022946
3017384,39.92672047564811
3017426,53.73595229775501
3017398,44.84348091182835
3017400,66.61472055480243
3017401,0.015062998070673555
3017402,0.010851257794883103
3017403,0.003925546010871638
3017404,0.0036802072393793957
3017405,0.0029854256498809684
3017406,38.94232643726935
3017407,0.0005866834904827785
3017408,0.0
3017409,0.024187806822024194
3017410,37.620264213015105
3017411,0.03775657689987028
3017396,52.59222396907933
3017413,42.22497846483213
3017414,0.014706911214340122
3017415,0.01733315053646603
3017416,41.21346376045372
3017417,0.01774111275580908
3017418,45.98071749164099
3017419,28.091999048363675
3017420,0.0
3017421,0.018878324979078952
3017422,0.004035309709997638
3017423,39.32305648742088
3017424,57.46967186528486
3017399,0.014926965022024478
3017425,0.005853391593604413
3017427,0.01070069888410123
3017481,0.020944692606434088
3017440,0.0
3017429,53.77296780403763
3017430,47.1935505753389
3017431,45.58516739662796
3017432,0.013682538215852568
3017433,68.58881373855235
3017434,0.013818613468154321
3017435,0.009620331844477945
3017436,0.003382786564197655
3017437,36.998203096462696
3017438,0.002251198960808784
3017428,53.772734180400846
3017439,39.63983875370988
3017453,28.022539856875767
3017442,38.32287445233045
3017443,38.25749753718607
3017444,0.02213598403573936
3017445,41.59001332078504
3017446,43.13530629817182
3017447,0.014074127484217484
3017448,0.016696320209756692
3017449,40.881883494091966
3017450,0.017103597699043467
3017451,45.542261395544955
3017441,0.0
3017412,0.021208246655547866
3017454,0.019070619703278967
3017480,0.018300624976262312
3017468,0.011424524911352929
3017457,55.03301780234238
3017458,0.007649445946979863
3017459,51.64869596414124
3017460,0.012513561096710061
3017461,51.68357086001871
3017462,51.68380454175354
3017463,45.734193831609495
3017464,44.27977088086487
3017465,0.015503767108116797
3017466,65.08343467375647
3017456,38.88650154236812
3017467,0.01563981194115316
3017455,0.0059050801156279465
3017470,35.446450722732955
3017471,0.0040400829998415485
3017472,38.283840484900196
3017473,0.0016372073617890112
3017474,0.006649395397384929
3017475,0.03029135305860466
3017476,37.069229711650586
3017477,0.0334914014334001
3017478,39.9647973738392
3017479,41.27893692026169
3017469,35.39380313209575
3017482,39.84782937436778
3017373,40.55143308214686
3017484,44.87230782151298
3017496,46.92852328895379
3017538,38.835463168883926
3017486,28.02910781172624
3017487,0.014288314677831758
3017488,0.00258998021083353
3017489,39.487230661627585
3017490,57.017177796143876
3017491,0.004864442595821676
3017492,53.35145189174937
3017493,0.009699380277915134
3017494,53.38790114396014
3017511,40.77763165756007
3017495,53.388135181653986
3017510,0.03167401376797346
3017498,0.012676259479521222
3017500,0.012812213367606599
3017501,0.008626582239391885
3017502,38.080040889415535
3017503,38.149602847728524
3017504,0.0012671313048230686
3017505,39.26081539174128
3017506,0.0
3017507,0.003865228815926441
3017508,0.027372691555323254
3017497,45.34942744849969
3017509,37.63081780961843
3017499,67.93456704070302
3017512,42.17101834562603
3017815,0.002279219430744588
3017522,0.008701971393687344
3017521,0.007844167006768158
3017520,0.022773948575830635
3017519,27.947556757074423
3017513,0.015608705391362204
3017517,0.016118260029783973
3017516,0.018644891340532217
3017515,39.57959504086186
3017514,37.86819337156597
3017524,0.009594742139128691
3017485,0.004914238725756986
3017523,55.911507965528365
3017525,52.39844938281154
3017526,0.014478090556953253
3017527,52.43399610048403
3017528,52.434229576013685
3017529,46.25831957998097
3017530,44.748576843164564
3017531,0.017477163554537427
3017532,66.25667660427459
3017533,0.017613316353523735
3017534,0.013378657023163189
3017535,0.007111180846366865
3017536,35.856480617921946
3017452,0.0008297840887867842
3017537,0.005977041622234867
3017539,0.003564594637767526
3017565,65.09012832796923
3017541,0.02995958351432365
3017542,37.56860969752215
3017543,0.03309131339493554
3017544,40.67606110999425
3017545,42.06048164571054
3017546,0.018531147314153326
3017547,0.02117621145947994
3017548,41.060218377706484
3017549,0.021587303723732024
3017550,45.78649211155176
3017566,0.01573878033641897
3017551,0.005677100048146791
3017553,0.01916977398828599
3017554,0.006002313004932661
3017555,38.887896115144
3017556,55.037684894665624
3017557,0.007746991598587634
3017558,51.65267830318632
3017559,0.012612078337686811
3017560,51.687554204683
3017561,51.68778787387433
3017562,45.73697171939435
3017563,44.28225408328595
3017552,0.007254793085835523
3017564,0.015602728935792237
3017567,0.011522513956157302
3017483,0.021355631486358297
3017580,0.021044587451068224
3017569,35.44813445301363
3017570,0.004137206341907675
3017571,38.28611071328901
3017572,0.0017338462045553824
3017573,0.006746890683731123
3017574,0.03039334575904214
3017575,37.071166749933575
3017576,0.03359384989957365
3017577,39.9674785114134
3017578,41.28188318527553
3017568,0.005270050827583618
3017579,0.01839998710438377
3017540,0.0031438390282197107
3017582,0.02145562105895807
3017583,44.87600233579804
3017584,0.005012177749970743
3017585,28.02942438077129
3017586,0.020924131726200345
3017587,0.006035161732058588
3017588,0.006889931490137868
3017589,55.82611614647233
3017590,0.007780066387501018
3017591,52.32556786734685
3017581,39.85048572679319
3017592,0.012646198110358504
3017814,44.95873257320869
3017594,52.36128153971461
3017607,0.02807378109876741
3017596,44.7029963987234
3017597,0.015636861702481183
3017598,66.13458382835458
3017599,0.015773012803542673
3017600,0.011555756240385445
3017601,0.0053026688528433315
3017602,35.825181029026375
3017603,0.0041697491911755645
3017604,38.793361314004464
3017605,0.0017658572099919553
3017703,38.22679103202204
3017606,0.0013488093975323272
3017620,0.004694315666626755
3017609,0.0311984109446713
3017610,0.023214701790791836
3017611,42.0056692549346
3017612,0.016690213128884898
3017613,0.019325856015046702
3017614,41.00896700568809
3017615,40.346121394115826
3017616,0.01465876500257511
3017617,0.003860291498830231
3017618,0.005047249081661613
3017608,37.53253801871039
3017619,0.019553046082432034
3017621,38.82752214994609
3017647,40.971005045849225
3017635,35.80199625272022
3017624,52.27158608634099
3017625,0.011288402439729957
3017626,52.30701668887176
3017627,52.3072501676443
3017628,46.16962065867213
3017629,44.6692353742483
3017630,0.014272828964570437
3017631,66.04413735618661
3017632,0.014408980065631924
3017633,0.010204615800875099
3017623,0.006435024248209255
3017634,35.747114203159676
3017622,55.76286846580827
3017637,38.76217521018366
3017638,0.00043261446205928287
3017639,1.8306717029495292e-05
3017640,0.026676044728203903
3017641,37.50581987906195
3017642,0.029795416326851513
3017643,0.021833032597285595
3017644,41.965069431936556
3017645,0.01532570821042882
3017646,0.017954373627861606
3017636,0.002830167861800059
3017704,0.00023359432032360992
3017648,40.30991419501915
3017650,0.002513665179839047
3017675,0.024076974074318424
3017652,0.03723005769374571
3017653,0.0
3017654,39.95527063635344
3017655,59.73388532128883
3017656,0.0
3017657,55.65069350556701
3017658,0.004697523766624799
3017659,55.69004205833183
3017660,55.690275514135266
3017661,48.494901978979016
3017676,43.12707040696907
3017662,46.85721524954786
3017664,72.21666084197896
3017665,0.007824426636819357
3017666,0.0036050055346705185
3017667,0.0
3017668,37.30938861929449
3017669,0.0
3017670,40.976446888339424
3017671,0.0
3017672,0.0
3017673,39.94764877205126
3017674,39.64330816802942
3017663,46.871715176200325
3017649,45.66737451496983
3017677,44.19403666694017
3017702,0.0026302003321753585
3017690,51.724077846594895
3017679,0.01068182629894292
3017680,42.58409517640569
3017681,0.011088720029923723
3017682,47.62878109607309
3017683,0.0
3017684,27.998726178248816
3017685,0.01619265914457536
3017686,0.005386860171626869
3017687,0.0060469839772728014
3017688,55.14301258507096
3017678,0.00806206060003316
3017689,0.007194406980421799
3017651,0.0036974795489811024
3017692,51.75900681643524
3017693,51.759240295207775
3017694,45.78681006602076
3017695,44.32680812052516
3017696,0.014563403470495615
3017697,65.21016061058114
3017698,0.014699554571557102
3017699,0.010492441973882587
3017700,35.348448774998054
3017701,0.0033253182900324337
3017691,0.011577647948341159
3017149,42.51453833940136
3017705,0.0
3017786,38.967865859747114
3017718,0.014651212321344538
3017707,0.05225975621303978
3017708,0.03644281874749151
3017709,0.020887665678244915
3017710,41.247327465689
3017711,0.014392086200376616
3017712,0.017015980452259646
3017713,39.81932600684776
3017714,0.01742354631619383
3017715,44.73626985493565
3017716,0.0008328616946243365
3017760,45.81194605997828
3017717,0.010541639695992382
3017731,0.014758422646457362
3017720,0.006107057797002508
3017721,54.5550452681035
3017722,0.007254435808478827
3017723,51.223320757015756
3017724,0.0116363157687947
3017725,53.31668791955877
3017726,53.3169218346043
3017727,46.87617171253399
3017728,45.301685933725395
3017729,0.014622471735693959
3017719,0.005447140382058655
3017730,67.73112297677041
3017732,0.010552779981215312
3017758,51.79499085574188
3017746,41.70652341190567
3017735,0.0026912183773024367
3017736,39.334245173937255
3017737,0.0002953921760654477
3017738,0.0
3017739,0.023872014862538902
3017740,37.95706056438014
3017741,0.02939794855809174
3017742,41.3052032318002
3017743,42.751452171014535
3017744,0.01506603168291896
3017734,36.22820448917875
3017745,0.01769218532336801
3017733,36.167210340924356
3017748,0.012834797812779096
3017749,0.0014977724533106937
3017750,0.002398767439606394
3017751,0.014124250379676583
3017752,0.00630578777409679
3017753,0.006967099947347932
3017754,55.18517452659928
3017755,0.008116327853646533
3017756,51.76002946097478
3017757,0.012507445016579417
3017747,41.011602872049714
3017706,0.023815325390144478
3017759,51.795224334514415
3017595,46.20736422709254
3017774,0.03741509716364828
3017763,65.27054345359872
3017764,0.015633621753799974
3017765,0.011417680218118103
3017766,35.36349203366505
3017767,0.004241582775600242
3017768,0.003546642234693631
3017769,38.247162469094796
3017770,0.001145699053611898
3017771,0.0
3017772,0.024766734730049263
3017762,0.015497470652738486
3017773,37.02859552908637
3017787,55.36017956482345
3017776,41.27381004778128
3017777,0.015324252553244697
3017778,0.01795291145141946
3017779,39.84321459479942
3017780,0.018361274527477513
3017781,44.76926889363194
3017782,0.0017514349288546165
3017783,0.011386354859104069
3017784,0.017721519929667823
3017785,0.006289236632619612
3017775,0.021831555519682255
3017761,44.34929289988307
3017788,0.008548943728375747
3017371,39.31568771362055
3017802,38.32797228577972
3017791,51.9428585699796
3017792,51.94309208076196
3017793,45.912152978589106
3017794,44.437848779370356
3017795,0.015937356921338963
3017796,65.52555564584715
3017797,0.01607340990156783
3017798,0.01185198810872164
3017799,0.0049169584568594495
3017800,0.004671131206676821
3017790,0.012944722210251997
3017801,0.003976543384478976
3017789,51.90774991558876
3017804,0.0
3017805,0.025217187608288394
3017806,0.053693251467374664
3017807,0.038858627597616886
3017808,0.022277159729924414
3017809,41.42414170596652
3017810,0.015762921256046936
3017811,0.01839440113030021
3017812,39.97798418423765
3017813,0.018803229515800584
3017803,0.0015730354954091167
3017816,0.003092168112158715
3017817,0.014637622199044565
3018416,48.09393300816639
3017829,66.16718869297839
3018261,0.01073868500145096
3017819,0.007013393369555025
3017820,56.034024941610525
3017821,0.008162555756736878
3017822,52.48444684573121
3017823,0.012552302072349801
3017824,52.33105228848992
3017825,52.331286171470225
3017826,46.18764469960743
3017827,44.68578980306202
3017828,0.015542640949147524
3017830,0.015678608648791725
3017842,41.668792476287315
3017831,0.01146415566698933
3017832,35.589402367046794
3017833,35.64652269022795
3017834,0.0035938466353891752
3017835,38.55182634583046
3017836,0.00119368637232009
3017837,0.0
3017838,0.02480945580815377
3017839,37.28921524546357
3017925,45.117996493646054
3017843,0.015370526176286098
3017845,40.19985726635266
3017869,0.0015595535987497481
3017857,50.92519672031896
3017846,0.018406472211186322
3017847,43.928062364141724
3017848,0.0017977752984588043
3017849,0.002609430838478078
3017850,0.017707956382984155
3017851,0.006275788461548934
3017852,0.006937224035041212
3017853,54.16782980829062
3017854,0.008535474219529472
3017855,50.891021153188575
3017840,0.037453929260165914
3017856,0.012931248926658008
3017844,0.017998309631240723
3017859,45.20125474590546
3017860,43.801941772883
3017861,0.015923796584349136
3017862,63.81812015276377
3017863,0.016059866324443454
3017864,0.011838460328503627
3017865,0.004903476205023493
3017866,0.00465764802351829
3017867,0.003963061176540685
3017868,37.75183899963406
3017858,50.925430199091494
3017841,0.021875734657593095
3017870,0.0
3017871,0.025203563478720915
3017898,0.005717625213898706
3017897,0.011974012277322681
3017874,0.022263536493108405
3017875,40.63261214303864
3017876,0.015749306349360857
3017877,0.018380785292291556
3017878,39.26396451262758
3017879,0.018789615892282067
3017880,43.972472221417185
3017881,0.0022657496715915823
3017882,0.0030786992843282843
3017899,35.4437360979961
3017883,0.01832324393587804
3017885,0.00730569763617187
3017886,54.78552204552018
3017887,0.008196437427547233
3017888,51.437422420569504
3017889,0.01306651423283079
3017890,51.47208817629852
3017891,51.472321655071056
3017892,45.586383010661876
3017893,44.147524978435314
3017894,0.016059107525328072
3017895,64.64675271263192
3017884,0.006450230317484203
3017926,43.728562632867245
3017900,0.004584427086781129
3017923,50.80152261426382
3017872,36.604398294404184
3017912,39.78348692603721
3017901,38.28027213401179
3017902,0.002519773078691506
3017903,0.0021011750798064304
3017904,0.02886416476552118
3017905,37.09948023367621
3017906,0.03394565980288473
3017907,0.02496298239050516
3017908,41.37478317705374
3017909,0.018416782736738788
3017924,50.80175618297711
3017910,0.021061252698262797
3017913,44.93044176045323
3017873,0.03884502566603275
3017914,0.005564237418701561
3017915,0.006664517740836056
3017916,0.018341366201678894
3017917,0.007960920483178192
3017918,38.57550898878133
3017919,54.00054904575388
3017920,0.00971179657467248
3017921,50.76746455911816
3017922,0.014595903584776302
3017911,40.41907080360069
3017927,0.017595582974326146
3017928,63.29634539096535
3018009,0.020634438813096772
3017941,40.61702230692892
3017929,0.01773168698375107
3017931,0.007153909147148731
3017932,35.070674920121725
3017933,0.006019771657871606
3017934,37.9016349055595
3017935,0.0036073042922668513
3017936,0.003186790215006129
3017937,0.029996789275681286
3017938,36.590142985561705
3017939,0.032675745449123716
3017983,0.007612980623675689
3017940,39.362398640523544
3017954,50.65979638297185
3017943,0.02120675790905788
3017944,39.25077635922334
3017945,0.021638817126675904
3017946,44.04335401111836
3017947,0.005584819182476922
3017948,28.28124131409099
3017949,0.01829637807356811
3017950,0.0065640556312311325
3017951,38.53745209303081
3017952,53.87441975059831
3017942,0.018561021348832394
3017953,0.00831061757519509
3017955,0.013181779371278075
3017981,28.21598038337466
3017969,0.0018736238709974123
3017958,45.042677070415294
3017959,43.66117682627467
3017960,0.016174898861030015
3017961,63.42282998313974
3017962,0.016311049962091505
3017963,0.0120887111716446
3017964,34.91361715573536
3017965,34.96323015469776
3017966,0.0046981429701255404
3017967,37.8417440730987
3017957,50.69398417643336
3017968,0.002291752716135525
3017956,50.693750697660825
3017971,36.53918894339301
3017972,0.03370482351037946
3017973,39.29713582861529
3017974,40.54528107134085
3017975,0.01756526333089696
3017976,0.020205380290707217
3017977,39.18603094764366
3017978,0.020615650715398084
3017979,43.36670961323643
3017980,0.004551181043615253
3017970,0.02862511102442373
3018038,0.02429636759586574
3017982,0.015910274600458046
3018039,43.13016221910286
3017997,35.581731023604405
3017986,0.009427289307677137
3017987,52.4412676431151
3017988,0.013827530695723891
3017989,52.28823819198373
3017990,52.28847216572398
3017991,46.15777300800914
3017992,44.65908240284556
3017993,0.01682379188158446
3017994,65.76388403527534
3017995,0.016959712060673003
3017985,55.98336691561002
3017996,0.012574047750634218
3018010,40.246283419306366
3017999,0.005457134524239999
3018000,38.67330166222327
3018001,0.0030483371448284976
3018002,0.0007192870251631735
3018003,0.026736699531019436
3018004,37.280311624448295
3018005,0.039090607965143465
3018006,0.024531290646128818
3018007,41.72018877983618
3018008,0.017993357003099213
3017998,35.638798894698155
3017984,38.89076249554522
3018011,39.61885059612521
3018037,39.64560652313196
3018025,46.849850976476574
3018014,0.005249880544097363
3018015,0.03544453722956381
3018016,0.0
3018017,39.95127760199065
3018018,59.720196280151136
3018019,0.0
3018020,55.63901290253967
3018021,0.0045640317140697145
3018022,55.678350011212686
3018023,55.678583467016125
3018013,28.876181992830425
3018024,48.48673471213331
3018012,43.98767812553217
3018027,72.1968930807485
3018028,0.007690315254752154
3018029,0.0034721691332079635
3018030,37.239325981965386
3018031,37.30431888662847
3018032,0.0
3018033,40.96955373038044
3018034,0.0
3018035,0.0
3018036,0.024459968049666436
3018026,0.007557677333304474
3018262,36.77089915230449
3017930,0.013336506571183515
3018191,0.016338586376560594
3018260,0.017726777832665592
3018043,42.58708780641057
3018044,0.011302718399796293
3018045,47.528639570804536
3018046,0.0
3018047,27.999618340571814
3018048,0.017834763382847073
3018049,0.006401776863555971
3018050,0.007063212437048249
3018051,54.17810779991471
3018052,0.00866146262153651
3018054,0.013057237328665046
3018066,37.88358081168513
3018055,50.93547471194305
3018056,50.93570819071559
3018057,45.21153273752955
3018058,43.81221976450709
3018059,0.01604978498635617
3018060,63.82840478172373
3018061,0.01618593608741766
3018062,0.01196477635135022
3018063,0.0050291999486461155
3018064,0.004783371767140912
3018053,50.90129914481267
3018095,0.0120887111716446
3018067,0.0016850279565717215
3018069,0.02532930758182634
3018070,36.61326368857123
3018071,0.039965985970229774
3018072,0.02441996917544016
3018073,40.69567741838675
3018074,0.017880512297114
3018075,0.02052224603291379
3018076,39.32169874854698
3018077,0.020932782815860997
3018078,44.04889955464268
3018079,0.004366524922778519
3018080,0.0051826428949140625
3018065,0.004088535534362658
3018082,0.0065640556312311325
3018083,0.007419711077078872
3018084,53.84823948326432
3018085,0.00831061757519509
3018086,50.63745179373845
3018087,0.013181779371278075
3018088,50.67138322024383
3018089,50.67161669901637
3018090,45.02705397776393
3018091,43.64720168284205
3018092,43.65870717087543
3018093,63.38531052818369
3018068,0.0
3018094,0.016311049962091505
3018042,0.01089564306091344
3018096,0.005831418397016811
3018109,39.16051443763389
3018121,50.80152261426382
3018098,0.0046981429701255404
3018099,37.74267447776179
3018100,0.002291752716135525
3018101,0.0018736238709974123
3018102,0.02862511102442373
3018103,36.528330407626406
3018105,39.271393297792535
3018106,40.51699509111624
3018107,0.018619798019488917
3018122,50.80175618297711
3018108,0.021265307337006198
3018110,0.021676479281949292
3018112,0.00559154845320216
3018113,28.21229407451388
3018120,0.014595903584776302
3018114,0.018341366201678894
3018115,0.007960920483178192
3018116,0.008818854925860473
3018117,54.00054904575388
3018118,0.00971179657467248
3018119,50.76746455911816
3018111,43.332472705277446
3018104,0.03370482351037946
3018081,0.01829637807356811
3018148,0.004276374882381025
3018097,34.953808329288826
3018136,36.590142985561705
3018125,0.017595582974326146
3018126,63.29634539096535
3018127,0.01773168698375107
3018128,0.013336506571183515
3018129,0.007153909147148731
3018130,35.070674920121725
3018131,0.006019771657871606
3018132,37.9016349055595
3018133,0.0036073042922668513
3018134,0.003186790215006129
3018124,43.728562632867245
3018135,36.51106577678012
3018123,45.117996493646054
3018138,39.362398640523544
3018139,40.61702230692892
3018140,0.018561021348832394
3018141,0.02120675790905788
3018142,39.25077635922334
3018143,0.021638817126675904
3018144,44.04335401111836
3018145,0.005584819182476922
3018146,28.28124131409099
3018147,0.01611333653825021
3018137,0.032675745449123716
3018149,0.005128199332818084
3018204,41.69825278109587
3018151,0.006015775887068766
3018152,51.353777553626145
3018153,50.465629316802406
3018154,51.38836701540985
3018155,51.388600494182384
3018156,45.527900840556896
3018157,44.095212127483165
3018158,0.01384765785751668
3018159,64.50662743797372
3018160,0.013983808958578167
3018161,0.009783464282053383
3018162,35.355406782810554
3018163,35.407812140171394
3018164,0.00241261963001953
3018165,38.45145858115534
3018166,1.704342810466251e-05
3018167,0.0
3018168,0.026240364577218185
3018169,37.05154474783637
3018170,0.030335138247937824
3018171,0.022364551429134693
3018172,41.30180992571097
3018173,0.015850631415804492
3018174,0.01848197904225217
3018175,40.35083826728477
3018176,39.71840819068565
3018205,43.184208947762244
3018206,0.016842239905432654
3018179,0.004126527751912983
3018180,0.014225438767743789
3018181,0.006685941201800303
3018182,39.56389278454805
3018183,58.35894600641665
3018184,0.008946653273014141
3018185,54.46541388663917
3018186,0.013344000492307878
3018187,54.295530207774014
3018188,54.29576414252923
3018189,47.5568477454345
3018190,45.909473592297296
3018177,44.83933916035557
3018192,69.47018015987891
3018193,0.016474445597773814
3018194,0.012251218515585463
3018195,36.406264848793064
3018196,36.46892029770664
3018197,0.004373198549679178
3018198,39.908629902635276
3018199,38.231409571730055
3018200,0.0
3018201,38.28301381185378
3018202,38.23431592824242
3018203,0.040215441064899805
3018178,0.0030317087053560337
3018040,44.197328750680406
3018207,0.019478326101139976
3018248,38.85508922481539
3018209,0.019887878318258605
3018210,44.966658804501115
3018211,29.15323826195498
3018212,29.021898711936668
3018213,0.014225438767743789
3018214,0.0038610861647667446
3018215,38.74314016385103
3018216,55.51923767816958
3018217,0.006110093839524103
3018218,52.04398139152198
3018219,0.010483212236377932
3018220,54.22680271448788
3018221,54.2270366492431
3018222,47.50883691932366
3018223,45.86652773048089
3018224,45.84513436834917
3018225,69.2612415612461
3018226,0.013600521036928916
3018227,0.009404454114984076
3018228,36.55039650925449
3018229,36.614018030250584
3018230,0.0015535002457412659
3018231,40.10762167814797
3018232,38.404539607130445
3018233,0.0
3018150,54.68752056541764
3018208,40.98212518384699
3018236,0.03721293159014547
3018237,41.94842253512419
3018238,43.45910366211771
3018239,0.014583461355701873
3018240,0.017207996357516242
3018241,41.752334496285954
3018242,0.017615628187486014
3018243,45.533004019344865
3018244,29.128151620643333
3018245,28.99800988556643
3018246,0.02193495677946149
3018247,0.012113979088619282
3018234,38.463778010157
3018249,55.906794718837666
3018250,0.014397267883232203
3018251,52.37443995299608
3018252,0.01886845960545846
3018253,54.59368875905976
3018254,54.593923269736685
3018255,47.76535290383092
3018256,46.096062361228384
3018257,46.0734659856958
3018258,69.87394128902393
3018259,0.022002462530484396
3018041,0.008274791439881678
3018235,38.40090852620384
3018707,0.004327349708005014
3017896,0.016195258626389562
3018567,0.02143991734728635
3018265,38.591742811014406
3018266,0.0050108772729878775
3018267,38.65924018486392
3018268,38.58103844831654
3018269,0.0459918638157192
3018270,42.199502102537174
3018271,43.735001679791054
3018272,0.022990052086555954
3018273,39.965568658245644
3018274,42.000195464714594
3018275,0.026072528547598183
3018277,29.1728777145826
3018289,44.82396668099157
3018278,29.040597841688314
3018279,0.02193495677946149
3018280,0.012113979088619282
3018281,38.2321071996689
3018282,53.75134961996071
3018283,0.014397267883232203
3018284,50.53648257079393
3018285,0.01886845960545846
3018286,52.55785921499238
3018287,52.5580937256693
3018276,45.84459042240296
3018318,0.01886845960545846
3018290,0.021866570549220334
3018292,0.022002462530484396
3018293,0.017726777832665592
3018294,35.8393290992039
3018295,35.8981841559666
3018296,0.009796534472203812
3018297,40.622600772447505
3018298,38.16802054386353
3018299,0.0050108772729878775
3018300,38.21683066948306
3018301,38.17331597517201
3018302,0.0459918638157192
3018303,41.63125716845514
3018288,46.34323280953161
3018305,0.022990052086555954
3018306,0.02565770825489759
3018307,41.43923278771264
3018308,0.026072528547598183
3018309,44.475548979531865
3018310,29.142533466764608
3018311,29.01170222515694
3018312,0.02193495677946149
3018313,0.012113979088619282
3018314,38.2321071996689
3018315,53.75134961996071
3018316,0.014397267883232203
3018291,66.4666956530376
3018317,50.53648257079393
3018319,51.798377784938666
3018373,40.66481887371159
3018332,0.0050108772729878775
3018321,45.81269806526891
3018322,44.349400221335806
3018323,0.021866570549220334
3018324,65.19555841548878
3018325,0.022002462530484396
3018326,0.017726777832665592
3018327,35.515923833395796
3018328,35.57261023476298
3018329,0.009796534472203812
3018330,40.12096235997192
3018320,51.79861229561559
3018331,37.75679713230347
3018345,0.0142240054661092
3018334,37.77762028883168
3018335,0.0459918638157192
3018336,41.07977401415827
3018337,42.504614945782265
3018338,0.022990052086555954
3018339,39.0068141187559
3018340,40.894816360100336
3018341,0.026072528547598183
3018342,43.815657850991826
3018343,29.04157821888558
3018333,37.7874712334479
3018304,43.11060058726176
3018346,0.003859665241591798
3018372,38.807334231408866
3018360,35.37932379093247
3018349,0.006108670641367801
3018350,50.235728754154266
3018351,0.010481918010405657
3018352,51.47666714665771
3018353,51.47690107837714
3018354,45.58773996845282
3018355,44.14809420124091
3018356,44.12946362055424
3018357,64.65847346288041
3018358,0.013599220144364566
3018348,53.39862618862639
3018359,0.00940315489723995
3018347,38.13022339922272
3018362,0.0015522055266941378
3018363,39.909042128711256
3018364,37.58308580088831
3018365,0.0
3018366,37.60609598504981
3018367,37.61047289041266
3018368,0.037211624900807545
3018369,40.84678966912914
3018370,42.24859933761004
3018371,0.014582154230954863
3018361,35.43509371128159
3018263,0.009796534472203812
3018374,0.017614321449228212
3018376,28.998971417967308
3018377,28.874996617857445
3018378,0.04568829526941043
3018379,0.003094329794583804
3018380,0.003944402052589765
3018381,59.565615316559935
3018382,0.004877176020346171
3018383,55.52388163072093
3018384,0.00971706534449647
3018385,55.56299939430117
3018386,55.56323285010461
3018387,48.44097180274133
3018388,46.819924782782834
3018389,0.012709878361349522
3018390,71.92200247849057
3018391,0.0128459601277202
3018392,0.008639949924265297
3018393,39.190931484246114
3018394,39.26764027788625
3018395,0.0012785980369728897
3018396,40.643607102203774
3018397,0.0
3018398,0.0
3018399,0.029237482901712738
3018400,39.05269485173844
3018401,0.029091759223438155
3018429,38.40123768436453
3018430,36.34860355152636
3018404,0.013086692622734304
3018264,40.32280085331909
3018406,40.6776076079586
3018407,0.016111479162927315
3018408,45.07894887147175
3018409,0.00036647445892997474
3018410,27.980893833174022
3018411,0.01661933110303738
3018412,0.009777673070793545
3018413,37.41585168956997
3018414,50.88509014438892
3018415,0.011599092394093893
3018402,42.228431578146
3018417,0.016018275972856374
3018418,49.191775518043194
3018419,49.192010001666226
3018420,43.994951323992886
3018421,42.724494056231656
3018422,0.019002703834025015
3018423,60.82615305866093
3018424,0.019138691311596664
3018425,0.014891410490891058
3018426,0.00792995522294912
3018427,34.88751035381469
3018428,0.006988412134419109
3018403,42.9343310198798
3018344,28.91556660885445
3018431,0.0022335031947478858
3018472,38.530289612008346
3018433,36.42305939135738
3018434,0.03483484227731664
3018435,39.134563644658215
3018436,40.42524645469345
3018437,0.020124602736177825
3018438,0.022777020604553604
3018439,38.54306704963353
3018440,0.02318930554679407
3018441,40.96322308739797
3018442,29.030503156432914
3018443,28.905427816161918
3018444,0.018535635059163204
3018445,0.010482056278288228
3018446,0.011148519943898469
3018447,49.69061034290746
3018448,0.012305805900404965
3018449,47.07538602850609
3018450,0.016731204718958927
3018451,48.10514088413584
3018452,48.10537531586248
3018453,43.235864665227716
3018454,42.04547884674627
3018455,0.019718866154619232
3018456,59.00756771363655
3018457,0.01985488073038714
3018375,43.536860792367726
3018432,0.02833399118247632
3018460,33.99369447906183
3018461,0.007690778872140711
3018462,37.68349960447656
3018463,0.0052710561613981115
3018464,0.0029280964723049645
3018465,0.022204427818907236
3018466,35.74803054929969
3018467,0.03577941013882337
3018468,38.21377768073251
3018469,39.354525693792574
3018470,0.014150833527091644
3018471,0.016772576423827314
3018458,0.015600653787774345
3018473,0.017179742716197797
3018474,41.13663142236085
3018475,0.00814395901441384
3018476,28.79825109847164
3018477,0.014754384951533622
3018478,0.003914359849679037
3018479,0.004572438908711585
3018480,49.37295517288317
3018481,0.006163568139104561
3018482,46.803024797920195
3018483,0.010537207863498214
3018484,47.81449163447507
3018459,0.00863253516256435
3018485,47.814725587867464
3018405,0.015704853652848003
3018487,41.85977525522586
3018596,0.0
3018500,0.03726928547208059
3018489,58.52931325863161
3018490,0.013654769932824103
3018491,0.00945825593861439
3018492,33.81989533574459
3018493,33.86521060140011
3018494,0.0016068402220325558
3018495,37.49018242677534
3018496,0.0
3018497,0.0
3018514,0.0
3018498,0.022750332418478923
3018501,38.187579478568686
3018513,49.99174140550297
3018502,39.326585105337806
3018503,0.014637776451596382
3018504,36.93280439702482
3018505,38.503607856480876
3018506,0.017670212856855976
3018507,40.917231602457065
3018508,0.0020686665813835618
3018509,28.755613511899135
3018510,0.008979832930313954
3018499,35.70246564497689
3018511,0.0
3018516,0.0009511903070493192
3018539,0.009125257197133745
3018597,39.72705451753072
3018528,37.20909796803983
3018517,47.376135772075415
3018518,47.376369940043176
3018519,42.72234295487472
3018520,41.58463333725997
3018521,0.003867000057637204
3018522,57.797084754315634
3018523,0.0040030427609176545
3018524,0.0
3018525,33.639920472941625
3018540,41.09793401245319
3018526,33.68153691276096
3018529,0.0
3018515,47.34444661407161
3018530,0.0
3018531,0.016365319957284602
3018532,35.515617237052254
3018533,0.02130622752441344
3018534,37.894023768985974
3018535,39.00436405494818
3018536,0.006142095373143683
3018537,0.008724583954681883
3018538,38.20209503881112
3018527,0.0
3018598,39.453326215244154
3018512,37.14997379214672
3018542,28.14077623853369
3018569,0.014937269635736532
3018568,37.02478696670024
3018545,0.005695840955788668
3018546,46.694627711411066
3018547,0.006842561927237178
3018548,44.52011978458665
3018549,0.011222684745259002
3018550,44.54844426510881
3018551,44.54867781417176
3018552,40.74992121474549
3018553,39.82128800170228
3018570,0.0175640388804074
3018554,0.014206867503113866
3018556,0.014342981801166636
3018557,0.010139484003321902
3018558,0.0032209049453804785
3018559,0.002975969436563044
3018560,0.0022807787391502135
3018561,35.61733098199703
3018562,0.0
3018563,0.0
3018564,0.023451748441482363
3018565,34.206492401417336
3018486,43.02954644968387
3018555,53.11191723600111
3018541,0.0
3018571,36.010292983682525
3018594,40.734342509718054
3018543,0.013040772120395564
3018583,55.28775979970121
3018572,0.0179720867543004
3018573,0.012709230497763513
3018574,0.0013700265144415535
3018575,0.0021813691300757564
3018576,0.03331974598055779
3018577,0.0
3018578,39.89369627449968
3018579,59.24259011638952
3018580,0.0
3018595,0.0
3018581,55.24813582721965
3018584,55.28799387416233
3018544,0.005036205640430814
3018585,48.248946632951395
3018586,46.64684053859104
3018587,0.0006481688274420519
3018588,71.35614405810963
3018589,0.0007842603561078
3018590,0.0
3018591,0.0
3018592,37.15745369030879
3018593,0.0
3018582,0.0
3018599,0.017012474530703734
3018566,0.029904402966809306
3018678,61.65126221099865
3018611,40.06643197470316
3018600,42.8537451071637
3018601,43.896865703422556
3018602,0.0019725710450606585
3018603,0.004533949687046015
3018604,42.32290062935108
3018605,0.004931115566322029
3018606,0.0003864930284281483
3018607,0.0
3018608,28.05754982860506
3018609,0.04006121074597102
3018610,0.003166408108262307
3018612,59.834562917878294
3018624,37.337229892754415
3018613,0.004949486699007041
3018614,55.75353212815745
3018615,0.009790060545249682
3018616,55.79286732948184
3018617,55.793100785285276
3018618,48.601543854743284
3018619,46.96472592261438
3018620,0.012783212563519894
3018621,72.3108154972894
3018625,37.40221993639455
3018627,41.06710907058756
3018651,48.601543854743284
3018650,55.793100785285276
3018679,0.008266804253673017
3018639,47.71407880006062
3018628,0.0
3018629,0.0
3018630,40.03704278716711
3018631,39.73638873754166
3018632,0.029167324874497306
3018633,43.215183134542485
3018634,44.28158291196964
3018635,0.013159962563647027
3018636,40.54822738981388
3018622,0.012919294329890573
3018637,42.67249591362266
3018640,0.00043879305383272857
3018626,0.0013506146505308245
3018641,28.094009739889415
3018642,0.0429066657070325
3018643,0.003166408108262307
3018644,40.06643197470316
3018645,59.834562917878294
3018646,0.004949486699007041
3018647,55.75353212815745
3018648,0.009790060545249682
3018649,55.79286732948184
3018638,0.01618518403148238
3018623,0.008712588894133719
3018653,0.012783212563519894
3018654,72.3108154972894
3018681,0.012658382460278082
3018655,0.012919294329890573
3018667,44.28158291196964
3018656,0.008712588894133719
3018657,37.337229892754415
3018658,37.40221993639455
3018659,0.0013506146505308245
3018660,41.06710907058756
3018661,0.0
3018662,0.0
3018664,39.73638873754166
3018683,57.089357453499076
3018665,0.029167324874497306
3018668,0.013159962563647027
3018680,57.28158910197519
3018669,0.015778497054113147
3018670,42.67249591362266
3018671,0.01618518403148238
3018672,47.71407880006062
3018673,0.00043879305383272857
3018674,28.094009739889415
3018675,0.04684338385150476
3018676,0.005962051396868098
3018652,46.96472592261438
3018666,43.215183134542485
3017818,0.006352288900745754
3018663,0.029313223641415916
3018677,40.58751936890937
3018706,28.817429091910704
3018695,0.0
3018684,49.50829895130181
3018685,47.78283031574273
3018686,0.015664936578273225
3018687,74.5005002138502
3018688,0.01580080157424032
3018689,0.011568919276856396
3018690,37.65934177216566
3018691,37.73039718445814
3018692,0.003697359010288526
3018693,41.51199139222735
3018488,41.84482690423778
3018696,40.39345143484544
3018694,0.0012961964593917298
3018704,41.85642257543599
3018703,42.59270110937154
3018702,0.01805821836190054
3018701,0.01542933222101757
3018705,46.68273270121428
3018699,0.021937236823860885
3018698,0.03850218622601305
3018697,40.078750722700896
3018682,57.08912352977312
3018700,44.83398755953622
3018718,0.0
3018710,39.76692440428529
3018711,59.09482810783147
3018712,0.0
3018713,55.0865935295649
3018714,0.0
3018715,55.12551523833148
3018709,0.0
3018716,55.12574009905233
3018717,48.09029965410604
3018719,0.0
3018725,0.0
3018733,43.68268258416938
3018722,0.0
3018723,36.97946068629787
3018724,37.0430030523257
3018726,40.644983877743385
3018727,0.0
3018728,0.0
3018729,0.0070168612490749
3018730,38.85356543618167
3018731,0.011704296446962045
3018720,71.18541613980048
3018721,0.0
3018816,46.399372637599186
3018737,0.0
3018736,0.0
3018732,0.0037222730978046918
3018738,46.34051514461174
3018739,0.0
3018740,27.59216985549911
3018741,0.05819618197138623
3018742,0.012258624422386006
3018743,0.012928017281796173
3018744,60.734381217091276
3018745,0.014313900462042955
3018746,56.47910307754563
3018747,0.01876173102409328
3018734,0.0
3018749,56.51924723139662
3018750,49.09740084162611
3018751,47.4081680153932
3018752,47.38348101572357
3018753,73.45993665586091
3018754,0.021871142489476126
3018755,0.017816697794830385
3018756,0.011580929506989253
3018757,0.011331680577667487
3018758,0.010855044497572658
3018759,41.48211098320389
3018760,0.008976727196488048
3018735,0.0
3018761,0.006816153923383738
3018787,0.02615188414843
3018763,0.04588132143430134
3018788,0.022059791862725806
3018765,0.02711299211241324
3018766,44.70169928063117
3018767,0.01966138796636922
3018768,0.02033033089468343
3018769,0.020742145556402008
3018770,0.020742145556402008
3018771,47.47269910473098
3018772,28.056058758966646
3018773,27.771817565040017
3018774,39.97488677970075
3018789,36.596636237939556
3018775,0.016903136613771096
3018777,58.701029493133134
3018778,0.018518248222760398
3018779,54.745235347093725
3018780,0.023000958809369414
3018781,54.5724682868307
3018782,54.57269013028897
3018783,47.73663055997647
3018784,46.1807242642001
3018785,46.19459691851479
3018786,70.27473781806647
3018848,52.65706211361237
3018776,39.72495851263776
3018762,0.029953534242022975
3018790,36.66083187087413
3018815,52.65706211361237
3018803,0.02439058791880696
3018792,40.09092130945993
3018793,0.013173183430177616
3018794,0.010990574502283183
3018795,0.03434259157574857
3018796,38.387049854487486
3018797,0.03867863804385106
3018798,0.030803811307218838
3018799,42.943914710345716
3018800,0.02330244585158308
3018801,0.02397587030412634
3018791,0.015066541192676584
3018802,0.02439058791880696
3018764,0.042473839771420885
3018805,28.495911241154865
3018806,28.18374586704224
3018807,0.03083794793023442
3018808,0.009747201909051527
3018809,0.010413503418424026
3018810,56.20843300254765
3018811,0.010978166984051527
3018812,52.620589747079315
3018813,0.015398518509567628
3018814,52.65684036713738
3018804,44.44624811951464
3018748,56.51902520691639
3018904,27.829488589432657
3018818,44.954331423893706
3018820,0.01849239627156251
3018821,0.014467519257789618
3018822,35.95093572349461
3018823,36.0107902309409
3018824,0.007530899694262959
3018825,39.20521417019422
3018826,0.005664441364882803
3018827,0.0035214614388355426
3018828,38.07403969897616
3018829,37.68176399954519
3018830,0.042002985090907934
3018831,0.02772933555123274
3018832,41.972813733938544
3018833,0.02026776729092536
3018834,0.020937608014201498
3018835,0.02137084597973081
3018836,0.02137084597973081
3018837,45.03744193469379
3018838,27.800555087986414
3018839,27.525286777284272
3018840,0.03083794793023442
3018841,0.009747201909051527
3018842,39.00252151244027
3018843,56.20843300254765
3018844,0.010978166984051527
3018872,27.525286777284272
3018873,0.017116671692730758
3018847,52.65684036713738
3018928,37.648341201273496
3018849,46.399372637599186
3018850,44.97510582241364
3018851,44.954331423893706
3018852,66.60359824816747
3018853,0.01849239627156251
3018854,0.014467519257789618
3018855,35.95093572349461
3018856,0.00800949673912982
3018857,0.007530899694262959
3018858,39.07523312923963
3018845,52.620589747079315
3018860,0.0035214614388355426
3018861,0.02648401561089494
3018862,0.045469160640375345
3018863,0.042002985090907934
3018864,0.02772933555123274
3018865,41.972813733938544
3018866,0.02026776729092536
3018867,0.020937608014201498
3018868,0.02137084597973081
3018869,0.02137084597973081
3018870,45.03744193469379
3018871,27.800555087986414
3018846,0.015398518509567628
3018817,44.97510582241364
3018874,0.0036292484891169044
3018915,46.820602802099565
3018877,0.005292010866935206
3018878,53.41082180587996
3018879,0.009664060113331973
3018880,53.44708988552438
3018881,53.44731100241085
3018882,46.95115144888302
3018883,45.47260816732784
3018884,45.48583937296387
3018885,68.0157043597497
3018886,0.012753161628119786
3018888,37.71133278028546
3018876,57.13538757490797
3018900,0.014551023440789235
3018890,0.0018868286211144048
3018891,39.56814072884928
3018892,4.132027954282353e-05
3018893,0.0
3018894,0.020597483219661226
3018895,0.03947184933475166
3018896,0.0360004746325807
3018897,41.46826889961423
3018898,42.58107083128298
3018899,0.013889370905589116
3018819,66.60359824816747
3018889,37.78298996107159
3018929,0.04364758856990753
3018887,0.007208606240383968
3018901,0.014978854253226587
3018905,27.552259405126694
3018906,0.029905075309300953
3018907,0.010917128911946294
3018908,0.011584923271371918
3018909,56.91580029945081
3018910,0.012514360727718674
3018911,53.22363840363185
3018912,0.016947718403507308
3018913,53.25983033463639
3018914,53.2600521124023
3018916,45.35496654874263
3018875,39.267272854802485
3018902,0.014978854253226587
3018918,67.96112193738497
3018919,0.020033486317403877
3018920,0.016009909218354178
3018921,36.21056926775132
3018922,36.27216423082505
3018923,0.0090615835709011
3018924,39.42730635382781
3018925,0.007189488573665075
3018926,0.005037797131801084
3018927,0.023877956801248903
3018903,46.202920564010775
3018917,45.33358088151797
3018930,0.02825172946205304
3019122,40.46956677713439
3019082,0.0
3018933,0.021453721503439858
3018934,41.610785452217485
3018935,0.02186656462328981
3018936,45.53911084187166
3018937,27.88580201815472
3018938,27.61231409819202
3018939,0.020860199164664382
3018940,0.006846400040610855
3018941,0.007508836181071626
3018942,58.884009091188744
3018944,54.90160583499813
3018956,0.005462533769878344
3018945,0.01328188994303372
3018946,54.9386243577147
3018947,54.93884575181709
3018948,47.99316704087959
3018949,46.295250056321485
3018950,46.3092207185887
3018951,70.57803256273813
3018952,0.01637256093989444
3018953,0.01238277730919098
3018954,0.0061891079206043195
3018955,0.005942470885443063
3018932,0.020783254931393578
3018943,0.008880189835915028
3019039,0.012542914931402792
3018957,40.05582527682581
3018961,37.83049498403154
3018962,0.036770637784730525
3018963,0.02094708160004
3018964,42.286066807154015
3018965,0.013581948948980615
3018966,0.014243083668829247
3018967,0.014649752519085641
3018968,0.014649752519085641
3018969,0.011473214304582978
3018970,0.0
3018972,0.020341646466210644
3018984,70.828058756691
3018958,0.0036042279117569124
3018974,39.78017172854544
3018975,59.12694980534811
3018976,0.005987574896466402
3018977,55.10872076858567
3018978,0.010364293392009389
3018979,55.14665734802967
3018980,55.1468793725099
3018981,48.13873880854506
3018982,46.42554968348402
3018983,46.40244292215667
3018959,0.0014748788615614847
3018973,0.003965419947191791
3018985,0.013419825052483002
3018986,0.009456763591503681
3019026,0.027027996334881683
3018988,37.00810667142894
3018989,0.0025588872641556233
3018990,40.41856003410721
3018991,0.0007114281724276794
3018992,0.0
3018993,38.85796121642086
3018994,0.03711379111222645
3018995,0.033698847692878175
3018996,0.01858621240116675
3018997,43.55291082848273
3018998,0.011254401483927796
3019011,0.02006955112250159
3018999,0.01191252989450557
3019001,0.012317209693980022
3019002,46.14076512951125
3019003,27.939078206293306
3019004,27.662231206969643
3019005,0.0328970015465448
3019006,0.013224909582446879
3019007,39.401264359095606
3019008,57.62959476829338
3019009,0.015621276620415637
3019010,53.84469132159066
3018859,0.005664441364882803
3019000,42.08490990136723
3018960,0.02015155168283862
3019012,56.21661988673864
3019014,48.911687644775206
3019015,47.12589338665753
3019016,47.10179638112586
3019017,72.56179583612922
3019018,0.02316557046280897
3019019,0.019127825199970087
3019020,37.43410434610663
3019021,37.50341644174872
3019022,0.012158171799692787
3019023,41.06059238812698
3019024,0.010279786288697645
3019025,0.008120976453114714
3019013,56.216842445190245
3019027,38.981373974497416
3019028,0.04378415465275913
3019029,0.028422144365860803
3019030,44.34396211220316
3019031,0.020969888182052424
3019032,0.021638875813850215
3019033,42.813748054036616
3019034,0.02205065631477478
3019035,46.352501260046324
3019036,28.57220584739671
3019037,28.19909035233739
3019038,0.02920208914114808
3018987,36.94161268339183
3018971,0.0
3019040,39.18600129835946
3019041,57.03813919456425
3019043,53.32792998755783
3019044,0.018224864594043145
3019045,53.36421493989128
3019046,53.364436686366275
3019047,46.89350754055329
3019048,45.31164509090729
3019049,45.29032900537564
3019050,67.49626411120458
3019051,0.02131650345656865
3019052,0.01712013549787379
3019053,36.18098199577244
3019054,0.01080005116574029
3019055,0.010323164960442997
3019056,39.38719621059949
3019057,0.008446323315678454
3019058,0.00628708715409128
3019059,0.02517766619928815
3019060,0.04664108853949758
3019061,0.04218406400173557
3019062,0.028871414561838553
3019063,42.317832120779364
3019064,0.021393801476215696
3019065,0.022065093200063085
3019066,0.022499282977263654
3019067,0.022499282977263654
3019095,0.0024461808404243664
3019096,43.679342057532814
3019070,27.573854549195893
3019071,0.028189447135396773
3019072,0.0
3019073,39.763437811497646
3019074,59.09133838204421
3019075,0.0
3019076,55.08310575946634
3019077,0.0
3019078,55.12181481510663
3019079,55.12203683958686
3019080,48.08659639464057
3019081,0.0
3019068,45.528563226808046
3019083,71.1817198844037
3019084,0.0
3019085,0.0
3019086,36.97613238360841
3019087,37.03967474963624
3019088,0.0
3019089,40.641652960766244
3019090,0.0
3019091,0.0
3019092,39.44852049158409
3019093,38.85023359271909
3019094,0.01042815322149555
3019069,27.842592813435022
3019151,0.012833438935951402
3019097,0.0
3019138,0.007294569911987538
3019099,0.0
3019100,0.0
3019101,46.337612700932524
3019102,0.0
3019103,27.589919393096153
3019104,0.0222635738693677
3019105,0.007211439887106732
3019106,40.034618343182366
3019107,59.99177510096045
3019108,0.009245662487156768
3019109,55.84679104403237
3019110,0.013648351044187098
3019111,55.664296505742
3019112,55.66451834920027
3019113,48.501705162554764
3019114,46.7507076192198
3019115,46.765083813573554
3019116,71.79191369915267
3019117,0.01674050541868596
3019118,0.01274964907856439
3019119,0.006554182215280707
3019120,37.047157269631164
3019121,0.005827504206569226
3019042,0.013780586460262598
3019123,0.003968873134571233
3018931,42.388678030570055
3019098,0.0
3019126,38.471127919379796
3019127,0.037143789442308846
3019128,0.021316965485160412
3019129,43.59571457822589
3019130,0.013950240402814238
3019131,0.01461151016443619
3019132,41.200882256964235
3019133,0.01501821002307195
3019134,45.23556161256044
3019135,28.472504415661703
3019136,28.155690437583623
3019137,0.022348557567456975
3019124,0.0018405919777444196
3019139,40.118385974251126
3019140,60.28068571436184
3019141,0.00932911307205895
3019142,56.093118187188956
3019143,0.013732487611688488
3019144,55.908583271374034
3019145,55.90880512158602
3019146,48.67235492627352
3019147,46.90335487286776
3019148,46.9178684283042
3019149,72.20178504309828
3019150,0.016825031699288586
3019125,38.90516511377824
3019152,39.264270128501174
3019305,56.257997368018906
3019154,0.005910666052991503
3019165,0.015102547871285382
3019375,52.64426797074806
3019155,40.60832957510793
3019156,0.0040517383655271615
3019157,0.0019230158277029276
3019158,0.02060819352717852
3019159,38.28610970607676
3019160,0.03723160431298314
3019161,0.021402289876875983
3019162,42.94890062442201
3019163,0.014034404068096654
3019164,0.014695778137846963
3019166,0.015102547871285382
3019178,52.80700516698116
3019167,44.20608414559948
3019168,0.0
3019169,27.965144946147912
3019170,0.01953127009028149
3019171,0.004069093235484543
3019172,0.0047277980278113245
3019173,56.384297685138584
3019174,0.0060913462510810805
3019175,52.771725491195156
3019262,0.02322026882216144
3019179,46.50637269017452
3019181,44.978911129032056
3019205,0.006387843343659797
3019193,0.036804392394793044
3019182,66.99576910786392
3019183,0.013545649411283348
3019184,0.00958253695352148
3019185,35.969412534086956
3019186,0.0031657156439415354
3019187,0.002683812115044203
3019188,39.097761418265726
3019189,0.0008362609133115858
3019190,0.0
3019191,0.01727142329686221
3019176,0.010468273840472204
3019192,37.36902050443068
3019180,44.96614003178829
3019195,42.405963432287976
3019196,0.01361905432739837
3019197,0.014280092189699244
3019198,0.014686695118838893
3019199,0.014686695118838893
3019200,46.06197562269143
3019201,27.92818327291189
3019202,0.0
3019203,0.021201276995675717
3019204,0.005533368458112398
3019194,0.0209831359749906
3019177,52.80678373966749
3019206,57.897340090297426
3019207,0.0070489020618360815
3019235,0.0
3019234,0.0
3019211,54.11872039174663
3019212,47.42256961202251
3019213,0.014572828936714324
3019214,0.014934312160108742
3019215,69.19684448948091
3019216,0.01499654964671826
3019217,0.011019469637103579
3019218,0.00551593584911309
3019219,37.157571316101034
3019236,0.02084971905647646
3019220,0.004596554610741736
3019222,0.0027414382351825858
3019223,0.0003521627359736253
3019224,0.019632348090847487
3019225,37.95897436202445
3019226,0.020603556541069407
3019227,0.019769778940999343
3019228,43.31334915341448
3019229,0.012421208176215151
3019230,0.013778909783263663
3019231,0.014185211758575149
3019232,0.014185211758575149
3019221,39.87085706579049
3019263,0.024606931767312767
3019237,0.007421270401531606
3019260,0.03072478911141603
3019208,54.08225723473233
3019249,0.024407980444162265
3019238,38.976129342265764
3019239,55.39330680452633
3019240,0.008856601032277658
3019241,52.23689983295396
3019242,0.02128000077310441
3019243,52.27149646619431
3019244,52.271718025656014
3019245,46.1266279225066
3019246,0.023984128720667894
3019261,41.601340696191755
3019247,0.02434623485738856
3019250,0.02034476370183598
3019209,0.011912563215223056
3019251,35.63147897543259
3019252,35.68596048178025
3019253,0.013860161211520946
3019254,38.64094150994157
3019255,0.011970392266255618
3019256,0.009523377752341224
3019257,0.029366528116317715
3019258,36.871173046191636
3019259,0.038729491752040116
3019248,66.1107323620113
3019210,54.11849921342273
3019265,0.025022509172815174
3019345,0.040714440358349015
3019277,53.574100217987386
3019319,0.007535156472424085
3019267,0.007858789254490139
3019268,27.669345714391238
3019269,0.015284195396591883
3019270,0.003329688027479504
3019271,0.0041824746552759084
3019272,57.27705972215508
3019273,0.003646714417263211
3019274,53.53803230690587
3019275,0.008489456694649483
3019291,37.169307548486124
3019276,53.57387891465038
3019290,0.016306061321457697
3019279,0.011139658126832487
3019280,0.01150134566565154
3019281,68.35199535242711
3019282,0.011562665439944275
3019283,0.007603279092162968
3019284,0.00211968365936315
3019285,38.214174674084916
3019286,0.00120333122853488
3019287,39.3644012248886
3019288,0.0
3019278,47.01144572274813
3019289,0.0
3019266,45.172739042493355
3019292,0.025473492703022304
3019597,0.0
3019295,0.009382439426456824
3019296,37.75847097030949
3019297,0.011139703635719709
3019298,0.011139703635719709
3019299,0.010222602870073955
3019300,0.0
3019294,42.14324136368107
3019301,27.548848107877284
3019302,0.024206105249910837
3019303,0.008468361595624748
3019293,0.016703735278169127
3019304,0.009327658782189354
3019306,0.009992474854284939
3019307,52.683404382080404
3019308,0.014883513409705612
3019309,52.71837589874291
3019310,52.718597207392904
3019312,0.017557339595310514
3019313,0.01791903581740963
3019314,66.76014422224497
3019315,0.017981157837540406
3019316,0.013977629247650492
3019317,35.921153358171054
3019311,46.444567475642415
3019233,45.62516763802397
3019318,0.008014047932669072
3019320,39.027788875837736
3019333,0.002281646530870775
3019322,0.003262294907481213
3019323,0.022674091094175296
3019324,37.27009248664216
3019325,0.031916099068310375
3019326,0.024643408102505576
3019327,42.22767130697992
3019328,0.017227815603309424
3019329,0.018597958748632223
3019330,41.10564339687183
3019331,0.019008230108374456
3019321,0.005669343410214897
3019332,45.87460027537576
3019346,0.04107652705803936
3019335,0.02133815504206174
3019336,0.007900261799481955
3019337,0.024519612085332772
3019338,56.14376706460657
3019339,0.02511561167822577
3019340,52.88666163018597
3019341,0.0379338337394893
3019342,52.92185250124768
3019343,52.92207404881658
3019344,46.58092757970037
3019334,0.0
3019373,52.60936489766005
3019347,67.20194530582127
3019264,0.025022509172815174
3019361,0.039927836915741616
3019350,35.906418823394375
3019351,35.962637924346524
3019352,0.03032889874615469
3019353,39.013646315783376
3019354,0.028377848047839705
3019355,0.02582632920418424
3019356,0.04642497727490325
3019357,37.184557386667976
3019358,0.05593043677604343
3019359,0.04767047745953182
3019349,0.036924162906497665
3019360,42.08146726699987
3019348,0.04113828318161634
3019363,0.041788524939567494
3019364,0.041788524939567494
3019365,45.770666903626534
3019366,0.02427680762631589
3019367,27.723113365200927
3019368,0.02235023168303259
3019369,0.006656183904457751
3019370,0.007512443202590714
3019371,56.17123014829668
3019372,0.008174889988476017
3019362,0.04135873954583233
3019374,0.013048685771163065
3019485,38.390408081035055
3019376,52.64448928247194
3019389,0.02079514467225748
3019378,44.86453437219362
3019379,44.844737897849974
3019380,66.63611335755446
3019381,0.016137904553921906
3019382,0.012151005010841114
3019383,35.889495941569784
3019384,35.94550523417232
3019385,0.00572072776229944
3019386,38.984874290446676
3019387,0.0038616737368001035
3019153,39.34630423952412
3019388,0.0014661469245843483
3019402,0.0053129904404766
3019391,0.030022130141615647
3019392,0.022775324299716723
3019393,42.171914576199555
3019394,0.015386000125050203
3019395,0.016751265002727167
3019396,41.053881606722825
3019397,0.01715996201489606
3019398,45.80542639792458
3019399,0.000470646768075608
3019400,27.597153813077192
3019390,37.23375539783343
3019401,0.02097466451503523
3019403,0.006166998731946717
3019429,41.01554199185466
3019417,35.92190751688717
3019406,52.55452671711806
3019407,0.01168871732496794
3019408,52.58937829179298
3019409,52.58959960351686
3019410,46.354458803040785
3019411,44.83023642907838
3019412,44.81049526784509
3019413,66.54422874451735
3019414,0.014771686001928535
3019415,0.010797108787832481
3019405,0.006827691371762731
3019416,35.86604604380367
3019404,56.106963943462695
3019419,38.95308641813222
3019420,0.00252181533895865
3019421,0.00013481641472800504
3019422,0.019402485872370777
3019423,37.20683984760149
3019424,0.028618351350188035
3019425,0.021390712126874697
3019426,42.13061570992758
3019427,0.014020840486824171
3019428,0.015382492764234201
3019418,0.0043758686278935885
3019486,0.0015729773806823781
3019430,0.015790031211120274
3019432,0.0
3019457,0.022333880660283172
3019434,0.039643896841435086
3019435,0.0
3019436,39.93301997217921
3019437,59.67100661563875
3019438,0.0008375804753554024
3019439,55.57773109077138
3019440,0.005692923617617709
3019441,55.61617821761393
3019442,55.61639961171632
3019443,48.43168243337159
3019458,0.013546503779715571
3019444,0.008364486534170844
3019446,72.11811413112467
3019447,0.008784864742910578
3019448,0.004790047777052838
3019449,0.0
3019450,37.28018289042293
3019451,0.0
3019452,40.96911996282322
3019453,0.0
3019454,0.0
3019455,39.74989077043851
3019456,39.12474686620531
3019445,0.008726322415567579
3019431,45.754189291601335
3019459,44.05571512299609
3019484,0.0034234883842047662
3019472,51.968484312943254
3019461,40.28560213166308
3019462,0.007971444226375328
3019463,0.007971444226375328
3019464,47.34319637338686
3019465,0.0
3019466,27.6259996000956
3019467,0.016839202059583742
3019468,0.005254725968886081
3019469,0.0059150270810780625
3019470,55.44212515256914
3019460,0.006210583923854148
3019471,0.006833932629996517
3019433,27.59303584737895
3019474,52.002798015303725
3019475,52.0030193270276
3019476,45.94470500360231
3019477,44.463708871705336
3019478,44.47602833364099
3019479,65.64689369202712
3019480,0.014298429779024806
3019481,0.010328118953643066
3019482,35.44776258127926
3019483,0.003904905595713285
3019473,0.011217620839114744
3018708,0.026021800253813315
3019487,0.0
3019568,0.004951130047509138
3019500,0.02296860366013862
3019489,0.039341374834785274
3019490,0.0348912447491882
3019491,0.02007556544222809
3019492,41.39004468789389
3019493,0.012724179623961107
3019494,0.013384071028172628
3019495,39.82499881711101
3019496,0.013789916330618051
3019497,44.77510146201149
3019498,0.0
3019542,45.957201951844496
3019499,27.645837814046125
3019513,0.021791091977381775
3019502,0.013561020578726114
3019503,55.17246903209815
3019504,0.014230514419744909
3019505,51.73823175456621
3019506,0.018675851227211417
3019507,53.89120211825923
3019508,53.89142394108957
3019509,47.263108015491426
3019510,45.642770529224336
3019511,45.62172143974069
3019501,0.012891080445994145
3019512,68.72464125955696
3019514,0.017754618887305038
3019540,52.020688945479506
3019528,0.021905842338659266
3019517,0.01079425959604777
3019518,39.6941308794566
3019519,0.008917117938734764
3019520,0.006759800302450601
3019521,0.02566197705044756
3019522,37.84026588790229
3019523,0.03548222644000855
3019524,0.028287423834335364
3019525,43.15098340142761
3019526,0.0208232921225999
3019516,36.471498040494055
3019527,0.021493354500648796
3019515,36.408607987698645
3019530,46.18678534170109
3019531,0.005963732314499327
3019532,28.249496016748964
3019533,0.014555077565984802
3019534,0.005963990508068267
3019535,0.0066252085073349575
3019536,55.463090728741015
3019537,0.007285920239263752
3019538,51.98635807698134
3019539,0.011673469711776335
3019529,0.021905842338659266
3019488,0.01803795673952776
3019541,52.02091025720338
3019377,46.392802232606215
3019556,0.03536780623590924
3019545,65.67694206238845
3019546,0.014756371333511558
3019547,0.010781930092511398
3019548,0.004600814969175485
3019549,0.004354979337089684
3019550,0.003873840125369689
3019551,38.40057043455068
3019552,0.002021652741212993
3019553,0.0
3019554,0.01850397937999445
3019544,44.48721684072107
3019555,36.744653034247
3019569,55.56488098898476
3019558,41.40323877206137
3019559,0.013181031531035559
3019560,0.013841513393759386
3019561,0.0142477442637507
3019562,0.0142477442637507
3019563,44.79141692221657
3019564,0.0
3019565,27.646228224469404
3019566,0.01645277626250968
3019567,0.004292117063578554
3019557,0.02053893008806683
3019543,44.474886888367934
3019570,0.006023430902850357
3019596,44.998407829897516
3019584,38.46650382041958
3019573,52.10756749208137
3019574,52.10778888330331
3019575,46.01792224511971
3019576,44.52921279535165
3019577,44.54159080787053
3019578,65.82263387010823
3019579,0.01347696995787445
3019580,0.009514346374181597
3019581,35.491696534540395
3019582,0.003825831375440187
3019572,0.01039990784343646
3019583,0.00334434419987929
3019571,52.07315079997086
3019586,0.0
3019587,0.017580504010887413
3019588,0.04064088969921285
3019589,0.03717031670582362
3019590,0.021339200053212045
3019591,41.570648725872694
3019592,0.013970550726356881
3019593,0.014632000233235734
3019594,39.98654269226912
3019595,0.015038863980910555
3019585,0.0014942703658525204
3019598,27.950892100431062
3019599,0.014231001229798687
3020198,48.403019395805025
3019611,66.520647750689
3020043,36.76336089380485
3019601,38.9398413177388
3019602,56.26564172514631
3019603,0.006500199772804842
3019604,52.66510849742691
3019605,0.01088339408580144
3019606,52.50867257653698
3019607,52.50889431971428
3019608,46.286974306286545
3019609,44.765983934582444
3019610,44.778609661701594
3019612,0.01396450393561831
3019624,41.75949765380319
3019613,0.009993706354047376
3019614,35.643747674405766
3019615,35.701707230985356
3019616,0.003091994770913465
3019617,38.66740558207195
3019618,0.0012417979703326224
3019619,0.0
3019620,0.01771157215968812
3019621,36.96584081708403
3019707,45.230342426826276
3019625,0.012392449519795252
3019627,0.013457980258264838
3019651,0.0014646729557174294
3019639,51.08038933674697
3019628,0.013457980258264838
3019629,0.009586544752006373
3019630,0.0
3019631,28.388613012439034
3019632,0.016422971221793568
3019633,0.004262579882308376
3019634,0.004921590647073228
3019635,54.36104986329461
3019636,0.005993892940272736
3019637,51.0469186824822
3019622,0.034556605006448055
3019638,0.010370352689228085
3019626,0.013052254311007334
3019641,45.30050505765053
3019642,43.887519255953755
3019643,43.8993208727356
3019644,64.09893982732912
3019645,0.013447252079932958
3019646,0.0094846792148929
3019647,35.06160673107042
3019648,0.003796257728068984
3019649,0.0033147588104845056
3019650,37.88230697809045
3019640,51.080610648470845
3019623,0.01974292394558931
3019652,0.0
3019653,0.017550385457042263
3019680,35.416731155364154
3019679,0.00865972331550076
3019656,0.021309265912202235
3019657,40.76683755262084
3019658,0.013940629205885647
3019659,0.014602080575409649
3019660,0.015008954989300022
3019661,0.015008954989300022
3019662,0.011135864801573471
3019663,0.0
3019664,0.0
3019681,35.46993664547646
3019665,0.016055930269983306
3019667,38.55481632279063
3019668,54.921295230370404
3019669,0.004699891153488144
3019670,51.53774609606678
3019671,0.00954472140712079
3019672,51.57169740218702
3019673,51.5719187139109
3019674,45.633219945295174
3019675,44.18146442161353
3019676,44.162712220646355
3019677,64.86409398547335
3019666,0.0034478697543723082
3019708,0.016031576009965198
3019682,0.0022527452040163646
3019705,50.9885181322046
3019654,36.32953556184814
3019694,0.01663914313252166
3019683,38.35445068449979
3019684,0.000745585592569396
3019685,0.0
3019686,0.01757728264957043
3019687,36.73388549900837
3019688,0.030467899294467114
3019689,0.02225341763257517
3019690,41.44859535236924
3019691,0.014865527694673556
3019706,50.98873952918223
3019692,0.016230526214094182
3019695,44.91510560153677
3019655,0.03714038298607194
3019696,0.0
3019697,27.815000802708845
3019698,0.017824684400836895
3019699,0.007224235349885978
3019700,38.6286857897169
3019701,54.23593322432438
3019702,0.008485038197252324
3019703,50.95510810640498
3019704,0.0133636980876102
3019693,0.01663914313252166
3019709,0.016393416590529186
3019710,63.646956111782664
3019791,0.016177395430402686
3019723,40.70457341600752
3019711,0.01645530613514697
3019713,0.006876133571666622
3019714,35.13884946494651
3019715,0.005956848936924126
3019716,38.029267545383846
3019717,0.004096183508475444
3019718,0.0016982138096573991
3019719,0.021043744056575133
3019720,36.242806598486546
3019721,0.02981909943821487
3019765,0.006934489972653686
3019722,0.0230124984936034
3019736,50.76870121996815
3019725,0.016981864343764485
3019726,0.017411873262447815
3019727,0.017411873262447815
3019728,44.05614313936946
3019729,0.0007968107843229479
3019730,0.0
3019731,0.01667785910340835
3019732,0.003976544327078531
3019733,0.004829019661590831
3019734,54.020050113182904
3019724,0.015615090723516646
3019735,0.005229869577798829
3019737,0.010079725248044099
3019763,27.830821544362287
3019751,0.0
3019740,45.095513570173104
3019741,0.012733421420014459
3019742,0.01309512266593042
3019743,63.655298437987994
3019744,0.013156970415391189
3019745,0.009192335520052457
3019746,34.94057015225136
3019747,34.99076536938393
3019748,0.0027818048786071906
3019749,37.91953037352567
3019739,50.802170026166756
3019750,0.0009321206567004175
3019738,50.80194871444288
3019753,36.178982468612865
3019754,0.030664702655644558
3019755,0.021822060680980818
3019756,40.61936790485947
3019757,0.014440230859072227
3019758,37.52096874256699
3019759,0.01621235524947837
3019760,0.01621235524947837
3019761,43.36135270236685
3019762,0.0
3019752,0.017771170971089326
3019678,0.01261950881419347
3019764,0.01600516831522047
3019821,0.013990355354970965
3019779,35.644384892787414
3019768,0.008259540775815434
3019769,52.64163974996277
3019770,0.012657454158281494
3019771,52.485404564539714
3019772,52.485626393766026
3019773,46.270754033536534
3019774,44.75148695132218
3019775,44.76409973447181
3019776,66.14560379535114
3019777,0.015746712954118815
3019767,56.238093218439474
3019778,0.011600741509188712
3019792,40.212229931133564
3019781,0.0054520272789955046
3019782,38.80239556400629
3019783,0.0035932093542090857
3019784,0.0014645868252043995
3019785,37.2470141424956
3019786,36.96653907807452
3019787,0.03671419817122698
3019788,0.02290825755973219
3019789,41.82655873382471
3019790,0.0155136064412164
3019780,35.70234731038995
3019766,38.93191885633527
3019793,0.016606606755497744
3019819,39.13236290929613
3019807,0.008455890256933905
3019796,28.471779163118036
3019797,0.037849782132534635
3019798,0.0
3019799,0.0002676820500327969
3019800,59.66959517765047
3019801,0.0009277101488363899
3019802,55.57652183173818
3019803,0.005783906382577044
3019804,55.61496705123209
3019805,55.61518844533448
3019795,28.67284857110651
3019806,48.430837477927255
3019794,43.97451867643987
3019809,72.11609615627115
3019810,0.00887626846567364
3019811,0.004880622622724492
3019812,37.21460729075252
3019813,37.27965646220027
3019814,0.0
3019815,40.9684037534116
3019816,0.0
3019817,0.0
3019818,0.018091127451202924
3019808,0.00881772613833064
3020044,36.84276000269157
3019820,0.022785244283425415
3019822,44.06672815400195
3019835,51.0469186824822
3020042,0.01828344200642202
3019825,0.008410597279241787
3019826,0.008410597279241787
3019827,47.243848305149555
3019828,0.0
3019829,27.62688294093117
3019830,0.016422971221793568
3019831,0.004262579882308376
3019832,38.67135404058422
3019833,54.36104986329461
3019834,0.005993892940272736
3019836,0.010370352689228085
3019848,38.00711338220422
3019837,51.08038933674697
3019838,51.080610648470845
3019839,45.30050505765053
3019840,43.887519255953755
3019841,43.8993208727356
3019842,64.09893982732912
3019843,0.013447252079932958
3019844,0.0094846792148929
3019845,0.003313643575935519
3019877,0.009493459724126374
3019849,0.0014646729557174294
3019851,0.017550385457042263
3019875,63.83986084783693
3019863,0.016993586975325024
3019852,36.32953556184814
3019853,0.038134536306861276
3019854,0.023341374517110224
3019855,40.82214970929809
3019856,0.0159441806666882
3019857,0.016608208074453592
3019858,0.017016785877332935
3019859,0.017016785877332935
3019860,44.07277081938822
3019861,0.0012595186890344476
3019846,35.1271108051671
3019862,27.855509430600385
3019850,0.0
3019865,0.0051627612843827796
3019866,54.159332486585626
3019867,0.005530510599305081
3019868,50.892658047106224
3019869,0.010379172314009694
3019870,50.92598565022353
3019871,50.92620696194741
3019872,45.192647353487935
3019873,0.013032285478048345
3019874,0.013393986723964305
3019864,0.004310441015079153
3019847,0.0033147588104845056
3019876,0.013456109888940125
3019824,0.008004707014657771
3019904,51.106491604377545
3019891,0.017940819921479473
3019903,51.10627020739991
3019880,0.0038099053048432836
3019881,37.928803369386834
3019882,0.0019579777596849053
3019883,0.0
3019884,0.018440701898697422
3019885,36.258406716633296
3019887,0.02356447842779481
3019888,40.71315045697875
3019930,0.0029447879260165186
3019889,0.016164153470876932
3019886,0.03134365246773088
3019892,0.017940819921479473
3019894,0.001286768256245122
3019895,0.0
3019902,0.0133636980876102
3019896,0.017824684400836895
3019897,0.007224235349885978
3019898,0.008081785046974292
3019899,54.37380210554996
3019900,0.008485038197252324
3019901,51.07275337007685
3019890,0.017531459807637453
3019931,0.0037955356571529072
3019906,0.016031576009965198
3019929,0.015543732656267177
3019878,35.007623519553086
3019918,36.299487277807835
3019907,0.016393416590529186
3019908,63.842608119839305
3019909,0.01645530613514697
3019910,0.012303606949310856
3019911,0.006876133571666622
3019912,35.1889383473928
3019913,0.005956848936924126
3019914,38.09751247946588
3019915,0.004096183508475444
3019879,35.06963380779161
3019916,0.0016982138096573991
3019919,0.02981909943821487
3019905,45.31259874396495
3019920,0.0230124984936034
3019921,40.79181649614668
3019922,0.015615090723516646
3019923,0.016981864343764485
3019924,39.30555287687669
3019925,0.017411873262447815
3019926,0.01654889141459444
3019927,0.0007968107843229479
3019928,27.906825490485243
3019917,0.021043744056575133
3019986,0.02239276859353232
3019933,0.0041955674064791055
3020014,38.5109586950567
3019945,35.51365116879189
3019934,51.63933529894764
3019935,0.009035616715674962
3019936,51.67338006515089
3019937,51.673601376874764
3019938,45.70424960838111
3019939,44.24500106559547
3019940,44.22614586780212
3019941,65.03426381579561
3019942,0.012108065571762782
3019943,0.008152891051136995
3019988,0.015011079091760825
3019944,35.46017102047646
3019958,0.014071886331691295
3019947,38.63766334624295
3019948,0.0
3019949,0.0
3019950,0.016701964226656877
3019951,36.7452571115572
3019952,0.02686811588880553
3019953,0.01965864676892294
3019954,41.466076202588965
3019955,0.012307220903785247
3019956,0.013665445914120692
3019946,0.0017492959689048896
3019957,0.014071886331691295
3019959,44.936794062840484
3019985,0.03848881759614249
3019973,0.016641790442858972
3019962,0.01577107559821524
3019963,0.007467576849823183
3019964,39.613505384352614
3019965,58.52258552338351
3019966,0.009209154883352779
3019967,54.59434874359227
3019968,0.013611446961190087
3019969,54.422230888893985
3019970,54.42245274218738
3019971,47.63421517047107
3019961,27.817080647183637
3019972,0.016279204081744093
3019960,0.0
3019975,0.01670340916105899
3019976,0.012712986948522582
3019977,36.460390394094816
3019978,36.53731948650204
3019979,0.006523741300565908
3019980,40.03321355237936
3019981,38.33572485411432
3019982,0.0021694622651424523
3019983,38.265139094718194
3019984,37.882775608843
3019974,69.70764527812337
3019712,0.012303606949310856
3019987,43.219981358509656
3019932,55.04034620998466
3020002,54.35299794822016
3019991,0.01608129281179777
3019992,44.85354016537182
3019993,28.968161108851017
3019994,28.61405301763979
3019995,0.01577107559821524
3019996,0.004637439351146406
3019997,38.78359987440388
3019998,55.66147483612765
3019999,0.0063693493250289186
3020000,52.15519507232762
3019990,0.01608129281179777
3020001,0.010747383243765217
3020015,0.0
3020004,47.585853392211796
3020005,0.0134019882269205
3020006,0.013764574588035379
3020007,69.49717698588704
3020008,0.013826193306235404
3020009,0.009861716809305206
3020010,36.60585433757626
3020011,36.6839698008331
3020012,0.003690143472863147
3020013,40.23462384595846
3020003,54.35321980151355
3019989,0.01567369927111597
3020016,38.446649066336846
3019823,0.006648205882407939
3020030,38.8970384021006
3020019,0.02010349574874091
3020020,43.49704091356337
3020021,0.012753960158858012
3020022,0.013413678337070654
3020023,0.01381935428457132
3020024,0.01381935428457132
3020025,45.42000172848217
3020026,28.94304347312409
3020027,28.590574032807027
3020028,0.02457043234863179
3020018,0.035488275074665745
3020029,0.012991610389742963
3020017,38.04964286500755
3020032,0.014751874970270152
3020033,52.488312528695914
3020034,0.019228111803709036
3020035,54.72277694673954
3020036,54.72299953784851
3020037,47.844452823065794
3020038,0.02217287657692741
3020039,0.022262569619141217
3020040,70.11461298478513
3020041,0.02232407158455942
3020031,56.05219430407727
3020489,28.254223829536137
3019893,43.46814511748392
3020349,0.01974959867049586
3020047,38.70066706589402
3020048,0.007649934363630159
3020049,38.64314960312862
3020050,38.23030193757672
3020051,0.04434817016237139
3020052,0.028710698282067494
3020053,43.77534417996904
3020054,0.021241057688421605
3020055,39.91566209683916
3020056,0.02232442356879995
3020057,0.02232442356879995
3020059,28.988008642337558
3020071,0.02217287657692741
3020060,28.6326140444735
3020061,0.02457043234863179
3020062,0.012991610389742963
3020063,38.26710933639625
3020064,53.88050240954602
3020065,0.014751874970270152
3020066,50.63690452393517
3020067,0.019228111803709036
3020068,52.67204719515263
3020069,52.672269786261595
3020058,45.73188994362715
3020100,0.019228111803709036
3020072,0.022262569619141217
3020074,0.02232407158455942
3020075,0.01828344200642202
3020076,35.888441956121746
3020077,35.96070567377311
3020078,0.012059840886865477
3020079,40.75609174377177
3020080,38.271794957434544
3020081,0.007649934363630159
3020082,38.198915708780476
3020083,37.82190521669049
3020084,0.04434817016237139
3020085,0.028710698282067494
3020070,46.41192432727722
3020087,0.021241057688421605
3020088,0.021911615530080197
3020089,0.02232442356879995
3020090,0.02232442356879995
3020091,44.362568120507035
3020092,28.957626962802646
3020093,28.604214338586658
3020094,0.02457043234863179
3020095,0.012991610389742963
3020096,38.26710933639625
3020097,53.88050240954602
3020098,0.014751874970270152
3020073,66.6824306727734
3020099,50.63690452393517
3020101,51.90700584383427
3020155,0.013818048890177074
3020114,0.007649934363630159
3020103,45.877507174872434
3020104,0.02217287657692741
3020105,0.022262569619141217
3020106,65.40198938859372
3020107,0.02232407158455942
3020108,0.01828344200642202
3020109,35.56204596765739
3020110,35.63164702661735
3020111,0.012059840886865477
3020112,40.2483564913914
3020102,51.907228434943235
3020113,37.855572385107884
3020127,0.015769640966592308
3020116,37.425554356094786
3020117,0.04434817016237139
3020118,0.028710698282067494
3020119,42.53526906857988
3020120,0.021241057688421605
3020121,38.95372323880693
3020122,0.02232442356879995
3020123,0.02232442356879995
3020124,43.70253966286543
3020125,28.85654678358817
3020115,37.76778625321407
3020046,40.45264878875468
3020128,0.004636017109469327
3020154,0.01341237255658467
3020142,35.423953786471365
3020131,0.006367926996562427
3020132,50.33370755544184
3020133,0.01074608980867026
3020134,51.58273624216908
3020135,51.58295809258347
3020136,45.65069662560349
3020137,0.013400690812107707
3020138,0.013763272467909711
3020139,64.86071768776382
3020140,0.013824893736857215
3020130,53.52487997147127
3020141,0.009860418720136967
3020129,38.16384833219434
3020144,0.003688849878484078
3020145,40.03362977870383
3020146,37.679520102749834
3020147,0.0
3020148,37.58543194970001
3020149,37.25789905620932
3020150,0.035486968717748014
3020151,0.020102189443997977
3020152,42.27700575566589
3020153,0.012752654378372027
3020143,35.49242950973797
3020045,0.012059840886865477
3020156,0.013818048890177074
3020158,28.813703678673026
3020159,28.469671871870368
3020160,0.047977652680194015
3020161,0.004217930200918739
3020162,0.005070207600650417
3020163,59.49605437927468
3020164,0.005729547917732656
3020165,55.445337524451254
3020166,0.010580742483586337
3020167,55.48355004741197
3020168,55.48377144151436
3020169,48.37382423692451
3020170,0.013250269528991363
3020171,0.013612105410388098
3020172,71.81407077074594
3020173,0.013674089170203926
3020174,0.009693696996342888
3020175,0.004198800798135371
3020176,39.236127400716605
3020177,0.0032799429946865598
3020178,40.63200764224329
3020179,0.0014297547769561206
3020180,0.0
3020181,0.022434133906253994
3020182,38.5383902629622
3020183,0.027199435685407253
3020211,38.64481787631105
3020212,36.53572232966563
3020186,0.011089998891533658
3020187,0.012444174511314675
3020188,0.012849317855193849
3020189,0.012849317855193849
3020190,44.80939087044703
3020191,0.0
3020192,0.0
3020193,0.019892921608686505
3020194,0.011289679023626174
3020195,37.48872050517932
3020196,51.26617945417585
3020197,0.012625835144738976
3020184,0.018419626732080977
3020199,0.01706052330979256
3020200,49.52603602872672
3020201,49.526258594156864
3020202,44.20378888285315
3020203,0.01999727391086994
3020204,0.020086956605809742
3020205,61.44054327259637
3020206,0.020148205870989
3020207,0.016122422631417187
3020208,34.96764824454065
3020209,35.02107260290857
3020210,0.009174364179994484
3020185,42.79498366201241
3020126,0.0
3020213,0.005152472734022068
3020254,0.012825181679816219
3020215,36.17375474834449
3020216,0.03353729744626497
3020217,0.02613142118863507
3020218,40.62289732283624
3020219,0.018691881878598413
3020220,37.035368140402156
3020221,0.019770739866727848
3020222,0.019770739866727848
3020223,41.0415958601308
3020224,28.849933930084205
3020225,28.53419877540689
3020226,0.019690533833712855
3020227,0.009889701522073075
3020228,0.01055626396356073
3020229,49.96879087697217
3020230,0.011222350056997704
3020231,47.29694940673683
3020232,0.015645447301912387
3020233,48.34602701643661
3020234,48.34624947139719
3020235,43.37945355007151
3020236,0.018575651181007857
3020237,42.148985116341244
3020238,59.465746062044516
3020239,0.018726636234928002
3020157,43.42345051881576
3020214,0.024003480319742036
3020242,34.07505921695743
3020243,0.007775765150574936
3020244,37.86277342845225
3020245,0.0059083334285779995
3020246,0.00376631702374364
3020247,0.015707796220759285
3020248,35.47151442532909
3020249,0.0334923061566328
3020250,0.019101924183092298
3020251,39.503076781908476
3020252,0.01176111338552776
3020253,37.00513195006033
3020240,0.014713280395169556
3020255,0.012825181679816219
3020256,41.19109279519382
3020257,0.004576668310065026
3020258,28.422663005795126
3020259,0.013583215207984809
3020260,0.0020153376330962424
3020261,37.03273274931973
3020262,49.625314614994984
3020263,0.0037382809870303586
3020264,47.00925358205606
3020265,0.008093950071931174
3020266,48.03604817405696
3020241,34.02793387744937
3020267,48.03627003325181
3020086,43.14602403531572
3020269,0.01073637033765832
3020282,0.035680048611188286
3020271,58.92484087150949
3020272,0.011160579833451778
3020273,0.00722015822710006
3020274,0.0010676282785201136
3020275,33.96693859044602
3020276,0.0010649648589714424
3020277,37.67979547610887
3020278,0.0
3020279,0.0
3020280,0.015220564059792427
3020281,35.46705303774041
3020283,0.020289841430349478
3020295,50.25979560140793
3020284,39.51739933308482
3020285,0.01293772407097817
3020286,37.02228405293345
3020287,0.014003502972817492
3020288,0.014003502972817492
3020289,41.011825826941
3020290,0.0
3020291,28.38592587265828
3020292,0.007864530223829313
3020378,0.0
3020296,0.0
3020298,0.0
3020322,41.20836491870431
3020310,37.397805089882155
3020299,47.59617163797457
3020300,47.59639369596325
3020301,42.86691199888073
3020302,0.0014415702619931495
3020303,0.0015310484834951711
3020304,58.18561369413076
3020305,0.0015930461238249547
3020306,0.0
3020307,33.732851171875076
3020308,33.78495087661751
3020294,37.22608873882522
3020309,0.0
3020297,47.56516063506205
3020312,0.0
3020313,0.0066848035634664215
3020314,35.24693493824621
3020315,0.019362060396463786
3020316,0.011326070700461842
3020317,39.18291469562496
3020318,0.004097904778350483
3020319,0.0054332276352535595
3020320,0.005832311292547668
3020321,0.005832311292547668
3020311,0.0
3020323,0.0
3020324,0.0
3020325,0.013069133401764282
3020350,37.124291978010774
3020327,0.004955739708272994
3020328,46.9145569438403
3020329,0.005614757770712765
3020330,44.69353004567156
3020331,0.009991333644756576
3020332,44.721210085372604
3020333,44.7214315128883
3020334,40.84787823682629
3020335,39.900961656626095
3020336,39.909216153263976
3020351,0.012396951764688172
3020337,53.45267951942837
3020339,0.00910475974326377
3020340,32.38298097433284
3020341,0.0026903768231319237
3020342,0.0022092730381916732
3020343,35.75129839262528
3020344,0.0003619281525893004
3020345,0.0
3020346,0.016799466004972084
3020347,0.03796608856507653
3020348,0.02746760177409985
3020268,43.17316998137193
3020338,0.013068181053711967
3020379,39.53795198485348
3020352,0.01305695958422152
3020377,0.0
3020365,55.22484147583729
3020354,0.013462880758144878
3020355,0.009593005662266197
3020356,0.0
3020357,27.611274209817086
3020358,0.035704805124357496
3020359,0.0
3020360,39.87460026782156
3020361,59.19224407109518
3020362,0.0
3020363,55.186143864288795
3020353,0.013462880758144878
3020364,0.0
3020326,0.004296198125009582
3020367,48.19335382929701
3020368,0.0017973403318427557
3020369,0.001886805051123708
3020370,71.27632383237459
3020371,0.0019487658791374363
3020372,0.0
3020373,37.06905408964183
3020374,37.13256212339427
3020375,0.0
3020376,40.732406622241975
3020366,55.22506350031752
3020380,38.94230087100675
3020293,0.0
3020461,0.009303034864358146
3020393,40.04409182944307
3020382,0.00752781481005271
3020383,43.76682379234992
3020384,0.00035136095469904865
3020385,0.0016770791983054373
3020386,0.0020730811668602652
3020387,0.0020730811668602652
3020388,46.42316526073684
3020389,0.0
3020390,27.684006691054726
3020391,0.04245905233553612
3020435,0.013813380982568846
3020392,0.004415808774008577
3020406,37.30792477162725
3020395,0.0059280155523509384
3020396,55.680505981482504
3020397,0.010781094183773066
3020398,55.718941664233256
3020399,55.719163058335646
3020400,48.53825676255928
3020401,0.013451545101172111
3020402,0.013813380982568846
3020403,72.21222216845102
3020404,0.013875364742384674
3020394,59.771616665651635
3020405,0.009893152764212838
3020407,37.37294247182256
3020433,48.53825676255928
3020381,0.015506031167180469
3020410,0.00162714277587978
3020411,0.0
3020412,0.022640930358657062
3020413,39.21666727864824
3020414,0.027406152044068904
3020415,0.018622906510442298
3020416,44.14299658620675
3020417,0.011290420440913483
3020418,0.012645126914562032
3020419,0.01305044069047236
3020409,41.059700055573366
3020420,0.01305044069047236
3020408,0.0034780674369360963
3020423,27.720067705358556
3020424,0.04531823126605713
3020425,0.004415808774008577
3020426,40.04409182944307
3020427,59.771616665651635
3020428,0.0059280155523509384
3020429,55.680505981482504
3020430,0.010781094183773066
3020431,55.718941664233256
3020432,55.719163058335646
3020422,0.0
3020434,0.013451545101172111
3020421,0.012827556631104851
3020270,0.011098966343833613
3020449,44.14299658620675
3020438,0.009893152764212838
3020439,37.30792477162725
3020440,37.37294247182256
3020441,0.0034780674369360963
3020442,41.059700055573366
3020443,0.00162714277587978
3020444,0.0
3020445,39.83916300009706
3020446,39.21666727864824
3020447,0.027406152044068904
3020437,0.013875364742384674
3020448,0.018622906510442298
3020462,56.84994878703513
3020451,0.012645126914562032
3020452,0.01305044069047236
3020453,0.01305044069047236
3020454,47.42821678292262
3020455,0.0
3020456,27.720067705358556
3020457,0.049091423717976035
3020458,0.007268198522731439
3020459,40.43956193671003
3020436,72.21222216845102
3020450,0.011290420440913483
3020463,0.013707042174154131
3020460,61.16982526950032
3019600,0.005179606308970057
3020465,56.66003334623135
3020477,0.0018963373851864024
3020466,49.19473946195401
3020467,47.495617033059965
3020468,47.51066938250405
3020469,73.80542705756842
3020470,0.01681501212210573
3020472,37.47803920729991
3020473,37.54814380629893
3020474,0.005884715748574297
3020475,41.299010184276824
3020476,0.00402551284451549
3020471,0.012807395450532031
3020464,56.65981150277308
3020479,39.43007677862079
3020480,0.037209621968716786
3020481,0.02137801287617998
3020488,28.57114446220894
3020482,44.452024756732435
3020483,0.014009074040073944
3020484,0.014670544036049438
3020485,0.015077375211168219
3020486,0.015077375211168219
3020487,46.10377604309863
3020478,40.05598929639277
3020497,54.71443287518571
3020496,0.0
3020495,54.947683446134455
3020494,0.0
3020501,0.0
3020492,39.73081252089874
3020491,0.0
3020490,0.0274693514191038
3020498,54.71461366160043
3020493,59.14597981779363
3020499,47.723145232035
3020511,0.0
3020502,70.42467594086011
3020514,0.0
3020503,0.0
3020504,0.0
3020505,0.0
3020506,0.0
3020507,0.0
3020508,40.52631376438943
3020509,0.0
3020510,0.0
3020529,0.011591324886452188
3020500,0.0
3020597,52.195507006325464
3020531,56.06199864513803
3020517,0.005331231473279817
3020512,23.596926427245343
3020518,0.0048446071714496955
3020519,0.0048446071714496955
3020520,0.0011438237032378598
3020521,0.0033440528868986276
3020522,0.0022156333308056882
3020523,0.06050333304414331
3020524,0.014675771874098725
3020525,0.018479943688621856
3020526,60.722684366569545
3020527,0.014646748554647291
3020515,43.64645868640338
3020528,56.30074527346444
3020516,0.0023634808196552827
3020532,48.698082248043306
3020533,47.02203396923471
3020534,0.0117023122460847
3020535,72.6072464700197
3020536,44.90363160732758
3020537,0.014734098426646209
3020538,0.009128558204713828
3020539,0.01088672123267104
3020540,0.01227647327945659
3020541,41.357941771327454
3020530,56.06182043827273
3020513,0.02188577160208752
3020595,0.007174332513853097
3020543,0.0008929651893912808
3020569,43.6237789308031
3020546,0.03265037272712982
3020547,0.01981056361496805
3020548,44.643775352445
3020549,0.024670023517806502
3020550,0.027026914106805296
3020551,0.026520392987487196
3020552,0.026520392987487196
3020553,47.576751365438206
3020554,28.185814631318888
3020555,0.02222879641114297
3020570,0.018508744529616695
3020556,0.032468397566615105
3020558,39.66529999283903
3020559,58.65866747277517
3020560,0.018398537573639955
3020561,54.551568516728516
3020562,0.01535145718123599
3020563,54.11064363178785
3020564,54.110821693356755
3020565,47.33411118310285
3020566,45.79171273034406
3020567,0.01546557112923955
3020598,45.99943728891824
3020557,0.018475144244898014
3020542,0.01567447035114246
3020571,0.012878935104117377
3020596,52.19532921848536
3020544,0.010504096098579479
3020584,0.029746541305297365
3020573,0.0160539946732268
3020574,39.95035066613096
3020575,0.01947567825667849
3020576,0.00461155574953141
3020577,0.014322100597940349
3020578,23.14078694773005
3020579,0.019734095014899686
3020580,0.02301208197158608
3020581,42.857666534800686
3020572,36.37891106211702
3020582,0.027885642339885483
3020585,0.029746541305297365
3020545,0.0
3020586,44.5079235715563
3020587,28.637010131085162
3020588,0.027430117645754818
3020589,0.03202628646705955
3020590,0.010750533522305105
3020591,0.012271777047362863
3020592,56.03299267112565
3020593,0.010240190293651072
3020594,52.418741586790944
3020583,0.03025623454660202
3020599,44.589194254555444
3020640,38.92480649799057
3020680,42.61062644467734
3020601,65.78797948361265
3020602,42.275271860790845
3020603,0.010326012455917768
3020604,0.004748884145324878
3020605,0.006486429261335135
3020606,0.007864672775088864
3020607,39.054951570927585
3020608,0.011234740893671774
3020609,0.0
3020610,37.37118255443378
3020611,22.53022819607342
3020613,0.021156890776530768
3020625,56.03299267112565
3020614,41.94011846085656
3020615,0.02602394047931662
3020616,0.025635698174991516
3020617,0.02508904560232815
3020618,0.02508904560232815
3020619,45.07697752423649
3020620,27.921968976696842
3020621,0.018373031260586252
3020622,0.03202628646705955
3020623,0.010750533522305105
3020612,0.03358173868545093
3020654,0.018373031260586252
3020626,0.010240190293651072
3020628,0.007174332513853097
3020629,52.19532921848536
3020630,52.195507006325464
3020631,45.99943728891824
3020632,44.589194254555444
3020633,0.007307514035554494
3020634,65.78797948361265
3020635,42.275271860790845
3020636,0.010326012455917768
3020637,0.004748884145324878
3020638,0.006486429261335135
3020639,0.007864672775088864
3020624,0.012271777047362863
3020641,0.011234740893671774
3020642,0.0
3020643,0.0060563688019057175
3020644,0.0
3020645,0.03358173868545093
3020646,0.021156890776530768
3020647,41.94011846085656
3020648,0.02602394047931662
3020649,0.025635698174991516
3020650,0.02508904560232815
3020651,0.02508904560232815
3020652,45.07697752423649
3020627,52.418741586790944
3020653,27.921968976696842
3020655,0.016005146622472887
3020710,22.50878288676336
3020668,44.3225021797892
3020657,39.14703961681774
3020658,56.87283431312183
3020659,0.0028618323004406367
3020660,53.13341160279644
3020661,0.0
3020662,52.906632915104076
3020663,52.90681019816419
3020664,46.49614373240491
3020665,45.03705826792737
3020666,0.0
3020656,0.002849402807444
3020667,67.05794521940636
3020681,0.021363063149371257
3020670,37.40450091259142
3020671,0.0
3020672,0.0005005556679414866
3020673,39.37612227753183
3020674,0.0038227138867761804
3020675,0.0
3020676,0.0
3020677,0.0
3020678,0.029465776027234034
3020679,0.016518122196536363
3020669,0.0014089058873650265
3020600,0.007307514035554494
3020682,0.01743340715042602
3020708,0.0
3020696,53.02439638883369
3020685,46.182901121247184
3020686,27.944520608813406
3020687,0.0056481064490395486
3020688,0.031997127227713446
3020689,0.012802397842988028
3020690,39.11526231406741
3020691,56.75950505709884
3020692,0.01231988766769327
3020693,53.03579117813686
3020694,0.009259714936290549
3020684,0.016895499587769557
3020695,53.024218505903505
3020683,0.016895499587769557
3020698,45.108404605691604
3020699,0.014566335194012195
3020700,67.51694452314003
3020701,43.25782944558276
3020702,0.012406228977851645
3020703,0.00681541697542015
3020704,0.00856330844670193
3020705,0.009947278492462925
3020706,39.285215950495676
3020707,37.921857423261
3020697,46.57606264859932
3020568,69.43465907194711
3020790,57.60702413913369
3020711,0.03574334639052272
3020820,0.03005208191190571
3020724,58.72697745886576
3020713,42.372308507940346
3020714,0.027060867798870507
3020715,0.02667181338126034
3020716,41.51151937683616
3020717,0.0261654319752899
3020718,45.597917293113056
3020719,28.01004527899513
3020720,0.022872558006802456
3020721,0.019889892716933682
3020738,0.0042229601634977436
3020722,0.006207314514674616
3020725,0.006579623673587152
3020737,0.0028548496876872375
3020726,54.60986132298326
3020727,0.003506735866531284
3020728,54.60736084759721
3020729,54.607538548492805
3020730,47.6819022569889
3020731,45.98888239004554
3020732,0.008806383220291399
3020733,69.95606957282517
3020734,46.420445382787356
3020723,39.93324756831782
3020735,0.0066878521051616
3020740,0.007568560214791233
3020763,47.91043881542612
3020821,0.013230207816896055
3020752,0.017366519503986662
3020741,0.0
3020742,0.0
3020743,22.625827717017284
3020744,0.024823796521651564
3020745,0.011564083181286267
3020746,42.144452978313474
3020747,0.01638419930178485
3020748,0.01870404187876544
3020749,40.03437924286032
3020764,46.19337014324594
3020750,0.018206396885678454
3020753,0.025332632787322076
3020739,39.85944365840954
3020754,0.022043473255725494
3020755,0.005933592618166155
3020756,39.728000963369325
3020757,59.10988949047091
3020758,0.006305644296795452
3020759,54.934297824733974
3020760,0.003232106870185365
3020761,54.93427412784793
3020762,54.93445233471323
3020751,0.014476943927943322
3020822,0.015327038495388566
3020736,0.0011351325869327251
3020766,70.40271003203142
3020793,0.012886617497912388
3020792,53.67388102509652
3020769,36.688367869379164
3020770,0.0025598107965176297
3020771,0.003927094686190578
3020772,40.29084982949396
3020773,0.007270694137615736
3020774,0.0
3020775,38.15383468055883
3020776,0.0
3020777,0.023964087261174084
3020794,56.00580079270263
3020778,0.011343235811594712
3020780,0.016162224160630675
3020781,0.018481021793682547
3020782,0.017983633223531127
3020783,0.017983633223531127
3020784,46.23328937508176
3020785,28.065796625947794
3020786,0.015314303714619303
3020787,0.03506651328156758
3020788,0.015638955926453278
3020789,39.33134944946229
3020933,0.006798494919699138
3020779,43.48609102627312
3020765,0.00850866278272916
3020795,56.005979428157445
3020818,28.7137659805232
3020767,44.19096700314057
3020807,0.0021834111674458316
3020796,48.68428028570139
3020797,46.8944395874592
3020798,0.018211508693283075
3020799,72.12838744246896
3020800,44.80575236164585
3020801,0.016040116095463856
3020802,0.010428674102642576
3020803,37.22887154503946
3020804,0.013575046151899308
3020819,0.02526847572143936
3020805,40.9343494030251
3020808,38.73566217256919
3020768,0.006392305921411728
3020809,23.63178467222951
3020810,0.03394915242717834
3020811,0.021110024648790533
3020812,44.282221956386785
3020813,0.025975757513463146
3020814,0.028332832504331714
3020815,42.745590947811266
3020816,0.027826414621875233
3020817,46.44606115570362
3020806,0.016973370933737388
3020709,0.004050588630558922
3020823,56.871905634992835
3020902,36.76674592058495
3020877,41.976852627944574
3020835,0.007192186568086795
3020824,0.013085355613391844
3020825,53.12440526782122
3020826,0.010025673433586143
3020827,52.961505442240245
3020828,52.96168323008035
3020829,46.534646944679956
3020830,44.96351428476785
3020831,0.01517330431327399
3020832,67.01284825802671
3020849,0.025876791763550608
3020833,42.701289622021314
3020836,0.00894149894482732
3020848,0.025876791763550608
3020837,0.010326365093409139
3020838,39.22889222949692
3020839,0.013712466861436628
3020840,0.0
3020841,0.004441326935007181
3020842,22.437015114713557
3020843,0.02462870939560928
3020844,0.02194230490602639
3020845,42.278108267985466
3020834,0.012625143350161485
3020846,0.02681310783878794
3020851,27.96377591296088
3020874,0.0
3020932,47.14169550119218
3020863,0.0
3020852,27.88251357327166
3020853,0.031219365794974283
3020854,0.0
3020855,39.728074468819045
3020856,59.14324050751731
3020857,0.0
3020858,54.94494567100401
3020859,0.0
3020860,54.711528190392436
3020875,23.594489604127034
3020861,54.711706397257736
3020864,0.0
3020850,45.55826452679997
3020865,70.42178666927714
3020866,0.0
3020867,0.0
3020868,0.0
3020869,36.77279942790363
3020870,0.0
3020871,40.52369715700418
3020872,0.0
3020873,0.0
3020862,47.720237967692306
3020903,0.0068744599740952475
3020847,0.026424291839756874
3020878,43.61448705659419
3020879,6.238820312785712e-05
3020891,55.67214233964716
3020880,0.0030251269443170984
3020881,0.002538589213482524
3020882,0.002538589213482524
3020883,46.43244843654498
3020884,0.0012422885797844197
3020885,27.908237846862406
3020886,0.0236437444714789
3020887,0.008872738985333625
3020888,39.9520363066024
3020905,0.010235702022448005
3020889,59.86741802298874
3020892,0.006544562744389761
3020904,40.33283705788911
3020893,55.286791228721356
3020894,55.28696929029026
3020895,48.158074484382055
3020896,46.41536818555393
3020897,0.011696904602666989
3020898,71.35291153856527
3020899,44.31991111238708
3020900,0.009338255452652593
3020901,36.720292347377125
3020890,0.009611954125632382
3020876,0.019554997062332304
3020907,38.19178636461619
3020930,0.009138205602591208
3020712,0.022189170971394535
3020919,0.021049832043332245
3020908,23.212390435075122
3020909,0.027021774266822257
3020910,0.013712425607158477
3020911,43.517604924691554
3020912,0.018541671500980024
3020913,0.02087000401455081
3020914,41.11076035521964
3020915,0.02037044170021282
3020916,45.307449807521365
3020931,71.55485625600308
3020917,28.611318536931325
3020920,0.006335136811442038
3020906,0.0
3020921,0.008402506050033513
3020922,60.01035668586674
3020923,0.007070479300164117
3020924,55.79374539748435
3020925,0.00399756475502081
3020926,55.40715293890197
3020927,55.40733100589172
3020928,48.24215461429016
3020929,46.490579144319454
3020918,0.016897956424846653
3021081,0.008915413133600614
3021158,52.313554379909576
3021238,23.82938565853775
3020947,0.017774386768252586
3021157,52.3133769613585
3020937,40.40171406972509
3020938,0.007677035363559091
3020939,0.0
3020940,0.0
3020941,23.005208871047323
3020942,0.02437701938859692
3020943,0.01113752099593716
3020944,42.78143497609482
3020945,0.015954439999958093
3020946,0.01827116450895887
3020948,0.017774386768252586
3020960,52.443152210684346
3020949,44.1777577646098
3020950,0.016229322783887862
3020951,0.01462514494222197
3020952,0.02090212572324828
3020953,0.00571766239078855
3020954,38.90500722182085
3020955,56.26221511841504
3020956,0.0064523663570882055
3020957,52.60581139948992
3020989,0.008218098288454974
3020961,46.17235352751784
3020963,0.00851620856927935
3020987,39.36352430250684
3020975,0.02668450577575829
3020964,66.57964447696015
3020965,43.03535998566657
3020966,0.0061797385253548835
3020967,35.71385561198447
3020968,35.75053693195041
3020969,0.0037136057486588207
3020970,38.95751776146161
3020971,0.007055173512680311
3020972,0.0
3020973,0.0
3020958,0.0033779453591769194
3020974,22.27075333254908
3020962,44.63941361662917
3020977,42.319560964908696
3020978,0.01820758528922567
3020979,0.020535098238930793
3020980,41.16157464772518
3020981,0.020035617989009796
3020982,46.14059912750462
3020983,28.053312698648696
3020984,0.016126124967182905
3020985,0.02333693047742756
3020986,0.0079295865237943
3020976,0.01337875143749271
3020959,52.44297448313186
3020988,57.81563509362599
3020990,53.927181551918366
3020991,0.005147702404103997
3021003,39.72874164105787
3020992,53.762960853376356
3020993,53.763138381078406
3020994,47.094358054235144
3020995,0.010168912432891612
3020996,0.01029432616303057
3020997,68.79453079850981
3020998,0.010356423493833854
3020999,0.007943677575091079
3021000,0.0023825880665959125
3021017,0.015360840301056812
3021001,36.87408164216962
3021004,0.00860657139795383
3021016,0.017044908190290513
3021005,0.0
3021006,37.64462926879797
3021007,22.781352941947706
3021008,0.00508539706520099
3021009,0.011695577763919227
3021010,43.21784965333585
3021011,0.016517046415029414
3021012,0.019545038738070376
3021013,0.019046439022940734
3021002,0.005479640192983088
3021045,0.028077490434192647
3021019,0.008839549365501716
3021042,0.022874260099660062
3021044,0.027747126102589597
3021031,0.018749715640114822
3021020,38.82351318211138
3021021,55.240179185372234
3021022,0.009043088004682436
3021023,52.015652784598295
3021024,0.013505312323146626
3021025,51.85375720068642
3021026,51.85393462331827
3021027,45.73180995138223
3021028,0.018563379763793877
3021043,41.48666313720013
3021029,0.018688260647704798
3021032,0.016262650148985668
3021018,0.021989939161935586
3021033,35.30904635237916
3021034,35.34274656499813
3021035,0.013815124447690626
3021036,38.43462493170832
3021037,0.017000085054612486
3021038,0.002112825121195991
3021039,0.007796970230666784
3021040,0.0
3021041,0.03953485240008868
3021030,65.6560337095773
3020936,0.004332374572640686
3021047,0.02756860041199965
3021127,0.035322300449956295
3021058,52.97622379722161
3021101,0.008833090129230283
3021048,45.13348713980534
3021049,0.02658512075905804
3021050,0.03431415830341507
3021051,0.012138187627510025
3021052,0.000535192674120704
3021053,39.29197084669962
3021054,56.92046967248648
3021055,0.0
3021056,53.13900722443673
3021073,22.04953725005341
3021057,0.0
3021072,0.0
3021060,46.49111700491072
3021062,0.001673290553531458
3021063,67.59499591703207
3021064,0.0017344963101019737
3021065,0.0
3021066,0.0
3021067,37.77690718863414
3021068,0.0
3021069,39.059446442472684
3021070,0.0
3021059,52.976400856534255
3021071,0.0
3021061,0.0015487588415774045
3021074,0.028205955183561792
3020791,0.015952723721082817
3021085,0.01128008445374489
3021084,0.026766196938892876
3021083,27.767503491863838
3021082,0.008737811665388066
3021076,41.850401809163436
3021080,0.01036439994597224
3021079,0.01036439994597224
3021078,0.01085670907574603
3021077,0.007864193623539897
3021087,56.19681539310423
3021075,0.003084688612218248
3021086,0.013368633929383448
3021088,0.011570753874819852
3021089,52.55014500603874
3021090,0.008507655826978442
3021091,52.387351606376875
3021092,52.3875291130398
3021093,46.13342259143335
3021094,0.01354430963374641
3021095,0.013669731554704637
3021096,66.39937319674958
3021097,0.013731851967735525
3021098,0.011294031897336028
3021099,0.0057108922555006835
3021014,0.019046439022940734
3021100,0.007452539162903989
3021102,38.89458423220369
3021115,0.0220130661341943
3021104,0.0
3021105,0.0026480846924602777
3021106,22.199995619452796
3021107,0.03454662637462337
3021108,0.018705545210332478
3021109,42.212587189716054
3021110,0.0235603646575942
3021111,0.023887409755541322
3021112,0.023384211747084067
3021113,0.023384211747084067
3021103,0.011980444380036509
3021114,45.939781919105656
3021046,0.02756860041199965
3021117,0.02256824506890182
3021118,0.009407911409172177
3021119,39.05139213036186
3021120,55.99182138435025
3021121,0.025450250169734824
3021122,52.66442014115156
3021123,0.03018774497211356
3021124,52.50186217199354
3021125,52.50203973971921
3021126,46.18459017001706
3021116,0.020887162215669445
3021128,0.03544712484685622
3021129,66.74334342728332
3021155,52.4760995334442
3021143,0.044757276438818
3021132,0.02717126221283971
3021133,35.6191973205476
3021134,0.030465657726916336
3021135,38.80849840287925
3021136,0.033751224496170046
3021137,0.01848231446634767
3021138,0.02448843363792625
3021139,22.10845335824061
3021140,0.040755177286201684
3021141,0.03980398926666119
3021131,0.03289841515158531
3021142,41.97166663053878
3021130,0.03550842065542866
3021145,40.26664988746208
3021146,0.044571267818129326
3021147,45.73486057450698
3021148,0.04362108181422032
3021149,27.97710754670779
3021150,0.024847979976574956
3021151,0.00940512593547815
3021152,38.866669242957016
3021153,56.10978463844851
3021154,0.009694646998313851
3021144,0.04509820755635264
3020935,38.99936308617451
3021015,45.68250305744089
3021267,38.23799284050682
3021171,0.0007672332531740865
3021160,44.55830344912344
3021161,0.011781107334256885
3021162,66.27563226825052
3021163,42.93618063132855
3021164,0.00941890540989096
3021165,35.63609462484054
3021166,35.67202635679378
3021167,0.006956478938745926
3021168,38.85143526146629
3021169,0.010092723048335181
3021170,0.0
3021172,22.168837849625593
3021184,0.008052913543684422
3021173,0.032576469153276
3021174,0.01679396028000664
3021175,42.156082667091354
3021176,0.021639939026187577
3021177,0.021965823696206727
3021178,0.021464593470703473
3021179,0.021464593470703473
3021180,45.86999951402758
3021181,0.020091363142891498
3020934,0.0012457976723640053
3021185,0.010128557416474879
3021187,0.008341566613880582
3021211,40.91516564110168
3021199,35.64844866666927
3021188,52.42132620275572
3021189,0.005271542170752786
3021190,52.25866085112901
3021191,52.25883826968008
3021192,46.04349670168692
3021193,44.52411422488028
3021194,0.0104188627356894
3021195,66.18404138690286
3021196,42.9063811699638
3021197,0.008066731202322791
3021182,0.018574804794573286
3021198,35.612742955529015
3021186,56.04539445595339
3021201,38.81954343865135
3021202,0.008731100573247538
3021203,0.0
3021204,0.0
3021205,22.14582282734776
3021206,0.031154104888549364
3021207,0.015415235928481335
3021208,42.114300287940964
3021209,0.020254622773479142
3021210,0.020579645038794198
3021200,0.005603071660088966
3021183,0.0234640476692124
3021212,0.020079897478829732
3021213,45.81838666002368
3021240,0.00635043831139537
3021239,0.03177028894748363
3021216,0.04885470986083679
3021217,0.002507475185779029
3021218,39.8992148191899
3021219,59.72632235713775
3021220,0.002431731573302082
3021221,55.43895246759313
3021222,0.0
3021223,55.203048671738394
3021224,55.20322637263399
3021241,43.993780061796166
3021225,48.0634158105002
3021227,0.0
3021228,71.34605303990487
3021229,0.0
3021230,0.0025455681124043525
3021231,0.0
3021232,37.013274949124046
3021233,0.00011616611370053012
3021234,40.85246192250423
3021235,0.0032426159222770793
3021236,0.0
3021237,39.015607620216514
3021226,0.002882100764472704
3021268,0.007231365754312145
3021242,0.011137820143222931
3021265,0.0025202188654739905
3021214,0.018704880874319645
3021254,51.78693441808775
3021243,0.01416533749175084
3021244,0.013666876660088489
3021245,0.013666876660088489
3021246,47.44673530374967
3021247,0.012439035007309354
3021248,27.945799660709596
3021249,0.018078524007241307
3021250,0.006338946127248941
3021251,0.008407626035487711
3021266,0.003887590378808449
3021252,55.299613511129174
3021255,0.0035527500377195106
3021215,0.017192198690556982
3021256,51.62492710173936
3021257,51.625104520290435
3021258,45.60080394503409
3021259,44.128121945827544
3021260,0.008692178575158832
3021261,65.20730722552591
3021262,42.36296705405804
3021263,0.0063528098863547535
3021264,0.0008019798196610701
3021253,0.006626502565113492
3021269,0.0
3021270,0.0
3021350,0.007543267588680978
3021282,0.023876632819261362
3021271,0.0
3021272,0.017974506512394465
3021273,0.013653272337501758
3021274,41.35196069596098
3021275,0.018484238163779892
3021276,0.018101572619031586
3021277,39.704885222705684
3021278,0.017604473740469327
3021279,44.81595860521411
3021280,0.017047290604277225
3021324,45.603792760341705
3021281,0.02427683843352745
3021295,43.57458710190504
3021284,0.015749872428409428
3021285,55.014455134178334
3021286,0.013681271011037551
3021287,51.54396634843838
3021288,0.010622938964854623
3021289,53.487757640664704
3021290,53.48793546895352
3021291,46.90128557423917
3021292,45.29113428334561
3021293,0.015794277848631723
3021283,0.013652249083551586
3021294,68.24284728949844
3021296,0.013404142315534311
3021322,51.62920719207139
3021310,0.025567137946312296
3021299,0.010944610106880456
3021300,39.53524889698266
3021301,0.014333190681060351
3021302,0.0
3021303,0.005049803317052615
3021304,22.658628017201
3021305,0.018202299012217135
3021306,0.022100570231145502
3021307,43.104348857297296
3021308,0.02646080453485988
3021298,36.17701030949336
3021309,0.02607240763098739
3021297,36.13621011763319
3021312,46.20406792085077
3021313,0.024397226899100934
3021314,0.018861899217080123
3021315,0.015438838249783099
3021316,0.006707106788558899
3021317,0.008777280072546065
3021318,55.3046489115198
3021319,0.0067353397151507805
3021320,51.79121832311705
3021321,0.003661824675013326
3021311,0.025567137946312296
3021156,0.006627558083941243
3021323,51.629384610622466
3021159,46.08171806093985
3021338,0.018086481288185633
3021327,65.21451700335794
3021328,42.365255872417414
3021329,0.006461575324553797
3021330,35.18870597585372
3021331,0.002628789191593652
3021332,0.003996454537200401
3021333,38.24044187615135
3021334,0.007340935855215656
3021335,0.0
3021336,0.0
3021326,0.008801755195320365
3021337,21.724020306595808
3021351,55.427080803860036
3021340,41.34071592209624
3021341,0.01809388920779101
3021342,0.017711508647750535
3021343,0.017214825139056554
3021344,0.017214825139056554
3021345,44.80211506883715
3021346,0.016656526278420063
3021347,0.020060403999471167
3021348,0.017342066539038144
3021349,0.005478226938492288
3021339,0.01376417236704182
3021325,44.13079604861075
3021352,0.0059205888048761285
3021378,45.02656136111587
3021366,38.3165908362229
3021355,51.733258066726464
3021356,51.73343554900859
3021357,45.676499284970504
3021358,44.19583980010722
3021359,0.007981346820669144
3021360,65.38904994612021
3021361,42.42092574577335
3021362,0.0056475612476567265
3021363,0.00010147479999314947
3021364,35.27662146349833
3021354,0.002845244366297389
3021365,0.003913504512729693
3021353,51.89537396283467
3021368,0.0
3021369,0.0
3021370,0.0
3021371,0.03265639253338792
3021372,0.019189831732889167
3021373,41.626477679303875
3021374,0.023540043411902807
3021375,0.019594631297640226
3021376,39.85714596514699
3021377,0.019095996203567042
3021367,0.007257223896117641
3021379,0.017554292771651
3021380,0.013225252006702996
3021381,0.015114517608737854
3021825,0.00913091703021408
3021384,56.10526653345302
3021385,0.005949310378779423
3021386,52.46672701981898
3021387,0.0028796005543870987
3021388,52.11391962905324
3021389,52.11409739348676
3021390,45.93128947112348
3021391,44.41985968444135
3021392,0.00801468723459913
3021393,66.05269608715228
3021395,0.0056772995638685875
3021407,0.017301188984094978
3021396,0.00013064907020967265
3021397,0.0018477329165670726
3021398,0.003213996465472574
3021399,38.507554921871495
3021400,0.006555139546352925
3021401,0.0
3021402,0.0
3021403,21.923214562611214
3021404,0.017292341928369953
3021405,0.01297656332481698
3021394,42.607263774497355
3021436,21.37703948193948
3021408,0.01691920144218099
3021410,0.016423201634822443
3021411,0.01262229097625668
3021412,0.01586364310813515
3021413,0.010737769680473372
3021414,0.01731235117958109
3021415,0.00544878097132943
3021416,0.007513818476978878
3021417,54.22479778325232
3021418,0.0058911548860626104
3021419,50.872725074488244
3021420,0.0028157297449164435
3021421,50.711665336658335
3021406,41.700508303846036
3021423,44.962992886434996
3021424,43.557647923361266
3021425,0.007951783232945342
3021426,63.67470893036414
3021427,41.87485957310526
3021428,0.0056179496145369575
3021429,7.195744557169747e-05
3021430,34.84396556098744
3021431,0.0038839789433938844
3021432,37.73126268886784
3021433,0.007227688217796129
3021434,0.0
3021409,40.01172409108613
3021435,0.0
3021437,0.028982312968168753
3021491,0.009964290026405972
3021450,54.84193806202672
3021439,40.711138371944834
3021440,0.019322977954684503
3021441,0.0189396995996821
3021442,0.018441712239383658
3021443,0.018441712239383658
3021444,44.026857000613504
3021445,0.01752445915181431
3021446,0.015551891904854277
3021447,0.018169141803726543
3021448,0.005835263905802043
3021438,0.014988582325447296
3021449,0.007903602484317216
3021463,35.1913126926564
3021452,51.3924971129062
3021453,0.0027933852105019043
3021454,51.2310237677242
3021455,51.23120118627528
3021456,45.31535817632655
3021457,43.86919023046473
3021458,0.007928547405623767
3021459,64.48709981865915
3021460,42.33111890775036
3021461,0.005590409844674407
3021451,0.005863440021716873
3021422,50.71184275520941
3021464,0.0031275955764155806
3021490,0.009838958053126925
3021478,0.017748600873091994
3021467,0.0
3021468,0.0
3021469,21.745761082863922
3021470,0.04057888705493218
3021471,0.014964072347965499
3021472,41.372220250823766
3021473,0.01929734806870286
3021474,0.01962202946995561
3021475,0.019122855604697103
3021476,0.019122855604697103
3021466,0.006588982353946999
3021477,44.90843387276877
3021465,38.21141390064606
3021480,0.018148981923233155
3021481,0.00786047117919867
3021482,38.53342148750352
3021483,54.08000470420355
3021484,0.00788883101367779
3021485,50.74780838932956
3021486,0.004819465671735778
3021487,50.586929465189684
3021488,50.58710702824303
3021489,44.87234338688561
3021479,0.01524726374127815
3021604,44.0048789234905
3021492,63.164379148134216
3021494,0.0074560785658050474
3021495,0.0020556608282657615
3021496,34.83835125124676
3021497,0.005151395525707594
3021498,37.85226818078413
3021499,0.00827706201136827
3021500,0.0
3021501,0.0
3021502,21.297259823953002
3021503,0.030279535210303174
3021504,0.030452798032371848
3021505,41.02291243818481
3021506,0.03484484919172245
3021507,0.037979789011296804
3021508,0.0374200660491397
3021509,0.0374200660491397
3021510,44.635962294486056
3021511,0.03429077915399066
3021512,0.03282671750091132
3021513,0.018794428055033077
3021514,0.0063671282583263236
3021515,38.47479779852375
3021516,53.93957905323766
3021517,0.006395371429466526
3021518,50.6249132658603
3021519,0.003326472389566655
3021547,0.006554140507250243
3021548,38.8257868600927
3021522,44.77972127447108
3021523,0.008338832324572243
3021524,0.008464083963059756
3021525,63.28295820183785
3021526,0.008526030898743422
3021527,0.006121985952861844
3021528,34.68580356679105
3021529,34.71286716271866
3021530,0.0036596573693256796
3021531,37.775366346629944
3021532,0.00677841802223666
3021533,0.0
3021520,50.46423719240682
3021535,21.271589444375152
3021536,0.040781088361752094
3021537,0.01453563416131999
3021538,40.536197873809606
3021539,0.018867267029035732
3021540,0.019191683934677288
3021541,0.01869297386806094
3021542,0.01869297386806094
3021543,43.34866901070822
3021544,0.017370489495733558
3021545,28.143390366513724
3021546,0.015754017683226214
3021521,50.464414610957895
3021462,4.3798453276785955e-05
3021549,56.02726932942714
3021590,0.0
3021551,52.401594841042446
3021552,0.0035126208243891027
3021553,52.04950362843285
3021554,52.04968146205482
3021555,45.88873652339515
3021556,44.38265208125648
3021557,0.008650719044344592
3021558,65.606096393666
3021559,42.023579159555354
3021560,0.0061517002121265745
3021561,0.0007595271267413665
3021562,0.0024788045701854364
3021563,0.003846400251634878
3021564,38.606787343744976
3021565,0.007190787409173441
3021566,0.0
3021567,36.52464176808188
3021568,21.896936372306573
3021569,0.033016410421930764
3021570,0.029639441932049496
3021571,42.1713487997069
3021572,0.03402746785484413
3021573,0.03642683047853569
3021574,40.5049633802968
3021575,0.03586862961660159
3021493,0.010026258789918743
3021550,0.006582282141092197
3021578,0.031553625495202936
3021579,0.04094485684946708
3021580,0.0025979960147413553
3021581,0.00635270601670064
3021582,59.724903289754934
3021583,0.0025222458830063857
3021584,55.43774511590856
3021585,0.0
3021586,55.20184513475109
3021587,55.20202283564669
3021588,48.062576577101765
3021589,0.0029729578008844664
3021576,44.535232935825675
3021591,71.34406176793222
3021592,5.832558854507804e-05
3021593,0.0026360889413666786
3021594,36.962775641982084
3021595,37.01274852090139
3021596,0.00020676796772684772
3021597,40.85174285206966
3021598,0.003680907501762019
3021599,0.0
3021600,0.0
3021601,23.835902115141753
3021602,0.032233387235066024
3021577,28.888525586633342
3021534,0.0
3021603,0.006791196033057892
3021605,0.011580684516549233
3021713,38.51497514379963
3021606,0.014610789079189423
3021607,0.014111853273014018
3021608,0.014111853273014018
3021609,47.3465289286276
3021610,0.01283233253056947
3021611,27.9467191219599
3021612,0.01731235117958109
3021613,0.00544878097132943
3021614,0.007513818476978878
3021615,54.22479778325232
3021617,50.872725074488244
3021629,0.0038839789433938844
3021618,0.0028157297449164435
3021619,50.711665336658335
3021620,50.71184275520941
3021621,44.962992886434996
3021622,43.557647923361266
3021623,0.007951783232945342
3021624,63.67470893036414
3021625,41.87485957310526
3021626,0.0056179496145369575
3021627,34.80445495404715
3021616,0.0058911548860626104
3021659,0.006696019755912022
3021630,37.856316094629555
3021632,0.0
3021634,21.37703948193948
3021635,0.028982312968168753
3021636,0.016048604366648886
3021637,40.74042571020167
3021638,0.020387047523795374
3021639,0.020002979407249696
3021640,0.019503855833410223
3021641,0.019503855833410223
3021642,44.06291733386546
3021643,0.016933665363381235
3021644,0.015837211888813475
3021628,34.84396556098744
3021646,0.006974841951142768
3021647,38.5453725733077
3021648,54.09102016484412
3021649,0.006969941214497555
3021650,50.758928840357385
3021651,0.0038968611435942694
3021652,50.59798545079408
3021653,50.59816286934515
3021654,44.8835832871308
3021655,0.008912419442469559
3021656,0.009037878580945869
3021657,63.48396643768836
3021631,0.007227688217796129
3021658,0.00910009951062729
3021633,0.0
3021660,34.75682225980277
3021673,0.02071151299178501
3021712,0.005603431174286874
3021663,37.79042578243473
3021664,0.00808870431993131
3021665,0.0
3021666,0.0
3021667,21.333622981847927
3021668,0.041758020958099856
3021669,0.016546185803878996
3021670,40.63809359502833
3021671,0.020886521408497102
3021685,50.71410193528246
3021672,0.021211931104003198
3021674,0.02071151299178501
3021680,38.57878825157212
3021675,43.46500359180003
3021683,50.875112466478
3021682,0.00816432461315222
3021681,54.22966290732855
3021684,0.005095558111625686
3021679,0.008135929388415265
3021678,0.01842813468910325
3021677,0.01648656724073837
3021676,0.017731993211696474
3021662,0.004964583213494478
3021645,0.019388760005395814
3021698,0.0
3021661,34.79580214698598
3021700,21.349778668557494
3021688,0.010116313366428011
3021689,0.010241645339707058
3021690,63.37569048846625
3021691,0.01030361410321983
3021692,0.007731303013055414
3021693,0.0023291632600756637
3021694,34.892581941249205
3021695,0.005426956180407397
3021696,37.92646022790327
3021697,0.008554296252734656
3021687,44.961180056807486
3021699,0.0
3021686,50.714279498335806
3021702,0.030741832130758612
3021703,41.12127249983032
3021704,0.03513498597603756
3021705,0.038271613352117116
3021706,0.03771158864144584
3021707,0.03771158864144584
3021708,44.758566664603244
3021709,0.03458178020565501
3021710,28.290485138775093
3021711,0.017933254559382786
3021701,0.03056885243075262
3021714,54.973688168838244
3021824,0.014735712189243024
3021716,51.504569103872996
3021728,0.0028956780945461214
3021717,0.0025610174341676186
3021718,51.3429794104244
3021719,51.343156828975474
3021720,45.39356423864344
3021721,43.939146056270395
3021722,0.007695115127586695
3021723,64.67447393364938
3021724,42.39209302884411
3021725,0.005358701444722949
3021726,35.20744148335599
3021715,0.005631576556556742
3021727,35.239556215300446
3021741,44.94025417000998
3021730,0.006009801226696804
3021731,0.0
3021732,0.0
3021733,21.75996415445816
3021734,0.012914497593653266
3021735,0.012666374759164115
3021736,41.39798090145853
3021737,0.016990890459764645
3021738,0.017314137624252483
3021739,0.01681742990117156
3021729,38.50169710377106
3021740,0.01681742990117156
3021742,0.013793586823085128
3021768,0.013928765456527851
3021756,69.27333356808116
3021745,0.009010192917425252
3021746,39.52847415880768
3021747,58.39539630474676
3021748,0.009455561624456864
3021749,54.42003033887471
3021750,0.0063878353017379885
3021751,54.04747201641943
3021752,54.047649995019185
3021753,47.292469636132466
3021754,0.011414344171593658
3021744,0.017006376354418373
3021755,0.011539566721807781
3021743,0.011313976515614488
3021758,0.009181712018113134
3021759,36.20116606409707
3021760,36.25626299981996
3021761,0.007454634183979414
3021762,39.89345392581757
3021763,38.24153951259627
3021764,0.0
3021765,37.565192432660304
3021766,22.708651367248464
3021767,0.027245416031461904
3021757,0.011601148717438413
3021383,0.007989285411921171
3021769,43.097100697617165
3021771,38.91558023558103
3021796,38.41857389064803
3021773,0.02008554576358779
3021774,44.84301095358101
3021775,29.10735650935724
3021776,28.95616577151504
3021777,0.017006376354418373
3021778,0.006168181055922128
3021779,38.69611913637726
3021780,55.53634555401434
3021781,0.006610859172035676
3021782,51.988006336799515
3021797,0.0
3021783,0.0035369544553568006
3021785,53.978756562402
3021786,47.24434436910366
3021787,0.0085503717237811
3021788,0.008675594273995224
3021789,69.06388761471202
3021790,0.008737176269625856
3021791,0.006338908532421586
3021792,0.0007890859312746376
3021793,36.40268157129213
3021794,0.004605141008234404
3021795,40.09537348148163
3021784,53.97857858380224
3021770,0.018257637300554446
3021798,37.7424032404606
3021823,0.01719582624589916
3021811,0.014557068872900956
3021800,0.02428306891141529
3021801,0.011660463202149056
3021802,43.37541910276853
3021803,0.015980687716070346
3021804,39.59040208921873
3021805,0.01780084757528289
3021806,0.01780084757528289
3021807,45.41155724874702
3021808,29.081714114337707
3021809,28.93186591151443
3021799,22.851082626403738
3021810,0.025836803760586266
3021772,0.02008554576358779
3021813,55.92673915434411
3021814,0.015007612207556153
3021815,52.32010558348597
3021816,0.011978835637917786
3021817,54.346264744367794
3021818,54.346443314869425
3021819,47.50139154942753
3021820,0.017281660274072706
3021821,0.017134360233351246
3021822,69.67826797537818
3021812,38.80984652528162
3022271,0.018105568879737858
3021826,36.5611733384599
3021828,40.31390008493576
3021840,45.72454144998404
3021829,38.61018107778951
3021830,0.0012656077063743368
3021831,37.93420257415706
3021832,23.00525362086958
3021833,0.03303077213922397
3021834,0.02018958179053129
3021835,43.65494131292182
3021836,0.02454201609401922
3021837,39.80773996557075
3021838,0.026391148756427972
3021839,0.026391148756427972
3021841,29.127579063991337
3021853,0.017281660274072706
3021842,28.97533403919235
3021843,0.025836803760586266
3021844,0.014557068872900956
3021845,38.17805779466028
3021846,53.7566131930404
3021847,0.015007612207556153
3021848,50.474108726796516
3021849,0.011978835637917786
3021850,52.30551996287365
3021936,0.01829642447511737
3021854,0.017134360233351246
3021856,0.01719582624589916
3021880,0.015007612207556153
3021868,43.02275823797065
3021857,0.014735712189243024
3021858,35.63175923354756
3021859,35.6805113740434
3021860,0.013021355719809464
3021861,40.61810979410324
3021862,38.17690394766256
3021863,0.0012656077063743368
3021864,37.50049247589046
3021865,22.656662770039503
3021866,0.03303077213922397
3021851,52.305698533375285
3021867,0.02018958179053129
3021855,66.26279785208716
3021870,0.0268971241316102
3021871,41.20852499495539
3021872,0.026391148756427972
3021873,44.350184226473296
3021874,29.0965622373617
3021875,28.945941319923552
3021876,0.025836803760586266
3021877,0.014557068872900956
3021878,38.17805779466028
3021879,53.7566131930404
3021869,0.02454201609401922
3021852,46.075840134937785
3021881,50.474108726796516
3021882,0.011978835637917786
3021909,0.017004944555952865
3021908,0.022019751251336553
3021885,45.544024606068156
3021886,0.017281660274072706
3021887,0.017134360233351246
3021888,64.98859359793677
3021889,0.01719582624589916
3021890,0.014735712189243024
3021891,35.306839532925004
3021892,35.351973433064394
3021893,0.013021355719809464
3021910,0.006166761622934405
3021894,40.1090918497673
3021896,0.0012656077063743368
3021897,37.07957496490413
3021898,22.318354435688917
3021899,0.03303077213922397
3021900,0.02018958179053129
3021901,42.409223310602485
3021902,0.02454201609401922
3021903,38.83925794805366
3021904,0.026391148756427972
3021905,0.026391148756427972
3021906,43.687727714022124
3021895,37.756407007049766
3022048,47.69238625254384
3021911,38.07453964639894
3021934,42.1498336452088
3021883,51.54420557078381
3021923,0.006337612606142037
3021912,53.4012949362371
3021913,0.006609440275128015
3021914,50.17184343110958
3021915,0.003535664147714185
3021916,51.22180680274613
3021917,51.22198477903624
3021918,45.31861201444884
3021919,0.008549077288778016
3021920,0.008674300738167714
3021935,0.015979377728505776
3021921,64.45001249261546
3021924,35.16941971342555
3021884,51.54438414128544
3021925,35.21302391996142
3021926,0.004603849569254764
3021927,39.893873100646005
3021928,37.57859713916985
3021929,0.0
3021930,36.90158724557749
3021931,22.175283929807588
3021932,0.02428176656473402
3021933,0.011659151668175952
3021922,0.008735885267729882
3021938,0.0177995368285606
3021939,43.40766189741536
3022019,0.013027144141955075
3021951,47.921886769318
3021940,28.94967170965117
3021941,0.013465127916570506
3021942,0.05438384570651193
3021943,0.004777917833187055
3021944,0.008509486331812293
3021945,59.40685569372904
3021946,0.004702401929079601
3021947,55.185876795395366
3021948,0.0016254400514210776
3021949,54.95091057599076
3021993,38.48059956329799
3021950,54.95108827688636
3021964,23.2436265222541
3021953,0.001809254737383389
3021954,70.8445392688701
3021955,0.0022268482873170972
3021956,0.00481047622676795
3021957,38.83847798074851
3021958,38.905491459548905
3021959,0.0023438762395022496
3021960,40.44282245021862
3021961,0.005451795319173271
3021962,0.0
3021952,0.005116353756606052
3021963,0.0001832520582860434
3021965,0.03434948674939853
3021991,34.72812395933142
3021979,0.011954211917873096
3021968,0.013867354060595848
3021969,0.016879860351866102
3021970,0.01638416368560521
3021971,0.01638416368560521
3021972,44.81421900351692
3021973,0.015133966066634485
3021974,27.919635557905856
3021975,0.02066939793825102
3021976,0.011925439649208794
3021977,37.38732604727873
3021967,42.655035902202634
3021978,51.10928832709594
3021966,0.009059214748406819
3021981,0.008897354224883424
3021982,49.14327318547053
3021983,49.1434517353717
3021984,43.85642151533996
3021985,0.014185443987332777
3021986,0.014037975898941322
3021987,60.99356496673484
3021988,0.014099190483053473
3021989,0.011657619480165166
3021990,34.70089018498164
3021980,48.21700067182658
3021907,28.993369431117802
3021992,0.009199020996965677
3022050,42.85314677829739
3022007,0.01889006820869123
3021996,0.003308964567819802
3021997,21.245904505079
3021998,0.012828069379109497
3021999,0.016696162259719857
3022000,40.46297838778364
3022001,0.021034304996843972
3022002,0.02337565926265303
3022003,0.022872977741934836
3022004,0.022872977741934836
3022005,40.99072375110395
3021995,0.0
3022006,28.984584425684158
3022020,59.0568733576635
3022009,0.010992936230389109
3022010,37.001460708680455
3022011,49.83162295694331
3022012,0.010949701942095843
3022013,47.1301313279754
3022014,0.007890863917627066
3022015,47.98601258936775
3022016,47.98619092441523
3022017,43.04794801212275
3022018,0.01317420096649266
3022008,0.02094354600243715
3021994,36.406032584091214
3022021,0.013088593802361622
3022047,0.0008957394129121826
3022035,36.862055961692306
3022024,33.79167362325101
3022025,0.008194161692677102
3022026,37.70791019508201
3022027,0.01156746041429346
3022028,0.0
3022029,0.0
3022030,20.653397950625486
3022031,0.015573425788994955
3022032,0.011891732092466368
3022033,39.41199034889934
3022023,33.77341869259019
3022034,0.016211979434936057
3022022,0.010653149476953668
3022037,0.015336070830434933
3022038,41.14513736927927
3022039,0.021588759554884665
3022040,28.750849622248868
3022041,0.014810702735068255
3022042,0.0035350619367943165
3022043,36.940081924407664
3022044,49.5045357726829
3022045,0.003975244089739994
3022046,46.85710502293533
3022036,0.015336070830434933
3022049,47.69256423587796
3021937,0.0177995368285606
3021827,0.013021355719809464
3022064,0.02691758158216877
3022053,58.54305133348496
3022054,0.006083820997872747
3022055,0.0037051951689967486
3022056,33.663113071694866
3022057,33.68993833230789
3022058,0.0019652158382902915
3022059,37.53409137069703
3022060,0.005294712771520311
3022061,0.0
3022062,0.0
3022160,0.0
3022063,20.64668990948381
3022077,50.18460801284058
3022066,39.437791422837535
3022067,0.01855865496668363
3022068,0.01817611608180547
3022069,0.01767936858628672
3022070,0.01767936858628672
3022071,40.978511167182674
3022072,0.016134553429646054
3022073,28.71862299211461
3022074,0.010275492203339004
3022075,0.0
3022065,0.014228655666915842
3022076,37.144786758762415
3022078,0.0
3022104,41.19539183192774
3022092,37.257840792963414
3022081,47.279038771948976
3022082,47.27921691476256
3022083,42.56539168893248
3022084,0.0
3022085,0.0
3022086,57.84851011530986
3022087,0.0
3022088,0.0
3022089,0.0
3022090,33.51244925870208
3022080,0.0
3022091,0.0
3022079,47.436021199507984
3022094,0.0
3022095,0.0
3022096,20.469597713321125
3022097,0.029520528334313952
3022098,0.0050749145960658345
3022099,39.094614637895255
3022100,0.009371042144420163
3022101,0.009689222914102093
3022102,0.009201276516760523
3022103,0.009201276516760523
3022093,0.0
3022161,38.80972705269018
3022105,0.007198332059237922
3022107,0.01429765126447933
3022132,37.00906923395875
3022109,0.007446283482733465
3022110,46.78260104571912
3022111,0.005408333771716245
3022112,44.53693441860023
3022113,0.0023372147867213883
3022114,44.38258165409368
3022115,44.38275929111942
3022116,40.53147526401981
3022117,39.590001303143346
3022118,0.007470028074280354
3022133,0.017331401393544284
3022119,53.078751061818146
3022121,0.0051364081663637096
3022122,0.0
3022123,0.00130774943388307
3022124,0.002672646030324936
3022125,35.59324126727751
3022126,0.006010459081637214
3022127,0.0
3022128,0.0
3022129,19.32110775549009
3022130,0.00977597465883953
3022051,0.005897023489291268
3022120,38.47458435486478
3022106,0.005119928383576008
3022134,0.01694933748317918
3022159,0.0
3022147,54.81400816715457
3022136,0.016453161612795072
3022137,0.012033590235566912
3022138,0.0152712156878901
3022139,0.012499001522604195
3022140,0.03874391241082727
3022141,0.0
3022142,39.839114511648134
3022143,59.24398945079806
3022144,0.0
3022145,55.04791476809335
3022135,0.016453161612795072
3022146,0.0
3022108,0.005380279601446306
3022149,47.82642773754526
3022150,0.0
3022151,0.0
3022152,70.5160942788576
3022153,0.0
3022154,0.0
3022155,36.817584063531996
3022156,36.86503005270837
3022157,0.0
3022158,40.61409392434259
3022148,54.81418637401987
3022162,23.639709052132936
3022131,35.640031180788554
3022243,0.009626472641949263
3022175,40.01016426295893
3022164,0.0003567130401766162
3022165,43.701478370633474
3022166,0.005123178986955853
3022167,0.00808452260692832
3022168,0.007598243783769489
3022169,0.007598243783769489
3022170,46.51792301155637
3022171,0.006283229586469112
3022172,28.00340483975416
3022173,0.04554380260877748
3022163,0.02457219992420471
3022174,0.007591643565453958
3022188,37.05562771524558
3022177,0.007515917648105928
3022178,55.54166025791978
3022179,0.004445064780875595
3022180,55.30526734173783
3022181,55.30544504263343
3022182,48.169422474884406
3022183,0.007940511233031224
3022184,0.0046143326738837
3022185,71.43987236823533
3022186,0.005033902490320741
3022176,59.82676230993998
3022187,0.007624224310776644
3022189,37.10537778157039
3022215,48.169422474884406
3022203,47.53167009909797
3022192,0.008285198034796649
3022193,0.0
3022194,39.103849518737675
3022195,23.874480175208202
3022196,0.03678173623584491
3022197,0.011374187439644745
3022198,44.08056919688037
3022199,0.01619338993269763
3022200,0.019219484220331526
3022201,0.018721287884280367
3022191,40.94268416744274
3022202,0.018721287884280367
3022190,0.00516018452926856
3022205,28.040946745649997
3022206,0.048422185410787064
3022207,0.007591643565453958
3022208,40.01016426295893
3022209,59.82676230993998
3022210,0.007515917648105928
3022211,55.54166025791978
3022212,0.004445064780875595
3022213,55.30526734173783
3022214,55.30544504263343
3022204,0.017474698208963697
3022216,0.007940511233031224
3022217,0.0046143326738837
3022052,0.006022244196354262
3022231,44.08056919688037
3022220,0.007624224310776644
3022221,37.05562771524558
3022222,37.10537778157039
3022223,0.00516018452926856
3022224,40.94268416744274
3022225,0.008285198034796649
3022226,0.0
3022227,39.103849518737675
3022228,23.874480175208202
3022230,0.011374187439644745
3022219,0.005033902490320741
3022232,0.01619338993269763
3022233,0.019219484220331526
3022234,0.018721287884280367
3022235,0.018721287884280367
3022236,47.53167009909797
3022237,0.017474698208963697
3022238,28.040946745649997
3022239,0.05091705585414028
3022240,0.00925191126780575
3022241,40.39189682511442
3022242,61.159462837155054
3022218,71.43987236823533
3022244,56.67037917041504
3022245,0.006560349496862136
3022229,0.03678173623584491
3021382,0.005921217012532423
3022247,56.20174881738019
3022248,48.79472252648664
3022249,47.108862846310856
3022250,0.00671980488441085
3022251,72.94752986052133
3022252,44.73591577162341
3022253,0.00973595223499523
3022254,0.0041637669968163805
3022255,37.27404121958772
3022256,0.007273230257366622
3022257,41.17409410485166
3022258,0.010637697107124242
3022259,0.0
3022246,56.20157075581129
3022260,39.32424654621592
3022269,46.195843188255516
3022268,0.020779428555482378
3022267,0.020779428555482378
3022266,0.021279529174268494
3022270,28.71419671555782
3022264,44.3920445865585
3022263,0.014117904817879529
3022262,0.027440828435390904
3022261,24.040335478308663
3022265,0.018948946585357437
3022283,0.00047371412143782125
3022275,58.7041636854753
3022276,0.0
3022277,54.822067757116166
3022278,0.0
3022279,54.851023929808996
3022280,54.85135069347912
3022274,40.137608631837914
3022281,48.11014738537365
3022282,0.0012659306677445645
3022285,0.0013340834797494607
3022290,44.37530830131759
3022286,0.0007174875923246703
3022287,0.0
3022288,40.8895482837779
3022289,0.0
3022291,0.0
3022292,0.0
3022293,0.0175240350796749
3022294,41.755060504219976
3022295,0.01674496800741801
3022296,0.015182729696978026
3022273,0.0
3022297,45.87386037973716
3022284,70.13165648891089
3022301,0.013408268790002932
3022298,0.011411668024817714
3022302,48.12593017599243
3022303,0.0
3022304,32.03445842814906
3022305,0.04441200278792776
3022306,0.0004277963018759015
3022307,0.0012757509541897912
3022308,57.82498880827764
3022309,0.0011901557961480004
3022310,53.979105390455864
3022311,0.002429923993973717
3022313,54.008200944871916
3022380,44.5976491418018
3022299,0.012902276813844451
3022315,45.809841455431
3022316,0.004155883973102012
3022317,69.14581083809091
3022318,0.005260082247511344
3022319,0.004618078525195026
3022320,0.0
3022321,0.0
3022322,0.0
3022323,43.63920909807126
3022324,0.0
3022300,0.013408268790002932
3022314,47.329851449937834
3022325,0.0
3022351,0.00976959912114219
3022327,0.010142037547484568
3022352,0.009119360192186688
3022329,0.019075302864847446
3022330,45.09274227216675
3022331,0.015244380291388407
3022332,0.017814859468326942
3022333,0.013760543751612014
3022334,0.015269752915098972
3022335,47.36376049729119
3022336,31.449876833954434
3022337,0.008670443211794034
3022338,0.01942206602913507
3022353,0.0024247924617215562
3022339,0.004891945242692413
3022341,56.091408625537476
3022342,0.005659197304469001
3022343,52.50862162618239
3022344,0.006908003859369706
3022345,52.34741276985062
3022346,52.34773812941981
3022347,46.18340478591395
3022348,44.780385834497935
3022349,0.008657400179342396
3022350,66.32196375427024
3022312,54.00787610247527
3022340,38.95617500865874
3022326,0.021402120969046638
3022354,39.29640331958301
3022379,50.06150297786137
3022367,0.019384168889550978
3022356,42.41147527840132
3022357,0.0
3022358,0.0
3022359,0.026035358981191428
3022360,39.87787914745207
3022361,0.02308214014168359
3022362,0.023214563416699457
3022363,43.67672746129477
3022364,0.019358482713901098
3022365,0.02194598181089073
3022355,0.003612290016963158
3022366,0.017864965703515822
3022328,0.01960476997868188
3022369,31.880195685267353
3022370,0.0217232944594841
3022371,0.022572510969538127
3022372,0.0017805185811043682
3022373,0.0026290663748972944
3022374,53.17989345949631
3022375,0.002543299459550296
3022376,50.03346525135958
3022377,0.003783904457702662
3022378,50.06117817818899
3022368,44.884827630632365
3022381,43.354060694231
3022479,45.37330359062807
3022383,62.154148572040455
3022384,0.006616132157917247
3022385,0.005975297220894231
3022386,0.0
3022387,0.00038668630459685915
3022388,0.0005184540158341192
3022389,41.31316394136841
3022390,0.0
3022391,0.0
3022392,40.202673433720776
3022393,0.006711034952944853
3022394,0.020707515609190392
3022396,42.469910567669686
3022408,0.002543299459550296
3022397,0.0183357562151491
3022398,0.020916518124633965
3022399,0.016866850000545358
3022400,0.0183820950656384
3022401,44.84389245044445
3022402,31.251993309968498
3022403,0.010260398984357523
3022404,0.022572510969538127
3022405,0.0017805185811043682
3022406,38.1313569035738
3022395,0.02298616292819905
3022437,0.01670253876004031
3022409,50.03346525135958
3022411,50.06117817818899
3022412,50.06150297786137
3022413,44.5976491418018
3022414,43.354060694231
3022415,0.005510502721293718
3022416,62.154148572040455
3022417,0.006616132157917247
3022418,0.005975297220894231
3022419,0.0
3022420,38.49948945131068
3022421,0.0005184540158341192
3022422,41.1982137613147
3022407,53.17989345949631
3022424,0.0
3022425,0.02312466837865987
3022426,0.006711034952944853
3022427,0.020707515609190392
3022428,0.02298616292819905
3022429,42.469910567669686
3022430,0.0183357562151491
3022431,0.020916518124633965
3022432,0.016866850000545358
3022433,0.0183820950656384
3022434,44.84389245044445
3022435,31.251993309968498
3022410,0.003783904457702662
3022436,0.010260398984357523
3022438,0.0032666542845011734
3022493,0.021188738029576704
3022440,54.35515967453537
3022441,0.004031434530281193
3022442,51.033306816222705
3022443,0.0052758991823761495
3022444,51.06134656960499
3022445,51.061671358270345
3022446,45.29322252861947
3022447,43.98030768029183
3022448,0.007020366986689133
3022449,63.82722093144498
3022450,0.00812937119748315
3022451,0.005916289261897176
3022452,0.0008542943417727147
3022453,40.194050627410455
3022454,0.002019829317787653
3022455,41.78529670002382
3022456,0.0
3022457,0.0
3022458,0.024729996861459252
3022459,0.008880567484184343
3022460,0.030465370506766662
3022461,0.02380405264379906
3022462,43.13037184840471
3022463,0.019145267620628518
3022464,0.021730717807953995
3022382,0.005510502721293718
3022439,0.004117933410783257
3022467,46.03708414555482
3022468,31.28972303014809
3022469,0.012412326938875985
3022470,39.05591410928677
3022471,0.0019525212789779265
3022472,0.0028028189649577893
3022473,54.53229532127037
3022474,0.0027166180827710496
3022475,51.1751204032928
3022476,0.003959703875669908
3022477,51.20258289398755
3022478,51.202907739492815
3022465,0.019026319446988946
3022480,44.04646891197817
3022481,0.005673669482878801
3022482,64.419475119382
3022483,0.0067808702554847606
3022484,0.006150713203711968
3022485,0.0
3022486,0.0005240138643016609
3022487,0.000659384564731021
3022488,41.84571367670787
3022489,0.0
3022490,0.0
3022491,0.01946521511558551
3022466,0.02054828866107071
3022492,39.21168342391375
3022574,51.851114633535204
3022715,0.00903052678477404
3022507,0.003367682611250736
3022496,0.017752898368690585
3022497,0.02033501442119894
3022498,0.016262459302404116
3022499,0.017778501579621027
3022500,45.7510167186057
3022501,31.309417350184795
3022502,0.009632865391990233
3022503,0.016493223783971316
3022504,0.0026026261924903113
3022505,0.0034542539770933056
3022603,0.004675671708715051
3022506,56.584953089966774
3022520,0.0013245637205940809
3022509,0.0046126443485847764
3022510,52.950463897383635
3022511,52.9507887287718
3022512,46.59119533735334
3022513,45.03654979902326
3022514,0.0063427392367040245
3022515,67.08069092526306
3022516,0.007451550772549943
3022517,0.00681930816808445
3022518,0.00014219663391134391
3022508,52.922531740709275
3022519,41.40830909428542
3022521,42.518395446350425
3022547,0.003438923915485778
3022535,0.020641784185598394
3022524,0.019575312510004106
3022525,0.01238709312733012
3022526,0.02941346274558703
3022527,0.02075181122358302
3022528,43.28472699485644
3022529,0.016908629518538616
3022530,0.01948743006268134
3022531,0.016769210543431893
3022532,0.018287266340055123
3022533,0.009645424293829233
3022523,0.0
3022534,0.007765418851802847
3022522,0.0
3022537,0.0
3022538,39.05710759981757
3022539,56.745376076344044
3022540,0.0004910920331255776
3022541,53.05922929182305
3022542,0.0017292043394136279
3022543,53.0871302528659
3022544,53.08745509526254
3022545,46.686667741746916
3022546,45.121952356309905
3022536,0.015973550156692634
3022604,0.00552907076179915
3022548,67.30875563179208
3022550,0.003916097859868907
3022575,0.0037253519380490976
3022552,39.708046339933084
3022553,0.0
3022554,42.8540433113281
3022555,0.0
3022556,0.0
3022557,41.306611298100776
3022558,0.009473356320813826
3022559,0.026381616923967677
3022560,0.018390397067604328
3022561,44.35210449293091
3022576,54.015320613434135
3022562,0.014564473833725824
3022564,43.12548215131421
3022565,0.0159367177142647
3022566,46.54533245774041
3022567,31.374100733795743
3022568,0.009334860843718186
3022569,0.018450722882194685
3022570,0.0017182976328172649
3022571,0.0025684295554893955
3022572,55.3292874144081
3022573,0.002482449171683882
3022423,0.0
3022563,0.01713156485913791
3022549,0.004541615309969382
3022577,54.01564588967879
3022602,0.019208950084347164
3022590,41.797905920431425
3022579,45.69799509469588
3022580,0.005440029081049178
3022581,68.86464697883405
3022582,0.00654655677435568
3022583,0.005915815291339967
3022584,0.0
3022585,40.10617909937463
3022586,0.0004266285767514324
3022587,43.39399173187753
3022588,0.0
3022578,47.331885246673416
3022589,0.0
3022551,0.0
3022592,0.020941655182143613
3022593,0.02041059589952167
3022594,44.97390885573098
3022595,0.0165698547112464
3022596,0.019146958385658174
3022597,0.015082230983538808
3022598,0.016595330281419934
3022599,46.55090069372006
3022600,31.854747506408515
3022601,0.009991520459182224
3022591,40.47792510256012
3022494,0.022405742844866416
3022605,53.91145130556565
3022686,43.14662984091499
3022618,0.0031458893865474046
3022607,50.656779155168174
3022608,0.006689519597455288
3022609,50.684101075527856
3022610,50.68442587520024
3022611,45.032789751543014
3022612,43.651208445085494
3022613,0.008407131063862592
3022614,62.93999146754827
3022615,0.009285588572795616
3022616,0.008494967163452043
3022660,45.11430592021142
3022617,0.002013192519558269
3022631,0.021227522087022638
3022620,41.474348252281494
3022621,0.0
3022622,0.0
3022623,0.02185026891929784
3022624,0.009473198476529457
3022625,0.02261232173137419
3022626,0.025856622037743804
3022627,42.788519805340584
3022628,0.02118087403743857
3022629,0.023775821852379975
3022619,0.0032827346684614683
3022630,41.84610187930972
3022632,45.208130235783806
3022658,0.00664380588656691
3022646,0.0
3022635,0.023035593332610137
3022636,0.0
3022637,39.360292734516214
3022638,57.858936424665735
3022639,0.0
3022640,53.9910536477131
3022641,0.0
3022642,54.01985678465927
3022643,54.02018162705591
3022644,47.30362412430933
3022634,0.016408497952326937
3022645,0.0
3022633,31.284865509980705
3022648,0.0
3022649,0.0
3022650,40.05073768938115
3022651,40.14178211534551
3022652,0.0
3022653,43.618301488710074
3022654,0.0
3022655,0.0
3022656,0.00709359291640482
3022657,40.89430759823153
3022647,69.24417370260088
3022606,0.00544204842362157
3022659,0.0050820496551577865
3022495,43.20903384590536
3022674,0.006978648006671824
3022663,0.0
3022664,0.0003056313116305112
3022665,47.37110645760755
3022666,0.0
3022667,0.0
3022668,0.018033398981249962
3022669,0.004961884378805547
3022670,0.005816508920746805
3022671,58.08438408141588
3022672,0.005729378584451535
3022662,0.0028037265639370406
3022673,54.20517412368677
3022687,0.0
3022676,54.028392876069695
3022677,47.35434063760534
3022678,45.7228222736527
3022679,0.008713499861996744
3022680,68.85590627031534
3022681,0.009592401370314831
3022682,0.008956975155962367
3022683,0.0022633344369297082
3022684,39.93375534860588
3022685,0.003551326186502315
3022675,54.028067516500506
3022661,0.0013143890302246535
3022688,41.367493657098265
3022714,0.00966612292248778
3022702,0.005035073371548586
3022691,0.031726001088531935
3022692,0.02303570945363664
3022693,44.66592251180794
3022694,0.01918001618102932
3022695,0.021767250782407762
3022696,0.019040191434008837
3022697,0.020563214905245066
3022698,45.99756801784444
3022699,31.903515836547303
3022700,0.013241475368160276
3022690,40.28282893851834
3022701,0.01810794523136179
3022689,41.5760687253329
3022704,58.353407963057414
3022705,0.005802659730469317
3022706,54.43440881855246
3022707,0.007052096052638091
3022708,54.25524876422214
3022709,54.25557413461242
3022710,47.51304140450988
3022711,45.86478319528136
3022712,0.008787113104983875
3022713,69.23499071049496
3022703,0.005889815930789925
3022716,41.98780329410361
3022940,50.871729482574615
3022718,0.0036245118375386855
3022826,0.02190990194621951
3022729,0.019115118958044477
3022939,50.87140461922716
3022719,43.276966019700936
3022720,0.0
3022721,0.0
3022722,0.02193339248863305
3022723,40.11377591881462
3022724,0.03180269430888778
3022725,0.023111183195726442
3022726,44.111286978475874
3022727,0.019254961455221056
3022728,0.021842551821823
3022730,0.02063835290818257
3022742,51.16229581377763
3022731,45.1066297110061
3022732,0.009397128558748288
3022733,0.01286190092473559
3022734,0.018222379753261245
3022735,0.004242631287568628
3022736,38.40190480378577
3022737,54.48631582114789
3022738,0.005009729825245437
3022743,45.34189939043779
3022745,0.007992120211620966
3022769,0.006456832415761431
3022768,0.005600506807173316
3022827,0.024084178804787703
3022757,0.030328018157083504
3022746,64.09602373769388
3022747,0.008870717961377814
3022748,0.008235191846208648
3022749,38.78979604646087
3022750,38.86869161530853
3022751,0.002833413482494273
3022752,41.7231037250911
3022753,0.0
3022754,0.0
3022739,51.13444341041021
3022755,0.02113202535697347
3022758,0.022464728854555176
3022744,43.91906404040117
3022759,43.42507105037743
3022760,0.01860931403614114
3022761,0.021196392175327046
3022762,0.018469536808199908
3022763,0.019992463421888377
3022764,46.4409112755177
3022765,31.35566587281599
3022766,0.012239366722161877
3022767,0.019890883628180877
3022756,0.013269419841753307
3022740,0.0062585080556675715
3022741,51.16197085292428
3022770,56.895912365962836
3022800,0.01909009519785368
3022799,0.023704772260620826
3022798,0.009171792682841058
3022775,53.217367725259415
3022776,46.780583934671036
3022777,0.010186302463474446
3022778,0.009357051952816213
3022779,67.51849792698911
3022780,0.010237643699683073
3022781,0.009599492558518793
3022782,40.225977037089486
3022801,0.005935422561811993
3022783,40.31754121555628
3022785,42.94648443505637
3022786,0.00024609442845863574
3022787,0.0
3022788,41.392711490960906
3022789,40.115934023068675
3022790,0.01897964124079823
3022791,0.024681752014574048
3022792,44.87569933403582
3022793,0.020811294633146207
3022794,0.022980784493680875
3022795,0.018887824024109698
3022784,0.004826957919803429
3022774,53.217042660347225
3022825,42.62458547421192
3022823,0.02549228698269123
3022771,0.006369141179003926
3022772,53.18903290911832
3022813,0.010574990452756821
3022802,38.380693579558674
3022803,53.51243465794342
3022804,0.0067044764662285115
3022805,50.30621142654162
3022806,0.007956864665706092
3022807,50.33355552333656
3022808,50.333880669086604
3022809,44.76636434218231
3022824,0.026600040383131327
3022810,0.010523872212735434
3022812,62.70661486376012
3022814,0.009936060583073114
3022773,0.00762078268561023
3022815,38.34653142959658
3022816,38.42042926818911
3022817,0.005162281362002399
3022818,41.115648159173325
3022819,0.00057864212202268
3022820,0.0
3022821,0.02350097093238823
3022822,0.011038026051963953
3022811,0.009693938214525235
3022829,0.02150931727631057
3022909,0.010518531716858572
3022908,44.766341553816694
3022855,39.48196217784757
3022841,52.83654408411535
3022883,0.004602251971328783
3022831,0.009220215458430943
3022832,31.32544951421476
3022833,0.01577238516566243
3022834,0.0044921721027779355
3022835,0.005346110469745903
3022836,56.44680929580956
3022837,0.005259274894208625
3022838,52.80826129869808
3022830,45.13563259817804
3022839,0.006507605461340988
3022842,46.518399285836544
3022854,0.02267749202423203
3022843,0.009066931043335887
3022844,0.008242237639202067
3022845,66.87449807475352
3022846,0.009120178866644747
3022847,0.008485230735972628
3022848,0.0024722077435513066
3022849,41.4565365107964
3022850,0.003717077644480203
3022851,42.569366133639036
3022840,52.83621844308244
3022852,0.0
3022857,0.024198845063393128
3022881,0.003351981290003186
3023161,0.00914467055082603
3022869,54.169822560406715
3022859,0.02033469933814239
3022860,0.021862534021799083
3022861,0.02138554079706936
3022862,0.020658270998552133
3022863,0.0049596988593871025
3022864,0.009049531722876081
3022858,43.955883065901034
3022865,0.02149955062052871
3022866,0.020100173938472913
3022856,0.02643401633202838
3022867,0.005376174158514945
3022875,45.15755885719202
3022870,0.006144519126121505
3022871,50.866274611567704
3022872,0.0073957475755460295
3022873,50.89372997003641
3022874,50.89405482887171
3022876,0.009960379635990366
3022877,0.009131238893468068
3022878,63.641654735687816
3022879,0.010011701850534028
3022880,0.00937407690152911
3022868,0.0062322243826597595
3022796,0.020411512459664202
3022853,0.0
3022937,50.84395466284302
3022885,2.2867782599681548e-05
3022897,0.008985933350400998
3022886,40.0445121210901
3022887,0.023001011159864464
3022888,38.904782899633474
3022889,0.02511515855629915
3022890,0.026851888229727335
3022891,43.29774360301794
3022892,0.02215982261442888
3022893,0.024334997267959
3022894,0.020231394635047608
3022911,62.706592028345206
3022895,0.021759080307092362
3022898,0.016477466994898392
3022910,0.009688571757724949
3022899,0.01908473053040636
3022900,0.005930104225379648
3022901,38.38067208226257
3022902,53.51241314569785
3022903,0.006699150696127425
3022904,50.30618989324276
3022905,0.007951536330823485
3022906,50.333532752424034
3022907,50.33385788072099
3022896,46.180029007912324
3022882,0.004459645137509232
3022913,0.009930718396904611
3022936,0.005549784361738284
3022884,41.58369529987087
3022925,0.021904525681438407
3022914,0.0039047769662004217
3022915,38.42040868994084
3022916,0.005156945883712257
3022917,41.11562756476143
3022918,0.0005733104012966479
3022919,0.0
3022920,0.023495604933186313
3022921,38.45528988440559
3022922,0.02548691845852599
3022828,0.022238406879138597
3022923,0.026594661959837226
3022926,0.0240788025400066
3022912,0.010569635568040152
3022927,0.022233032204005555
3022928,0.02150394260117753
3022929,45.13561496283993
3022930,0.009214873461606654
3022931,31.32543183311087
3022932,0.019492962057173813
3022933,0.004782176011100584
3022934,0.005637229805568753
3022935,54.14362496646859
3022924,42.62456473872212
3022797,46.75816055389592
3022938,0.006799601589214876
3023049,40.622053590470586
3022953,0.02238702145716698
3022942,43.74128590957657
3022943,0.00853389483744999
3022944,63.604402491154026
3022945,0.009413370394813795
3022946,0.008777133558768711
3022947,0.0027597547633089565
3022948,38.758013626185935
3022949,0.004007631009859742
3022950,41.57060286110047
3022951,0.0
3022717,42.09672720615195
3022952,0.0
3022966,0.0034408475205751
3022955,0.024499969818067083
3022956,0.02623487852429201
3022957,43.28220026436225
3022958,0.021548275488483343
3022959,0.02372089273022357
3022960,42.28793297996424
3022961,0.02114796117804941
3022962,46.16087234846921
3022963,0.008384359269520705
3022964,0.01586710122891373
3022954,0.009976907356265882
3022965,0.018121842885792817
3022967,0.004293654964993296
3022993,42.25553666343592
3022981,0.002525842388484671
3022970,50.79365787939575
3022971,0.0054534269616723806
3022972,50.821096391688094
3022973,50.82142125503555
3022974,45.106823553009185
3022975,43.709850896759185
3022976,0.007185010061215364
3022977,63.52043909698899
3022978,0.008062270002174158
3022979,0.007429153096754035
3022969,0.0042067911321106745
3022980,38.65927304848818
3022968,54.08459443363168
3022983,41.54109522407654
3022984,0.0
3022985,0.0
3022986,0.021000623007626843
3022987,38.870217802997125
3022988,0.023110864945125112
3022989,0.02484167210673143
3022990,43.24717180672065
3022991,0.02016736439155284
3022992,0.02233423164771739
3022982,0.002664889237327279
3023050,0.0
3022994,0.019768037283047997
3022996,0.007025942406734889
3023021,0.02015755038106501
3022998,0.0339836285545658
3022999,0.0
3023000,39.56301324501587
3023001,58.55237620073964
3023002,0.0
3023003,54.581876085613
3023004,0.00036046136026373265
3023005,54.61089733835669
3023006,54.611222169744856
3023007,47.71648874078978
3023022,0.017923430920995468
3023008,0.0029327665548392603
3023010,70.2384829584742
3023011,0.0029820118499255793
3023012,0.0023224878805583756
3023013,0.0
3023014,40.4011536038287
3023015,0.0
3023016,43.97151833167918
3023017,0.0
3023018,0.0
3023019,42.70153521550838
3023020,41.18878395140837
3023009,0.002107629719482118
3022995,46.11770714156003
3023023,45.49623014180248
3023048,0.0028723343559035673
3023036,49.616406063599854
3023025,0.015588809247603514
3023026,43.900598787155644
3023027,0.01302862771868572
3023028,47.96476602843808
3023029,0.002332775962602056
3023030,31.32613917196444
3023031,0.014913988890529242
3023032,0.004282148455128246
3023033,0.005136364059279261
3023034,52.702897732581874
3023024,0.014062008332004645
3023035,0.0050491356136086775
3022997,0.014488877928933566
3023038,49.64356991768907
3023039,49.64389478103653
3023040,44.284266103668365
3023041,42.97406827346817
3023042,0.008031050496350728
3023043,61.55546183258469
3023044,0.008909700901913424
3023045,0.00827462449379631
3023046,0.0015847483774163267
3023047,0.002732906130466654
3023037,0.006297766801786497
3022272,0.03735668499212391
3023051,0.0
3023132,0.006349655868645653
3023064,0.01473953375409377
3023053,0.009362966010902026
3023054,0.03003501545674754
3023055,0.0240731130531912
3023056,42.13348715248481
3023057,0.019405589091646108
3023058,0.02199592313455287
3023059,40.84032975425623
3023060,0.0194313716229051
3023061,44.734180339497044
3023062,0.006694526611945098
3023106,0.00978443929476976
3023063,0.023175908452948993
3023077,0.00951124234173383
3023066,0.006552216358793193
3023067,53.02379540124477
3023068,0.005649378506604469
3023069,49.894907770870695
3023070,0.006898168386120439
3023071,51.84418122795801
3023072,51.844506575453785
3023073,45.8318703907614
3023074,44.36204083143523
3023075,0.008632585950787149
3023065,0.0056965647967704225
3023076,65.20474519876305
3023078,0.008876540138463455
3023104,49.675861330042586
3023092,0.01758947361032897
3023081,0.003471098194544341
3023082,42.13922516156709
3023083,0.0
3023084,0.0
3023085,0.02235455448350149
3023086,0.014594159569952157
3023087,0.02360419548284301
3023088,0.023741762309153206
3023089,43.900002313199565
3023090,0.019082096500898014
3023080,39.18859146161086
3023091,0.021667997448349605
3023079,0.0021841824082556
3023094,46.31473456211938
3023095,0.007904125138348763
3023096,0.02219885563773555
3023097,0.012844909573376742
3023098,0.005201675363674932
3023099,38.1475881705038
3023100,52.74078912052133
3023101,0.0059698047892931295
3023102,49.64868984655884
3023103,0.007220616203618124
3023093,0.01910774174849921
3023052,0.02175233443579228
3023105,49.676186193390045
3022941,45.14196549789444
3023120,0.030998289846252927
3023109,61.60935587555344
3023110,0.00983593007336833
3023111,0.009198712554652176
3023112,0.002500318562004759
3023113,0.003650562011960938
3023114,0.0037916782595643415
3023115,40.64057871406678
3023116,0.0
3023117,0.0
3023118,0.02270254609486611
3023108,0.008955760680686436
3023119,0.010282122253064015
3023133,55.59301818936366
3023122,42.155437874225534
3023123,0.020349294531213674
3023124,0.022944329890477094
3023125,0.018851546951755845
3023126,0.020375177645310723
3023127,44.761210330646946
3023128,0.007623619600316946
3023129,0.02404121329554028
3023130,0.015770127799488328
3023131,0.005493223804352031
3023121,0.025025222747672098
3023107,42.99424516098038
3023134,0.006261871854546523
3023160,46.834032525658365
3023148,42.03032367218037
3023137,52.10511616337339
3023138,52.105441071259456
3023139,46.000713326203304
3023140,44.50836942361541
3023141,0.009249705278366535
3023142,65.66998245102144
3023143,0.01013042896671478
3023144,0.009491995616292097
3023145,0.0027904364097004874
3023146,39.09669656170817
3023136,0.007513646747895228
3023147,0.004083701122419044
3023135,52.07738266846798
3023150,0.0
3023151,0.02304490620843968
3023152,39.37409928869933
3023153,0.03298876287308678
3023154,0.023647186919666784
3023155,43.75994559169218
3023156,0.018982427196321382
3023157,0.021571207793173685
3023158,0.018842558770162793
3023159,0.020366491212231847
3023149,0.0
3023162,0.012519455735686259
3023163,0.01362848963015573
3023762,48.55511482620922
3023176,0.010150426997000908
3023607,0.001133655798115747
3023166,55.31459965217644
3023167,0.006284718089070753
3023168,51.8467417836775
3023169,0.007535038562562154
3023170,51.690844689303326
3023171,51.69116999220024
3023172,45.72474409650932
3023173,44.266208902112346
3023174,0.009270669082958911
3023175,64.94891139445161
3023177,0.009514247569168768
3023189,0.02066040735723215
3023178,0.002815902233848191
3023179,38.94399294024309
3023180,0.00410547838691222
3023181,41.80968664223042
3023182,0.0
3023183,0.0
3023184,0.02301061424201339
3023185,39.103235957346
3023186,0.0313042193227114
3023218,0.010515832911676397
3023190,0.023254248760954912
3023192,0.020686226172688775
3023216,0.0
3023204,50.28962898075209
3023193,0.010038994071846085
3023194,0.007933399883556654
3023195,0.015309522171962549
3023196,0.016109608237640984
3023197,0.005399543273456249
3023198,38.35821275489344
3023199,53.46237666801521
3023200,0.006168073633442818
3023201,50.261997212167955
3023202,0.007419651991908007
3023187,0.025334247960409086
3023203,50.28930411740463
3023191,42.09468481275309
3023206,43.37372875034438
3023207,0.009155451188746274
3023208,62.6398777142036
3023209,0.010036073091467335
3023210,0.009397856548400559
3023211,38.24973214078141
3023212,0.0038480354091151373
3023213,0.0039899926796176785
3023214,40.98859364222602
3023215,0.0
3023205,44.732265470620256
3023188,43.534237095195195
3023217,0.022948423700323278
3023219,0.03222069329535949
3023220,0.025271553572452903
3023232,54.927488034095546
3023221,42.57060924023278
3023222,0.020592337787306087
3023223,0.023189219027912395
3023224,41.25892290371074
3023225,0.021980833372387595
3023226,45.31509517804625
3023227,0.00920355188190795
3023228,0.012578811109958659
3023229,0.016864207232773865
3023246,0.0043959035821685205
3023230,0.005170038801476532
3023233,0.005938129111546595
3023245,39.048825164882224
3023234,51.51183186010864
3023235,0.007188866485726908
3023236,51.539426774988875
3023237,51.539751638336334
3023238,45.608614553375396
3023239,44.158706296844635
3023240,0.008923946701537571
3023241,64.7192000833171
3023242,0.009804062077510138
3023231,0.00602574312476307
3023386,45.469223992510486
3023248,0.0
3023271,45.32718378266734
3023273,0.012285289357070774
3023260,0.009727182998439735
3023249,0.0
3023250,0.023429087599129986
3023251,39.24379682826568
3023252,0.02861982610113574
3023253,0.028257604985583322
3023254,43.78946154060737
3023255,0.02355314104543868
3023256,0.02509163750992957
3023257,0.02098216899596151
3023272,0.013119971393204465
3023258,0.022512048863992058
3023261,0.013105062968215411
3023247,41.96242376869324
3023262,0.018879739829383665
3023263,0.008517368794774207
3023264,38.70036569080189
3023265,54.40572600017851
3023266,0.0092885247693959
3023267,51.07794152866383
3023268,0.010545027725454017
3023269,51.10542896934683
3023270,51.10575395783824
3023259,46.76529587141843
3023274,63.63608500313013
3023276,0.012369104467262445
3023356,42.230418317371736
3023288,0.02494603147813383
3023277,0.006460507645224706
3023278,38.789453433077654
3023279,0.007703223330336529
3023280,41.715804238900304
3023281,0.0031044571800206686
3023282,0.0
3023283,40.07127911594542
3023284,38.86244750492301
3023285,0.028606676976501027
3023286,0.029655874547038844
3023330,38.78038184987651
3023287,43.179615700663746
3023301,0.006696622458171919
3023290,0.0252968199771734
3023291,0.02456463838339765
3023292,0.007100490228578029
3023293,0.01184114285762142
3023294,0.019143721396277652
3023295,0.016365768047452534
3023296,0.004679569409087473
3023297,38.822909272646136
3023298,54.97862977298715
3023299,0.00544705016853245
3023289,0.027129535880771313
3023300,51.555405239625244
3023302,51.583011598597274
3023328,0.017156211956718157
3023316,0.022882773776860547
3023305,0.009258041805758472
3023306,0.008430713609408341
3023307,64.79187388092453
3023308,0.009310018734740992
3023309,0.008674016591984711
3023310,38.81205548867373
3023311,38.89033212289004
3023312,0.003904915443105401
3023313,41.97044989174012
3023314,0.0
3023304,45.639060605926666
3023315,0.0
3023303,51.58333646194473
3023318,0.028069243096184263
3023319,0.02707694128071119
3023320,43.51807348671333
3023321,0.022382896977531347
3023322,0.023917956861721906
3023323,0.021177754187211358
3023324,0.022708209612593018
3023325,45.69108570448728
3023326,0.010401844247362083
3023327,31.695640135069034
3023317,39.15349436091949
3023243,0.009166919995922528
3023329,0.00901470145526053
3023275,0.013169897029355782
3023344,39.05307105097152
3023333,51.98806771612323
3023334,0.01022117140694094
3023335,51.831561592307025
3023336,51.83188702144003
3023337,45.844801679032805
3023338,44.38121677913046
3023339,0.011960630654336994
3023340,64.81364568836383
3023341,0.012843778049720603
3023342,0.012045778265507406
3023332,0.0089666693707759
3023343,0.006141735279570609
3023357,0.024538944225059346
3023346,42.06302373337469
3023347,0.0027307857795147027
3023348,0.0
3023349,40.47924634155606
3023350,0.014724728995058835
3023351,0.035259477522378284
3023352,0.02919190617534904
3023353,43.67797661385679
3023354,0.0244920301369451
3023355,0.027100441151025147
3023345,0.007424864286546554
3023331,55.467932191989725
3023358,45.42456983650936
3023384,0.019365052612066863
3023372,0.0012677779228550735
3023361,0.03309531818173636
3023362,0.0
3023363,39.548267055898435
3023364,58.50194781023671
3023365,0.0
3023366,54.53890924296163
3023367,0.0
3023368,54.56791905161353
3023369,54.56824388300169
3023370,47.68646611963499
3023360,0.018868890593743567
3023371,0.002090757815129406
3023359,32.249204055513516
3023374,0.002140780764565529
3023375,0.0014832260767823498
3023376,0.0
3023377,40.38229183319882
3023378,0.0
3023379,43.94583302131541
3023380,0.0
3023381,0.0
3023382,0.019851629389322393
3023383,0.008475744209994347
3023373,70.1662058893824
3023608,40.2990467558104
3023244,38.969073196498435
3023165,0.006372064273567948
3023399,50.27221165136841
3023495,0.003916906112561522
3023389,0.010731077278851125
3023390,0.012247045050262067
3023391,48.18623018554257
3023392,0.0018045698451508649
3023393,31.324117740041526
3023394,0.01623606740909871
3023395,0.005525186092451387
3023396,38.36842719409389
3023397,53.47259110721566
3023398,0.0062937164524379564
3023400,0.007545294810903147
3023412,41.119387117081914
3023401,50.299518556605086
3023402,50.299843419952545
3023403,44.74247990982071
3023404,43.38394318954483
3023405,0.009281094007741414
3023406,62.65009874969895
3023407,0.010161797048258562
3023408,0.009523826089579544
3023409,38.25952472314028
3023441,0.008978937190849266
3023413,0.0
3023415,0.023073968713493657
3023439,63.43304056793625
3023427,0.01667411311942395
3023416,0.01173748001698027
3023417,0.03448469590432598
3023418,0.027444616257298486
3023419,42.629085945514596
3023420,0.02274733281420413
3023421,0.025354328217970762
3023422,0.022606691726669632
3023423,0.024141349279507958
3023424,45.38498390547605
3023425,0.011331081590732997
3023410,0.00397341429567714
3023426,0.014719484574279254
3023414,0.0
3023429,38.53456965777797
3023430,54.02314538272836
3023431,0.005750842935759146
3023432,50.74130115942505
3023433,0.007001136069071367
3023434,50.76871869088243
3023435,50.76904355422989
3023436,45.07023774520889
3023437,0.009563951469197269
3023438,0.008735838167916737
3023428,0.004982984525010162
3023411,0.004115122864437998
3023440,0.009615645276117106
3023388,0.014803408156623938
3023467,51.10542896934683
3023454,40.1520761722602
3023466,0.010545027725454017
3023443,38.54317464455752
3023444,0.004208651399655045
3023445,41.40539881294373
3023446,0.0
3023447,0.0
3023448,0.023196744968505215
3023450,0.02838566366620017
3023451,0.028469920455563562
3023494,0.003064730104848915
3023452,42.98819010200874
3023449,38.68847513484527
3023455,0.02255532556138929
3023457,45.068013080280735
3023458,0.011763198501548236
3023465,51.07794152866383
3023459,0.015154436431011623
3023460,0.018879739829383665
3023461,0.008517368794774207
3023462,0.009377137452192081
3023463,54.40572600017851
3023464,0.0092885247693959
3023453,0.023763580831753645
3023496,54.831647579993984
3023469,45.32718378266734
3023492,0.019143721396277652
3023442,38.468130966273826
3023481,40.07127911594542
3023470,0.013119971393204465
3023471,0.012285289357070774
3023472,63.63608500313013
3023473,0.013169897029355782
3023474,0.012369104467262445
3023475,0.006460507645224706
3023476,38.789453433077654
3023477,0.007703223330336529
3023478,41.715804238900304
3023493,0.014724691989303198
3023479,0.0031044571800206686
3023482,38.86244750492301
3023468,51.10575395783824
3023483,0.028606676976501027
3023484,0.029655874547038844
3023485,43.179615700663746
3023486,0.02494603147813383
3023487,0.027129535880771313
3023488,0.0252968199771734
3023489,0.02456463838339765
3023490,45.78239848464611
3023491,0.01184114285762142
3023480,0.0
3023551,45.45139740853685
3023498,51.43017254309204
3023578,42.08244413582243
3023497,0.003830205261129458
3023510,0.002288373681200446
3023499,0.005075946555358246
3023500,51.457748384485946
3023501,51.458073247833404
3023502,45.55155908004776
3023503,44.10766946212784
3023504,44.034275757016786
3023505,64.58288569122726
3023506,0.007683407978820582
3023507,0.007051166982281885
3023524,0.00759110712923712
3023508,0.001047403191540434
3023511,42.139326539689336
3023523,46.69508446089597
3023512,0.0
3023513,0.0
3023514,0.020611862887950253
3023515,39.19336271571685
3023516,0.02482087004966689
3023517,0.02542131423865606
3023518,43.71569960060493
3023519,0.020741884249317083
3023520,0.022911146867143545
3023509,0.0021500188050307774
3023521,0.01881861911080774
3023526,40.081463751643994
3023549,0.0337656892439626
3023387,0.013278915058364966
3023538,69.65232068961312
3023527,0.0059665544298325695
3023528,39.633832178461574
3023529,58.64957899970328
3023530,0.00673529801926623
3023531,54.68675280376506
3023532,0.007986941308733597
3023533,54.50531951032959
3023534,54.50564488523914
3023535,47.687733737167854
3023550,0.02504142049313075
3023536,0.010552594199494359
3023539,0.01060439300719235
3023525,0.01497017425962395
3023540,0.009966627325033728
3023541,40.046473898167235
3023542,40.13697949814282
3023543,0.0045558133982921
3023544,43.67425013808178
3023545,41.90569395271696
3023546,0.0
3023547,41.82599250220273
3023548,40.50729329121706
3023537,0.009723849503892207
3023385,0.01713457276061892
3023522,0.020342152946814858
3023553,41.6304020777263
3023580,42.00864116095517
3023579,0.0
3023556,46.865259311463085
3023557,32.540154533322145
3023558,32.42990715974121
3023559,0.012354717304638777
3023560,0.0031395736490224518
3023561,38.7819020370126
3023562,55.712483357613436
3023563,0.0039048075493336733
3023564,52.184254177056076
3023581,40.671332903033466
3023565,0.005149744384941235
3023567,54.379656878647346
3023568,47.59972485655262
3023569,0.007702367141560551
3023570,0.006880936587798143
3023571,69.44207746451546
3023572,0.007756809974047874
3023573,0.0071256259485240605
3023574,0.00044890147987231986
3023575,40.28549615311108
3023576,0.0017293956019783382
3023577,43.878265869893305
3023566,54.379331503737795
3023552,0.02117111845859532
3023582,0.03079288709669335
3023605,0.008449650157902881
3023554,0.02103087135548736
3023594,38.79141919614198
3023583,0.022742495421176023
3023584,45.70728634744066
3023585,0.018888972094144866
3023586,0.021474733343210265
3023587,0.018749205553485408
3023588,0.020271359169436946
3023589,47.38811697747871
3023590,32.515714006359865
3023591,32.406471805508424
3023606,0.007816864958939202
3023592,0.0123922421023756
3023595,55.745557627904866
3023555,0.022559719318105236
3023596,0.004581131097573964
3023597,52.21241882639421
3023598,0.005854656528217744
3023599,54.41056011294316
3023600,54.41088543783342
3023601,47.621519669400804
3023602,0.008394994408714086
3023603,0.0075725874794213745
3023604,69.49422004361851
3023593,0.0038150632213742658
3023831,48.493567067675684
3023456,0.024089832239970528
3023914,40.04593175989433
3023611,42.09858209618483
3023612,0.0
3023613,42.02446595977658
3023614,40.685537758389906
3023615,0.03147916767775003
3023616,0.023417871451070292
3023617,45.72787936851821
3023618,0.019559319216918402
3023619,42.26813396141372
3023620,43.99197188413232
3023621,0.01958504739800318
3023623,32.512235228755024
3023635,0.008394994408714086
3023624,0.011741208228189316
3023625,0.0123922421023756
3023626,0.0038150632213742658
3023627,38.168883490575574
3023628,53.59932120822713
3023629,0.004581131097573964
3023630,50.383752139382494
3023631,0.005854656528217744
3023632,52.38642643069218
3023633,52.386751755582445
3023622,0.010483139610601771
3023664,0.005854656528217744
3023636,0.0075725874794213745
3023638,0.008449650157902881
3023639,0.007816864958939202
3023640,39.33522534467759
3023641,39.4189836988646
3023642,0.002417032642666178
3023643,44.19972257984134
3023644,41.672398395623304
3023645,0.0
3023646,41.58409158538693
3023647,40.29002899221559
3023648,0.03147916767775003
3023649,0.023417871451070292
3023634,46.207563027249925
3023651,0.019559319216918402
3023652,0.02214849655718749
3023653,0.01806486073532923
3023654,0.01958504739800318
3023655,46.123565926097726
3023656,32.48318702433303
3023657,32.37528068278029
3023658,0.0123922421023756
3023659,0.0038150632213742658
3023660,38.168883490575574
3023661,53.59932120822713
3023662,0.004581131097573964
3023637,66.11645057340367
3023663,50.383752139382494
3023665,51.63130519961308
3023719,0.018465495599805166
3023678,0.0
3023667,45.68007431875383
3023668,0.008394994408714086
3023669,0.0075725874794213745
3023670,64.85635306974156
3023671,0.008449650157902881
3023672,0.007816864958939202
3023673,39.0099956999022
3023674,39.09066796400132
3023675,0.002417032642666178
3023676,43.69302778614017
3023666,51.63163052450334
3023677,41.25878507622633
3023691,0.012282180137475769
3023680,39.90618652395387
3023681,0.03147916767775003
3023682,0.023417871451070292
3023683,44.59957870170913
3023684,0.019559319216918402
3023685,41.38914951011977
3023686,42.9887560943374
3023687,0.01958504739800318
3023688,45.524965538524484
3023689,32.38654548380568
3023679,41.156706255186734
3023610,43.89690142047855
3023692,0.002863303839635038
3023718,0.021189555240276384
3023706,39.30820292846908
3023695,0.0036281935003066833
3023696,51.03318452654644
3023697,0.004872608266661709
3023698,52.32362760000481
3023699,52.32395297069194
3023700,46.1637127973521
3023701,0.0074239619481364484
3023702,0.006603234781460267
3023703,66.0116100564079
3023704,0.007478656481923062
3023694,54.361517853942836
3023705,0.00684811627848517
3023693,38.390037737424805
3023708,0.0014533050277322917
3023709,44.157594002119644
3023710,41.63801739266888
3023711,0.0
3023712,41.54938379652235
3023713,40.258865436142784
3023714,0.030502556928743006
3023715,0.022456648106027353
3023716,45.11014101489348
3023717,0.018605202150943804
3023707,39.39170379059066
3023609,0.002417032642666178
3023720,0.019986820338665296
3023722,32.48689469446546
3023723,32.378837672370736
3023724,0.042183729065062056
3023725,0.0031414717390339094
3023726,39.90834333477401
3023727,58.38328530432224
3023728,0.003907197778725483
3023729,54.4547773766956
3023730,0.005153440084599619
3023731,54.48373377958578
3023732,54.484058610973946
3023733,47.66225647169172
3023734,0.007723317786884411
3023735,0.0068995323005830375
3023736,69.94632965817321
3023737,0.00777648456222041
3023738,0.0071285920132110785
3023739,42.199588887071066
3023740,42.30979644474929
3023741,0.0023658210089010324
3023742,43.657144568970054
3023743,0.0
3023744,0.0
3023745,0.025414665937295022
3023746,40.649701399232086
3023747,0.024939651730100314
3023775,42.387241779496
3023776,40.1946678368186
3023750,0.018850565609127186
3023751,0.020375785138994358
3023752,0.01630154504994358
3023753,0.017818228077091828
3023754,45.77907820258216
3023755,0.0070574283619027345
3023756,31.325403633803685
3023757,0.008446894682779971
3023758,0.002045739126614188
3023759,37.562279574379424
3023760,51.45133263812764
3023761,0.0019998857928741234
3023748,0.02270803566511134
3023763,0.0032401618467042177
3023764,49.68096724034167
3023765,49.68129252770142
3023766,44.32073973992066
3023767,0.005767945814965249
3023768,0.004952516302761958
3023769,61.59488532875327
3023770,0.005825193319190348
3023771,0.005199012397970302
3023772,0.0
3023773,0.0
3023774,0.0
3023749,44.401048558577145
3023690,32.28261453364089
3023777,0.0
3023818,0.010197402077105636
3023779,38.919173279991895
3023780,0.020772752119539325
3023781,0.02071759939379058
3023782,43.16643319752605
3023783,0.016879606094033783
3023784,0.019454852711231773
3023785,0.015393028159742623
3023786,0.01690503781021145
3023787,43.42126713279537
3023788,32.47623154428549
3023789,0.020789724204299396
3023790,0.009798890031966892
3023791,0.0017824471945753115
3023792,0.002631582837612101
3023793,49.46527243645074
3023794,0.0025458345467367126
3023795,46.86291115846348
3023796,0.0037874464503431207
3023797,47.87687531777181
3023798,47.8772005331383
3023799,43.06046812652209
3023800,0.006317795110672392
3023801,0.005500790543932482
3023802,58.58442660025096
3023803,0.0063744540683331775
3023721,46.11729971943522
3023778,0.017957938386815562
3023806,37.46359186221366
3023807,0.0003574732650194471
3023808,0.0003728030567726298
3023809,0.0
3023810,0.0
3023811,0.01239317052931738
3023812,37.841185339917985
3023813,0.015230230498976429
3023814,0.0162632055359803
3023815,41.70352528223725
3023816,0.01166922048163907
3023817,39.506869055125435
3023804,0.005747003981860397
3023819,0.011694086814609164
3023820,43.0504866550886
3023821,0.006606331422169864
3023822,32.2058944078781
3023823,0.01316242056512051
3023824,0.0029286035590761323
3023825,37.16694940914822
3023826,50.14474478280979
3023827,0.003693575908151271
3023828,47.440356727982056
3023829,0.004938128295413008
3023830,48.49324166684407
3023805,37.398301888001015
3023832,43.48801954417715
3023650,45.15528377220473
3023834,0.00666893380902641
3023847,0.022680161881404055
3023836,0.007544428189102558
3023837,0.006913734270939119
3023838,37.65848156223368
3023839,37.72633119831156
3023840,0.0015186236558486757
3023841,41.58737429267737
3023842,0.0
3023843,0.0
3023844,0.01975897541219574
3023845,38.31929898545868
3023846,0.03104888725085055
3023848,42.294769102965695
3023860,0.0
3023849,0.018827151298719796
3023850,0.02141256237049714
3023851,0.01868739915905378
3023852,0.020209346021393754
3023853,43.61493743306067
3023854,0.008991268533584904
3023855,32.25373162011585
3023856,0.0070831854668028365
3023857,0.0
3023943,42.47256970264179
3023861,48.03091981279824
3023863,48.057665082032024
3023887,0.0
3023875,0.0
3023864,48.05799005419473
3023865,43.17339990526895
3023866,0.0
3023867,0.0
3023868,58.91571214570797
3023869,0.0
3023870,0.0
3023871,0.0
3023872,37.52783425784322
3023873,0.0
3023859,50.84381357261808
3023874,41.29895580391646
3023862,0.0
3023877,0.01058817358292153
3023878,38.10407359699578
3023879,0.01563157114377022
3023880,0.013748103582477984
3023881,42.00379953930675
3023882,0.009956344757188934
3023883,0.011455305647064823
3023884,0.007450678131174616
3023885,0.008941249667298368
3023886,43.77111923578015
3023876,0.0
3023888,0.001164679231849242
3023889,0.011496805762512843
3023890,0.0035547184575029298
3023915,0.0188230417885209
3023892,47.35587935583622
3023893,0.004320807387842204
3023894,45.060583673767354
3023895,0.005567784413388319
3023896,45.08669735953662
3023897,45.08702232068645
3023898,41.10111285871135
3023899,40.12673045819866
3023900,0.007299751569928337
3023901,53.95112240413579
3023916,0.021410561374607173
3023902,0.008177086362431437
3023904,0.0008608005726429938
3023905,0.0020072428295108795
3023906,0.0021452795628811145
3023907,39.57362506595802
3023908,0.0
3023909,0.0
3023910,0.020381003857449072
3023911,0.013639680516088371
3023912,0.023676542397288693
3023913,0.02267909739356082
3023833,0.007489760957373904
3023903,0.007543700857379482
3023944,40.99609895505183
3023917,0.01732955736902979
3023942,0.0
3023930,54.123135866136565
3023919,41.2678489096194
3023920,0.007646263660214087
3023921,0.015026372009239336
3023922,0.030524178297261367
3023923,0.0
3023924,39.4710089288581
3023925,57.959861244801075
3023926,0.0
3023927,54.09400979414239
3023928,0.0
3023918,0.01884876986829069
3023929,54.12281102373992
3023891,0.004407667910729644
3023932,0.0
3023933,0.0
3023934,69.33914732490732
3023935,0.0
3023936,0.0
3023937,40.15563049215476
3023938,40.2466272344033
3023939,0.0
3023940,43.721051520556614
3023941,0.0
3023931,47.410139383287444
3023945,0.011728927005091979
3023858,37.34541677330969
3024026,55.067476903838134
3023958,58.70083596350193
3023947,45.214729615001225
3023948,0.00640208432434596
3023949,0.007890720572159662
3023950,0.003913483440026348
3023951,0.005393789473071402
3023952,47.46974041672478
3023953,0.0
3023954,31.394586492577176
3023955,0.03016399982333327
3023956,0.00432965773634121
3024000,70.23476273312438
3023957,0.005184180071506109
3023971,40.52377711949294
3023960,54.725334780260056
3023961,0.006345918547653323
3023962,54.75436175504965
3023963,54.75468658643781
3023964,47.85130333143293
3023965,0.008921309679579837
3023966,0.008094451760104806
3023967,70.40162903561462
3023968,0.008973368181052046
3023969,0.008322671885431832
3023959,0.005096859456652262
3023970,40.43019973454421
3023972,0.0035552601007324785
3023998,0.006709713794124231
3023946,0.010167991268871092
3023975,0.0
3023976,0.026653883755078378
3023977,41.310871405030426
3023978,0.026175291406551997
3023979,0.02393798868592242
3023980,45.6242369588457
3023981,0.02007154626825442
3023982,42.29445256553515
3023983,0.017516598772205964
3023984,0.01903684690216984
3023974,0.0
3023985,48.03665705237464
3023973,44.09848024707064
3023988,0.0430984256690755
3023989,0.002136161639461966
3023990,39.65359928188705
3023991,58.58446099401951
3023992,0.0029006392412422675
3023993,54.626179354234665
3023994,0.0041444959643415265
3023995,54.65518153349203
3023996,54.655506364880196
3023997,47.78202079969465
3023987,31.43089217254575
3023999,0.0058885285604511825
3023986,0.0066210776586632936
3023835,59.61964739139219
3024014,0.017854190152674816
3024003,40.387078396653585
3024004,40.48025047001784
3024005,0.0013594510642391767
3024006,44.039205573608726
3024007,0.0
3024008,0.0
3024009,42.770982616063115
3024010,41.261992735291656
3024011,0.023931312503854434
3024012,0.021704328837351596
3024002,0.0061182965438972186
3024013,45.55783261619433
3024027,0.005376661419624247
3024016,0.016658839505114213
3024017,0.018176569338836327
3024018,48.0911442807682
3024019,0.008153218777905008
3024020,31.435693565100987
3024021,0.044900999139106904
3024022,0.003365665006801277
3024023,39.82765855551004
3024024,59.09641754394029
3024001,0.006763820273938016
3024015,0.019376479741722248
3024028,54.88332264345363
3024025,0.0041311782893310575
3023164,0.005516692487535474
3024030,47.95177658883825
3024042,42.61683639501064
3024031,46.37406357614294
3024032,0.007123187403421972
3024033,70.59511830644816
3024034,0.008232343517152543
3024035,0.0075851616836019944
3024037,0.0019498377541368062
3024038,0.002086438664341309
3024039,43.890410930697705
3024040,0.0
3024041,0.0
3024036,0.0009041645998423153
3024029,54.88364800302282
3024044,0.030188096945198493
3024045,0.021523478148395055
3024046,45.35651909231331
3024053,0.012441217819470433
3024047,0.01767882291094208
3024048,0.02025857154146576
3024049,0.017539312950951815
3024050,0.019057929403764964
3024051,46.78326404750753
3024052,32.00310518438666
3024043,41.128072392497835
3024061,53.5810844246377
3024060,0.0
3024059,53.55056771674786
3024058,0.0
3024065,0.0
3024056,39.237808771721014
3024055,0.0
3024054,0.024564793509123297
3024062,53.581414731774046
3024057,57.33193180572092
3024063,47.01510289553137
3024075,0.004973831295042116
3024066,68.46369760474309
3024078,0.0039760048678652606
3024067,0.0
3024068,0.0
3024069,0.0
3024070,39.96749520667814
3024071,0.0
3024072,43.361225674239805
3024073,0.0
3024074,0.0
3024093,0.0032781901709816805
3024064,0.0
3024161,50.00267616539475
3024095,54.03564348193534
3024081,41.61329941637611
3024076,40.87803463495248
3024082,0.002302751491121103
3024083,0.002302751491121103
3024084,47.26299406342967
3024085,0.0
3024086,0.0
3024087,0.04470588402967343
3024088,0.0007499046647832047
3024089,0.0015971763791727336
3024090,57.84619610247267
3024091,0.0020381134968143933
3024079,44.770107315851206
3024092,54.00501082241958
3024080,0.00022768439015359706
3024096,47.365475558961705
3024097,45.84732618304618
3024098,0.004966593962386542
3024099,69.15309314129578
3024100,0.006071348992625431
3024101,0.005212718403903321
3024102,0.0
3024103,0.0
3024104,0.0
3024105,43.6590652823705
3024094,54.03531719308728
3024077,0.00552647022191936
3024159,0.003210111917966985
3024107,0.0
3024133,0.00987831292045484
3024110,0.017161934213103244
3024111,0.016636212407629792
3024112,45.064699972997346
3024113,0.012826181190756587
3024114,0.015580834994760779
3024115,0.015988272148431328
3024116,0.015988272148431328
3024117,47.62901908811109
3024118,31.425015083032097
3024119,0.0
3024134,0.009010156331774231
3024120,0.019019511654321884
3024122,38.95781782544229
3024123,56.06666029642004
3024124,0.00580006714187032
3024125,52.49093862380158
3024126,0.007048306867263775
3024127,52.330511478896604
3024128,52.3308375576269
3024129,46.178659746957955
3024130,44.778407404733834
3024131,0.008766705433756166
3024162,44.55132404594895
3024121,0.004503814666880188
3024106,0.0
3024135,39.2161908305952
3024160,50.002349919461196
3024108,0.017894568125367126
3024148,0.019394079743160417
3024137,0.0029521933328727156
3024138,42.3965577153414
3024139,0.0
3024140,0.0
3024141,0.021786920114731028
3024142,40.05214048922773
3024143,0.019912891476813237
3024144,0.02004555913203886
3024145,43.616650612097736
3024136,0.0028152543516473737
3024146,0.016213323413200902
3024149,0.019394079743160417
3024109,0.01212361496452316
3024150,45.08066640364377
3024151,31.82806033292292
3024152,0.004416962005369223
3024153,0.021441267220105246
3024154,0.0006826909653636887
3024155,0.0015296594225558706
3024156,53.112331073065455
3024157,0.001970468540051188
3024158,49.973105351407824
3024147,0.018984136595197248
3024163,43.31058136253831
3024204,41.14280493760541
3024244,43.04314372313263
3024165,62.06596383657262
3024166,0.006002543269132207
3024167,0.005144687186633475
3024168,0.0
3024169,38.45338302728478
3024170,0.0
3024171,41.25736601853803
3024172,0.0
3024173,0.0
3024174,40.13399194058008
3024175,0.007517343090369939
3024177,0.01934832719008829
3024189,53.112331073065455
3024178,42.37880256331528
3024179,0.014725926212981
3024180,0.017490015245988623
3024181,0.01791968141517747
3024182,0.01791968141517747
3024183,45.00212712915958
3024184,31.156893438847604
3024185,0.0
3024186,0.021441267220105246
3024187,0.0006826909653636887
3024176,0.01708255311121667
3024218,0.0
3024190,0.001970468540051188
3024192,0.003210111917966985
3024193,50.002349919461196
3024194,50.00267616539475
3024195,44.55132404594895
3024196,43.31058136253831
3024197,43.24075465813266
3024198,62.06596383657262
3024199,0.006002543269132207
3024200,0.005144687186633475
3024201,0.0
3024202,0.0
3024203,0.0
3024188,0.0015296594225558706
3024205,0.0
3024206,0.0
3024207,0.018430680731126622
3024208,0.007517343090369939
3024209,0.01708255311121667
3024210,0.01934832719008829
3024211,42.37880256331528
3024212,0.014725926212981
3024213,0.017490015245988623
3024214,0.01791968141517747
3024215,0.01791968141517747
3024216,45.00212712915958
3024191,49.973105351407824
3024217,31.156893438847604
3024219,0.015907928053472815
3024274,0.01329020966919523
3024232,0.007843888377882762
3024221,38.431073948950086
3024222,54.298904205546975
3024223,0.0037775590783048177
3024224,50.982583016666915
3024225,0.005021808483886957
3024226,51.011024866489706
3024227,51.01135025015682
3024228,45.25250682822079
3024229,43.94177875510067
3024230,0.006735394596584444
3024220,0.0024853530445164366
3024231,63.75511623261349
3024245,0.01582746119790023
3024234,8.54617254205163e-05
3024235,0.0007999433008350547
3024236,0.0009342117440325984
3024237,41.73495894916382
3024238,0.0
3024239,0.0
3024240,0.020323598925294405
3024241,0.009979439221777815
3024242,0.027084424685527648
3024243,0.020460726467856048
3024233,0.005413206450899596
3024164,43.24075465813266
3024246,0.018598099291252546
3024272,0.0
3024260,51.216891472683415
3024249,46.175349122642785
3024250,0.003889086730103528
3024251,0.0
3024252,0.020524683974334663
3024253,0.0018327164491211785
3024254,0.0026815898644580957
3024255,54.53769394330941
3024256,0.003123115913078954
3024257,51.18757083131665
3024258,0.004365465704446095
3024248,0.01902880783494321
3024259,51.216565180712884
3024247,0.01902880783494321
3024262,44.07548159872101
3024263,0.006040976035957176
3024264,64.40408039736094
3024265,0.00714780144134023
3024266,0.006301691920604228
3024267,38.91316758331612
3024268,38.98545037445381
3024269,0.0002594419049597996
3024270,41.85965864686829
3024271,0.0
3024261,45.399529641018376
3024132,66.27703057018812
3024355,0.002720047531465341
3024275,0.01828404142626649
3024385,0.003149462251344629
3024289,0.0042573582463073835
3024278,0.014870874208013765
3024279,0.017635570463340036
3024280,0.01804458490961205
3024281,0.01804458490961205
3024282,45.98301500178695
3024283,31.28227006975548
3024284,0.0
3024285,0.016851869363704353
3024286,0.002964068799051157
3024303,42.541678500903785
3024287,0.0038150712417878035
3024290,52.951244631723405
3024302,0.001412968339581259
3024291,0.0055027203470936325
3024292,52.979582753430996
3024293,52.9799081798992
3024294,46.6276542660198
3024295,45.074802589078885
3024296,44.99519353754798
3024297,67.09303799373136
3024298,0.008311871559310558
3024299,0.007462056151644195
3024288,56.60943893796599
3024300,0.0005627024025652204
3024305,0.0
3024328,45.16121854754813
3024386,38.13296141425303
3024317,0.0020946351672781758
3024306,0.01609338582524929
3024307,39.71003871552373
3024308,0.026929243296722465
3024309,0.018316091154928188
3024310,43.26474014043044
3024311,0.014493848021990562
3024312,0.017257418308324123
3024313,0.017666269640763007
3024314,0.017666269640763007
3024329,45.07992395959028
3024315,45.537550707717806
3024318,0.016327408572243542
3024304,0.0
3024319,8.806050996335859e-05
3024320,39.09425865800396
3024321,56.769656109186535
3024322,0.0013747540801656477
3024323,53.08776305020278
3024324,0.002613259380318914
3024325,53.117201577242554
3024326,53.11752786609061
3024327,46.724128627504186
3024316,0.00401984842971695
3024387,53.42849127509182
3024301,0.0012778447513464484
3024331,0.005388812945673422
3024358,54.00052358784273
3024357,0.0039626231133012444
3024334,39.737645936814985
3024335,0.0
3024336,42.87654689552968
3024337,0.0
3024338,0.0
3024339,41.30937449538457
3024340,0.011454672501870239
3024341,0.023901813240112254
3024342,0.015955370902102296
3024359,54.00085043587454
3024343,44.32734664810721
3024345,0.014901329937127856
3024346,43.15688056790287
3024347,0.015308188739479568
3024348,46.75683242734449
3024349,31.34468649931475
3024350,0.0
3024351,0.018495474354540093
3024352,0.0017693494342747788
3024353,38.64721381199606
3024354,55.310568264406584
3024498,41.78023033159239
3024344,0.012150309222487238
3024330,67.32078723309266
3024360,47.328934427878934
3024383,0.002106364830191322
3024332,0.00454683906119831
3024372,41.76493553432829
3024361,45.69793867745169
3024362,0.005639380089735887
3024363,68.8218967550163
3024364,0.006745559140556717
3024365,0.0058975895480344485
3024366,0.0
3024367,40.10008091940174
3024368,0.0
3024369,43.37847862119659
3024384,0.017651854431058482
3024370,0.0
3024373,40.65762547132584
3024333,39.6588476427476
3024374,0.01787275920090268
3024375,0.017345915146783672
3024376,44.90977295665383
3024377,0.013528175449268352
3024378,0.016288409738139643
3024379,43.688322298282316
3024380,0.01669668188085393
3024381,46.76905535456977
3024382,31.80462527021005
3024371,41.67230767619255
3024273,0.015519626321727547
3024388,0.004475577486985531
3024467,0.0031426417969583134
3024442,44.7626490443823
3024400,0.0013432102043714291
3024389,50.2424840135172
3024390,0.005721156882161283
3024391,50.27125555910963
3024392,50.27158180504319
3024393,44.739168322377175
3024394,43.38673225670335
3024395,43.316436344534026
3024396,62.267349334619496
3024397,0.00827619038376672
3024414,45.079033333383215
3024398,0.007268911976074107
3024401,0.0014780132751400928
3024413,0.02036265787503827
3024402,41.211670713667424
3024403,0.0
3024404,0.0
3024405,0.016765349307844
3024406,0.0098894074852463
3024407,0.018574604518911488
3024408,0.021797813594745655
3024409,42.458132053976904
3024410,0.017153787307455794
3024399,38.434758244722524
3024411,0.019930914856508032
3024416,0.0
3024439,40.87097502153284
3024497,0.009174302465353678
3024428,0.0
3024417,0.023333888712984478
3024418,0.0
3024419,0.0
3024420,57.32206730488559
3024421,0.0
3024422,53.54142699248387
3024423,52.531691921948884
3024424,53.5716418104172
3024425,53.571968099265256
3024440,0.004236188703849402
3024426,47.00692178884045
3024429,68.45138461361998
3024415,31.163797802479806
3024430,0.0
3024431,0.0
3024432,0.0
3024433,39.96094636152094
3024434,0.0
3024435,43.3540065132843
3024436,0.0
3024437,0.0
3024438,0.003646333047974406
3024427,0.0
3024468,42.90656779488396
3024412,0.02036265787503827
3024443,0.0
3024444,0.0006124802185701568
3024456,0.007371577398515052
3024445,0.0010117492076000397
3024446,0.0010117492076000397
3024447,47.25635252097501
3024448,0.0
3024449,31.179208319268525
3024450,0.017855825976704657
3024451,0.004792289124098682
3024452,0.005645962372240761
3024453,57.59504241617402
3024470,41.26823277696713
3024454,0.006122275965386535
3024457,53.61888047609199
3024469,0.0
3024458,53.619206554822284
3024459,47.07556164973195
3024460,45.47592366450246
3024461,0.00907594745306601
3024462,68.15689801030834
3024463,0.009954796685828493
3024464,0.009100777432704361
3024465,39.680237238003414
3024466,39.76101535995166
3024455,53.79165770339443
3024441,45.01035779852232
3024472,40.27430239812847
3024495,68.52857813695842
3024276,0.019494297326573977
3024484,0.004865404614398053
3024473,0.02872745107980881
3024474,0.020088712248403993
3024475,44.344088360294215
3024476,0.016255245321122394
3024477,0.019026961886016117
3024478,42.395460039704645
3024479,0.01943704286972033
3024480,45.87597056014748
3024481,31.809999268333694
3024496,0.010028517763582618
3024482,0.0037704763470477456
3024485,0.005719192620476223
3024471,41.33710275278246
3024486,57.85882682836468
3024487,0.006195559517709047
3024488,54.01641205358198
3024489,0.007445028784164463
3024490,53.84162335475135
3024491,53.84194944432666
3024492,47.23116205266406
3024493,45.6151103787749
3024494,45.5322018931207
3024483,0.01793028805130052
3024651,53.35534531442874
3024722,50.13672261618043
3024802,41.14889916473701
3024511,0.019512013758582955
3024721,50.13639715769438
3024501,43.034226036723915
3024502,0.0
3024503,41.37907679766224
3024504,0.017937829678014296
3024505,0.016213203569538162
3024506,0.028803716417300895
3024507,0.02016376183045478
3024508,43.80207088667798
3024509,0.01632977202374818
3024510,0.019101870430897495
3024512,0.019512013758582955
3024524,50.83607080224497
3024513,44.99339595870056
3024514,0.005149320540542788
3024515,0.00339703804772634
3024516,0.018314038515563083
3024517,0.004342565733014618
3024518,38.3185838605497
3024519,54.093843959898955
3024520,0.005671749062572279
3024521,50.807897505893266
3024553,0.006458540814306189
3024525,45.1301343703602
3024527,43.663927345977356
3024551,38.85057251790699
3024539,0.027601444986369024
3024528,63.515380032760184
3024529,0.009501924680387712
3024530,0.008648916104395365
3024531,38.673008534381076
3024532,38.74493369765012
3024533,0.002693060312999149
3024534,41.53896614004438
3024535,0.0
3024536,0.0
3024537,0.01740573105306897
3024522,0.00692038564411213
3024538,39.13157097391045
3024526,43.735278871092625
3024541,43.15746921553301
3024542,0.015953166906241902
3024543,0.01872436006784869
3024544,0.01913440474005304
3024545,0.01913440474005304
3024546,46.34104992395799
3024547,31.297792974998245
3024548,0.0
3024549,0.01939735147223821
3024550,0.005127833717244232
3024540,0.019785855932048874
3024523,50.8357452460744
3024552,55.90456691362294
3024554,52.35222692375708
3024555,0.007708682817704992
3024567,42.46177960995475
3024556,52.380438848309616
3024557,52.38076450872965
3024558,46.21230080175943
3024559,0.010362653923368681
3024560,44.62711767801517
3024561,66.08616726697518
3024562,0.010292759370503606
3024563,0.009438212980503062
3024564,0.0031986520708275888
3024581,31.260813415937807
3024565,39.947734789232754
3024568,0.0
3024580,0.005984012502066822
3024569,0.0
3024570,40.933103170779454
3024571,39.90906918861968
3024572,0.01577629129233258
3024573,0.021439649456358987
3024574,44.25070495672396
3024575,0.01759603059805831
3024576,0.01995024642862281
3024577,0.020361188731371396
3024566,0.004112607227275687
3024609,0.021050059806811214
3024583,0.0055455544753833215
3024606,0.023348239981407122
3024608,0.01869062856982887
3024595,0.010633663786467096
3024584,0.006400515877495271
3024585,52.66951726000783
3024586,0.006797419531831156
3024587,49.58971345478033
3024588,0.008048318949177832
3024589,49.617290344455206
3024590,49.61761608586118
3024591,44.28214302525327
3024592,0.010703810807344978
3024607,42.10043181990682
3024593,42.91123278408907
3024596,0.009778201947708183
3024582,0.018683673745978548
3024597,0.0035360692478192484
3024598,38.131636340137725
3024599,0.004451079513431481
3024600,40.709148261339685
3024601,0.0
3024602,0.0
3024603,0.01921188815026747
3024604,38.30591447013167
3024605,0.02224708427376397
3024594,61.47509946814192
3024944,0.003228693501783234
3024611,0.021461993328569864
3024691,0.010802042224610387
3024623,52.05713067217387
3024612,44.75290814460751
3024613,0.006490185219995891
3024614,0.013040243942491923
3024615,0.01586048231268964
3024616,0.0045852509677509305
3024617,0.00543811231543463
3024618,55.522565410426445
3024619,0.006378118714607953
3024620,52.02862913129557
3024621,0.007627390386787192
3024637,39.31565423244487
3024622,52.05680443457767
3024636,0.01941111223250852
3024625,0.010280062334266649
3024665,0.005209341954906816
3024627,65.53757385158016
3024628,0.010210900444290079
3024629,0.009357263121355918
3024630,0.0031195948251096003
3024631,41.05996160432992
3024632,0.004031897504217327
3024633,42.12486647658024
3024634,0.0
3024624,45.990073062615764
3024635,0.0
3024626,44.430976618222125
3024638,0.024205090760829176
3024356,51.83855861385457
3024640,43.39862369376542
3024641,0.018137199429568793
3024642,0.019857035575208213
3024643,0.020267492962804896
3024644,0.020267492962804896
3024645,0.005690853378307485
3024646,0.005981437459131388
3024647,31.18588705870076
3024648,0.021036203105088695
3024649,0.006303024013254762
3024639,0.021981985074421166
3024650,0.0071593965167285455
3024652,0.0075566242772004445
3024653,50.17380700140836
3024654,0.008809486164855673
3024655,50.20149860550698
3024656,50.20182405947259
3024657,44.69012629030755
3024658,0.011468597778985895
3024659,0.010515664498351559
3024660,62.45021060179853
3024661,0.011397527707641941
3024662,0.01054001587897889
3024663,38.415846499168275
3024578,0.020361188731371396
3024664,0.005067740323639826
3024666,41.184984703925345
3024679,0.007587303491055263
3024668,0.0
3024669,0.02006675594989508
3024670,0.013122660377229034
3024671,0.02322891974947691
3024672,0.024958658661113978
3024673,42.776368849119415
3024674,0.020287124647479778
3024675,0.02265366560099674
3024676,41.899513268760195
3024677,0.023066918571099715
3024667,0.0006287566348750117
3024678,45.808400315885336
3024692,42.91343765438148
3024681,0.01878289914675623
3024682,0.0056428686095067754
3024683,38.15647589502969
3024684,52.67370715386455
3024685,0.006894952071210048
3024686,49.593279624561575
3024687,0.008146092462282258
3024688,49.620855254605466
3024689,49.62118097852638
3024690,44.28462645124367
3024680,0.005267764525233997
3024719,50.10872048673135
3024693,61.48106378635616
3024610,0.021461993328569864
3024707,0.01879027615096644
3024696,0.0036331372266823966
3024697,38.13315598503892
3024698,0.0045484934957549395
3024699,40.71120290139949
3024700,0.0
3024701,0.0
3024702,0.01931191570706505
3024703,38.30757709254761
3024704,0.022347490235484033
3024705,0.02344882231622284
3024695,0.009876066347273093
3024706,42.102845831095905
3024694,0.010731789590132983
3024709,40.87821293064578
3024710,0.021562210604887968
3024711,0.005662056725851507
3024712,0.006588612196637778
3024713,0.013139999916447787
3024714,0.019190068972676135
3024715,0.004497021620143834
3024716,38.088470801560135
3024717,53.27892914342492
3024718,0.005746653113883506
3024708,0.021150186087752137
3024500,0.0032157483648365274
3024579,46.32322685321758
3024942,45.455643703566246
3024735,0.01821205934067568
3024724,43.302078298553475
3024725,43.233458587785755
3024726,62.3415720235339
3024727,0.009576627588821223
3024728,0.008724001515116524
3024729,0.0024898024568502123
3024730,38.45641014732997
3024731,0.0034015705999941768
3024732,41.146843045436356
3024733,0.0
3024734,39.72799174320727
3024736,0.011314239229321128
3024748,0.003158406072278205
3024737,0.02136749738955179
3024738,0.023091736607820237
3024739,42.731187215878236
3024740,0.01843669575868472
3024741,0.02079480638025626
3024742,41.85745396364515
3024743,0.02120647941611142
3024744,45.75179285665553
3024745,0.0057609911278388454
3024831,40.45173940011165
3024749,0.0040095083068586255
3024751,0.004405094586682092
3024775,41.82629933107679
3024763,38.43543980278651
3024752,50.060512250037014
3024753,0.005650491190599667
3024754,50.08817747690825
3024755,50.088502935394295
3024756,44.61096864126588
3024757,43.271947912200936
3024758,43.2035132142506
3024759,62.26108954062374
3024760,0.008226967952204517
3024761,0.007377965654637646
3024746,0.003449718581189866
3024762,38.36699507393519
3024750,53.22232857274621
3024765,41.11858853646419
3024766,0.0
3024767,39.703493757367426
3024768,0.016837378791769355
3024769,38.708242733397434
3024770,0.019987821226355226
3024771,0.021707988702327454
3024772,42.69771992309259
3024773,0.017065163080080593
3024774,0.01941703197775706
3024764,0.0020616414216370524
3024747,0.017821721417277194
3024776,0.019827538997748802
3024777,45.70986361166041
3024804,0.014908621614404795
3024803,0.017127018660955617
3024780,0.033701784642909266
3024781,0.0
3024782,39.42261900731047
3024783,57.97175613952442
3024784,0.0
3024785,54.09497586526426
3024786,0.0006616042864059274
3024787,54.12426384659099
3024788,54.12458927305919
3024805,45.11854534432272
3024789,47.392615624987904
3024791,45.775240116853
3024792,69.38298290843836
3024793,0.0032511904749901264
3024794,0.002375338754850148
3024795,0.0
3024796,40.20374231821972
3024797,0.0
3024798,43.684635898504595
3024799,0.0
3024800,0.0
3024801,42.41387033039336
3024790,0.0033233046747382124
3024832,0.0
3024806,0.011072335068364542
3024829,0.0021324539849702532
3024778,0.004407337980022187
3024818,49.303954785437405
3024807,0.012788388181705874
3024808,0.013197967808398109
3024809,0.013197967808398109
3024810,47.824884941668145
3024811,0.0
3024812,31.214460864893944
3024813,0.014620345701842645
3024814,0.003998005014826242
3024815,0.004850514477816906
3024830,0.0022686520782322825
3024816,52.33407822179406
3024819,0.0064939276478164065
3024779,0.002102179100414271
3024820,49.33144453623442
3024821,49.33176999472047
3024822,44.082354597076424
3024823,42.79909997366334
3024824,42.73357970442394
3024825,60.99835035910519
3024826,0.009073493606401256
3024827,0.00822221795042975
3024828,37.87569830574672
3024817,0.005246538944911729
3024833,0.0
3024834,0.017582738599975913
3024914,0.00654195161538836
3024846,0.013081393426080917
3024835,0.010700587525277978
3024836,0.02686497347557226
3024837,0.020944637604624474
3024838,41.88567768676447
3024839,0.016308558483108127
3024840,0.019080893446191394
3024841,0.019491117344120453
3024842,0.019491117344120453
3024843,44.68147654195826
3024844,0.004077078887870069
3024888,0.010068498841409984
3024845,0.010595811644246335
3024859,0.009133345781942467
3024848,0.004910245687297712
3024849,52.61067272427501
3024850,0.005306428954080374
3024851,49.54018098702499
3024852,0.006553505543705983
3024853,51.44949517318231
3024854,51.4498212398125
3024855,45.563223606450684
3024856,44.12420440326465
3024857,44.05054740350111
3024847,0.0040580083019183845
3024858,64.52986052216274
3024860,0.008282116541218248
3024886,49.36307219126372
3024874,0.01862241537133774
3024863,0.002328595547619263
3024864,41.90346335142661
3024865,0.0
3024866,0.0
3024867,40.43424839308986
3024868,39.44635258445321
3024869,0.01993531562746835
3024870,0.020073139840037682
3024871,43.57717667773359
3024872,0.015446716998922718
3024862,39.01904450640924
3024873,0.018213178110527885
3024861,0.001377101574519095
3024876,46.21555012884102
3024877,0.004744806268787731
3024878,0.004590447933948387
3024879,0.012555448023050168
3024880,0.004915674400497857
3024881,0.005769720545736637
3024882,52.37120094823449
3024883,0.006166225109618674
3024884,49.33557481107217
3024885,0.007415791244702803
3024875,0.01862241537133774
3024720,0.006995226459103094
3024887,49.363397649749764
3024723,44.644652418121346
3024902,0.027821709980603845
3024891,61.051136232518274
3024892,0.009998731850636771
3024893,0.00914497515132649
3024894,0.002230738784575861
3024895,0.0030481876166705306
3024896,0.0031860704724700393
3024897,40.469864934169266
3024898,0.0
3024899,0.0
3024900,0.018524924121101707
3024890,0.009119170139000042
3024901,0.011619313030749208
3024915,53.41486740486689
3024904,41.90710770232843
3024905,0.01724585642336234
3024906,0.020023227978929126
3024907,0.020434249088982056
3024908,0.020434249088982056
3024909,44.7083053078274
3024910,0.005002917835166211
3024911,0.011441853010704274
3024912,0.015961003157365965
3024913,0.0056864261510529476
3024903,0.02189028392043754
3024889,42.81886201284791
3024916,0.006938934861142499
3024499,41.87954311387999
3024930,40.97465948783587
3024919,50.250703631827875
3024920,50.251029134934114
3024921,44.72143375987308
3024922,43.36968720073001
3024923,43.30058800307272
3024924,62.539129659011536
3024925,0.010776776670716772
3024926,0.009920346873952351
3024927,38.257824646129656
3024928,0.0038173461010731474
3024918,0.008190605351391541
3024929,0.003957098985940906
3024917,50.22299513617698
3024932,0.0
3024933,0.01931956234532653
3024934,0.017673134784354203
3024935,0.030262444791316807
3024936,0.020977072016389535
3024937,42.46512770531914
3024938,0.016339711472104026
3024939,0.019112811982343627
3024940,0.019523152893719337
3024941,0.019523152893719337
3024931,0.0
3024943,0.005630074301493984
3024277,43.177908013884085
3024945,0.013067667059425183
3024958,0.010044578714612036
3025389,39.31127162008848
3024948,53.11930374739992
3024949,0.006212180940814052
3024950,49.97339157664299
3024951,0.0074614297971959155
3024952,49.834915830130456
3024953,49.835241852063206
3024954,44.43534618403342
3024955,43.115305481213596
3024956,43.04786527266134
3024957,61.83560922602273
3024959,0.009190903971257647
3024971,0.0172901688065494
3024960,38.09023957945688
3024961,38.15689902998788
3024962,0.003232093800671478
3024963,40.741882218224816
3024964,0.0
3024965,39.389964151571036
3024966,0.018567694921318694
3024967,0.011674017929704083
3024968,0.027862187220379114
3025000,0.012297035475553907
3024972,0.020066605314251272
3024974,0.02047742802630709
3024998,0.0
3024986,48.60627559267624
3024975,44.025456866417294
3024976,0.00504716061422975
3024977,0.002650046203233313
3024978,0.016300090161151252
3024979,0.005592819817878711
3024980,0.00644821172423781
3024981,51.484270465257644
3024982,0.0068451325893107
3024983,48.57862632272423
3024984,0.008096607470011502
3024969,0.02193312548488443
3024985,48.605950134190195
3024973,40.99989898602654
3024988,42.34193233095749
3024989,42.27916627314387
3024990,59.79451110847145
3024991,0.010682420961525567
3024992,0.009826244571919503
3024993,0.0029051580864330392
3024994,0.003723903319551574
3024995,0.0038635081678283817
3024996,40.03203253175006
3024997,0.0
3024987,43.57247832857712
3024970,42.22793865692816
3024999,0.019223719518637484
3025001,0.029498848794306788
3025002,0.022591771067618456
3025014,52.34658661412804
3025003,41.39136337082974
3025004,0.017940030825687375
3025005,38.93302272599331
3025006,0.021133525276370836
3025007,0.021133525276370836
3025008,44.06511297321447
3025009,0.005688630073201605
3025010,0.0032869093407511198
3025011,0.016566628274886943
3025028,0.003789029662034029
3025012,0.0048841025652183925
3025015,0.006134582493823539
3025027,0.003650038998032015
3025016,49.314609234900296
3025017,0.007384075985746847
3025018,49.342100893045945
3025019,49.34242635153199
3025020,44.08979897879029
3025021,42.80575852774049
3025022,42.74019725050548
3025023,61.01613447775753
3025024,0.009966900176358989
3025013,0.005738094693747845
3025168,45.09564380928854
3025030,0.0
3025053,43.76865835641195
3025055,42.45472368757055
3025042,0.00709911633436894
3025031,39.324460668683344
3025032,0.019245317033727973
3025033,0.013418073642313129
3025034,0.02545939164364019
3025035,0.02510073351171657
3025036,42.217093816830385
3025037,0.020427954692824924
3025038,0.022156766925438488
3025039,0.02256960038922162
3025054,0.012161259002454143
3025040,0.02256960038922162
3025043,0.004691355043699498
3025029,40.681439488612625
3025044,0.01733244427545284
3025045,0.006989538515726906
3025046,0.007846997537124764
3025047,51.80683927123012
3025048,0.008244615251955608
3025049,48.854909650520895
3025050,0.009499035686601312
3025051,48.882303529083465
3025052,48.88262911294271
3025041,45.08914751668971
3025056,59.97377206800948
3025058,0.011070969337208848
3025138,41.05527370118719
3025070,0.0208268778799896
3025059,0.004902568378067204
3025060,37.814965393359365
3025061,0.005822351826166405
3025062,40.394810333413105
3025063,0.0012366501311621612
3025064,0.0
3025065,0.020613404184282428
3025066,37.97675258800995
3025067,0.024461064980954458
3025068,0.025504071009517043
3025112,38.06022715141648
3025069,41.61637115175172
3025083,0.007373886385457979
3025072,0.02363088869258588
3025073,0.02363088869258588
3025074,44.143426993199974
3025075,0.008229117445773891
3025076,0.005815814785785488
3025077,0.016556319465308524
3025078,0.004873959996719543
3025079,0.005727935361442652
3025080,52.41132393407433
3025081,0.0061244180392441856
3025071,0.023196328285229658
3025082,49.36974877652627
3025084,49.39725378611235
3025110,0.014338126286264376
3025098,0.01915961114247641
3025087,0.01002640212971479
3025088,0.009077181460723503
3025089,61.1081621419421
3025090,0.009956674254489711
3025091,0.009103028382565808
3025092,37.913336016318006
3025093,37.97781727471034
3025094,0.0037788773146481456
3025095,40.698224156581375
3025096,0.0
3025086,44.12832551382447
3025097,0.0
3025085,49.3975792445984
3025100,0.025372869913813264
3025101,0.024387375809818947
3025102,41.98795067413019
3025103,0.0197209039074026
3025104,0.021447363619192684
3025105,0.021859591723302315
3025106,0.021859591723302315
3025107,44.10043520589869
3025108,0.006881166362812276
3025109,0.004474428595652337
3025099,38.30553467980857
3025026,0.002875957667285603
3025111,0.006220684734376612
3025057,0.012089641700078025
3025126,0.004956310838294739
3025115,50.01714188618436
3025116,0.008726002569393099
3025117,49.87828615475563
3025118,49.878612303203504
3025119,44.46569135136024
3025120,43.14246632999794
3025121,43.07486078120614
3025122,61.61686052165145
3025123,0.011313818730198088
3025124,0.010297744756423564
3025114,0.007473835931088463
3025125,38.11766041704728
3025139,0.02315154131164126
3025128,40.896994441467555
3025129,0.0004174253393842205
3025130,39.4222995147921
3025131,0.020476290816301854
3025132,38.45805436897894
3025133,0.030616044646921404
3025134,0.024593482592667477
3025135,42.289447355637826
3025136,0.01992721925773914
3025137,0.02271770569780166
3025127,0.005097150595846532
3025113,53.17064324467839
3025140,44.09711406092926
3025166,0.016456360236458967
3025154,0.0016515158481933418
3025143,0.03293498578903506
3025144,0.0
3025145,39.409944675645434
3025146,57.928367772825204
3025147,0.0
3025148,54.058005726714455
3025149,0.0
3025150,54.087286078646656
3025151,54.08761150511486
3025152,47.36678344877941
3025142,0.005294299059760509
3025153,0.002595722883158489
3025141,31.915160982622588
3025156,0.0025242829609544246
3025157,0.0016504033163661945
3025158,40.102870278424795
3025159,40.18753080851513
3025160,0.0
3025161,43.66255929175411
3025162,0.0
3025163,0.0
3025164,0.015881302328369096
3025165,41.13186177307441
3025155,69.32079952831141
3025835,0.0032120143531150216
3025167,0.01424104959292042
3025169,0.010409633863945406
3025277,37.79379211351082
3025170,0.012123483468075198
3025171,0.012532502438577514
3025172,0.012532502438577514
3025173,48.048029472918145
3025174,0.0
3025175,31.21287716948226
3025176,0.016426754800050593
3025177,0.005718666777928058
3025178,37.80085788652107
3025179,51.49450150060265
3025181,48.58885735806924
3025193,0.003988841660788769
3025182,0.00822245443006085
3025183,48.6161811695352
3025184,48.61650662802125
3025185,43.58270936392213
3025186,42.3521633663025
3025187,42.28939730848888
3025188,59.80474875082882
3025189,0.0108083491912015
3025190,0.009952418785002064
3025191,37.57411692299525
3025180,0.0069709795493600474
3025223,0.009407798107173276
3025194,40.151328175746414
3025196,0.0
3025198,0.0135197461277839
3025199,0.03175035456323305
3025200,0.02475287894216224
3025201,41.445107809139955
3025202,0.020083175350411975
3025203,0.022875781480654323
3025204,0.023289218441465805
3025205,0.023289218441465805
3025206,44.12992376943629
3025207,0.007805541271021123
3025208,0.005394463540663476
3025192,37.63625691094081
3025210,0.005177049149741117
3025211,0.006031533482251253
3025212,51.564049153800894
3025213,0.00642817308790661
3025214,48.6480938845585
3025215,0.0076783618121318686
3025216,48.67543104746489
3025217,48.675756505950936
3025218,43.62409787557984
3025219,0.010332276402895751
3025220,42.326191970964466
3025221,59.903608537816126
3025195,0.0
3025222,0.010262264474285415
3025197,0.019349362529118865
3025224,0.003168205294216078
3025237,0.02323783178708882
3025276,0.002783047218789044
3025227,40.197855084620926
3025228,0.0
3025229,0.0
3025230,0.01947120187362036
3025231,37.890286285796115
3025232,0.025687420388099343
3025233,0.02577211277988597
3025234,41.51977860076593
3025235,0.021093408886774623
3025249,48.882303529083465
3025236,0.022824433941825473
3025238,0.02323783178708882
3025244,37.89509833992771
3025239,43.54221911092799
3025247,48.854909650520895
3025246,0.008244615251955608
3025245,51.80683927123012
3025248,0.009499035686601312
3025243,0.006989538515726906
3025242,0.01733244427545284
3025241,31.35593788577008
3025240,0.008235396930625196
3025226,0.004082263093909735
3025209,0.016864332055120803
3025262,0.0
3025225,37.67039892830531
3025264,37.97675258800995
3025252,0.012161259002454143
3025253,42.45472368757055
3025254,59.97377206800948
3025255,0.012089641700078025
3025256,0.011070969337208848
3025257,0.004902568378067204
3025258,37.814965393359365
3025259,0.005822351826166405
3025260,40.394810333413105
3025261,0.0012366501311621612
3025251,43.76865835641195
3025263,0.020613404184282428
3025250,48.88262911294271
3025266,0.025504071009517043
3025267,41.61637115175172
3025268,0.0208268778799896
3025269,0.023196328285229658
3025270,0.02363088869258588
3025271,0.02363088869258588
3025272,44.143426993199974
3025273,0.008229117445773891
3025274,0.005815814785785488
3025275,0.01443143809345279
3025265,0.024461064980954458
3025278,52.261680989738394
3025388,0.007927876560862445
3025280,49.24229211148721
3025292,0.0016859156270534934
3025281,0.005273414046960341
3025282,49.269766603495164
3025283,49.27009206198121
3025284,44.03927045248414
3025285,42.76056008718873
3025286,42.69527823652843
3025287,60.89541456808956
3025288,0.007848512916816047
3025289,0.007000523898210358
3025290,38.014166571280164
3025279,0.004028911047053109
3025291,38.07952807106654
3025305,45.02613443990748
3025294,0.0
3025295,39.28771273624926
3025296,0.016451906240781158
3025297,38.33382256738181
3025298,0.021686220188972146
3025299,0.02228368761447116
3025300,42.1519788418548
3025301,0.017635786284192646
3025302,0.01999025543449744
3025303,0.020401246742227982
3025293,40.837944119655106
3025304,0.020401246742227982
3025306,0.004970521779408212
3025332,0.022098435389145077
3025320,66.12384467582135
3025309,0.005890711217528822
3025310,38.919071609696104
3025311,56.16067795644052
3025312,0.007143429507430739
3025313,52.562340869611496
3025314,0.008395141132301172
3025315,52.400581595581095
3025316,52.40090768968565
3025317,46.224528485889266
3025318,0.011052454401512262
3025308,0.012279011940058931
3025319,44.63731132112108
3025307,0.0025727554426095436
3025322,0.01012533678182607
3025323,39.166567210186734
3025324,39.24281156443478
3025325,0.004161282619343653
3025326,42.43806379687762
3025327,40.837516335295774
3025328,0.0
3025329,40.69958107573727
3025330,39.697126177780476
3025331,0.030771207219336183
3025321,0.010982110393639291
3024947,0.005815535751512771
3025333,43.96870795642777
3025335,0.02103273804642543
3025360,40.997470406340696
3025337,0.021444518227428426
3025338,45.46062941043608
3025339,32.238666576615564
3025340,32.10280899452328
3025341,0.012279011940058931
3025342,0.0030664070577981492
3025343,38.148040706833555
3025344,53.49903397450693
3025345,0.00431292041104669
3025346,50.295317783063645
3025361,0.0
3025347,0.005557925582057317
3025349,52.286773854846786
3025350,46.14480035936339
3025351,0.008202208717126963
3025352,44.56643329225145
3025353,65.93338447074322
3025354,0.008134508734043325
3025355,0.007285376623954822
3025356,0.0003890249319297152
3025357,39.37721574686886
3025358,0.0013377514573499122
3025359,42.62269323718524
3025348,52.28644776074223
3025334,0.018250331761020273
3025362,40.8649300823901
3025387,0.008778737284152365
3025375,0.0037000030687862457
3025364,0.027815623363826425
3025365,0.019812818916781605
3025366,44.19976035510941
3025367,0.015981393413323015
3025368,0.018751614274161905
3025369,0.01916145544156455
3025370,0.01916145544156455
3025371,45.93934626071684
3025372,32.21639470504879
3025373,32.08177570747494
3025363,39.846824435226765
3025374,0.012274836736930701
3025336,0.021444518227428426
3025377,53.52743326958211
3025378,0.004947933118719433
3025379,50.31948836005187
3025380,0.006221472112303383
3025381,52.31439070167856
3025382,52.31471759859105
3025383,46.16463596406957
3025384,0.009119440684523387
3025385,44.583021651455304
3025386,65.97814277998147
3025376,38.1561759427857
3025612,46.6329172027051
3025025,0.009113228227402997
3025695,0.019559982277155104
3025404,45.960426162202914
3025393,41.01126973735729
3025394,0.0
3025395,40.87919878249275
3025396,39.859727926916406
3025397,0.028485243199182993
3025398,0.020471586032894357
3025399,44.21829458255519
3025400,0.016635166368696774
3025401,41.09860178012599
3025402,0.019819471981256248
3025403,0.019819471981256248
3025405,32.21950087559815
3025417,0.009119440684523387
3025406,0.0035205827123614237
3025407,0.012274836736930701
3025408,0.0037000030687862457
3025409,37.59279856241461
3025410,51.58262049492391
3025411,0.004947933118719433
3025412,48.663017107610465
3025413,0.006221472112303383
3025414,50.48084120216684
3025500,0.018467971513332508
3025418,43.44438315505638
3025420,0.008778737284152365
3025444,0.004947933118719433
3025432,43.701277218053235
3025421,0.007927876560862445
3025422,38.52186245947447
3025423,38.592417669587995
3025424,0.0019764735821930267
3025425,42.91266314583749
3025426,40.62561242687145
3025427,0.0
3025428,40.48053240065681
3025429,39.49879653043203
3025430,0.028485243199182993
3025415,50.48116809907933
3025431,0.020471586032894357
3025419,62.918398898755875
3025434,0.019409041739318456
3025435,0.019819471981256248
3025436,0.019819471981256248
3025437,44.82041246743973
3025438,32.19296131146546
3025439,32.059640979891974
3025440,0.012274836736930701
3025441,0.0037000030687862457
3025442,37.59279856241461
3025443,51.58262049492391
3025433,0.016635166368696774
3025416,44.883818932209216
3025445,48.663017107610465
3025446,0.006221472112303383
3025473,0.01220654184474922
3025472,31.976255273944098
3025449,44.405998535785876
3025450,0.009119440684523387
3025451,43.01960421676292
3025452,61.77694229475197
3025453,0.008778737284152365
3025454,0.007927876560862445
3025455,38.22736592321959
3025456,38.29532284765806
3025457,0.0019764735821930267
3025474,0.0027903961886572067
3025458,42.45415083962411
3025460,0.0
3025461,40.0936267304908
3025462,39.148511954016016
3025463,0.028485243199182993
3025464,0.020471586032894357
3025465,43.199510059544934
3025466,0.016635166368696774
3025467,40.30462881107081
3025468,0.019819471981256248
3025469,0.019819471981256248
3025470,44.2709139093953
3025459,40.2513305436317
3025501,41.9741208629837
3025475,37.66724817719215
3025498,43.37051930619366
3025447,49.796822113421726
3025487,0.007007965717784363
3025476,51.83932403289183
3025477,0.004036303132403443
3025478,48.88168060500266
3025479,0.005280785003253354
3025480,50.028757531966264
3025481,50.02908362183907
3025482,44.567698848584676
3025483,0.007923798805222225
3025484,43.164399663045316
3025499,0.015699259395064495
3025485,62.16583514804658
3025488,38.327774206757304
3025448,49.797149010334216
3025489,38.396616140961406
3025490,0.0010619441103173989
3025491,42.6104259180227
3025492,40.37891513836164
3025493,0.0
3025494,40.22551219662098
3025495,39.267927465882416
3025496,0.027526966372969322
3025497,0.019528620565301302
3025486,0.007856352110775488
3025502,0.018877574646877605
3025503,44.458166575451614
3025583,40.712353602672025
3025515,47.34256000485037
3025504,32.13900000672147
3025505,32.00868589501187
3025506,0.04190519167892042
3025507,0.0029251949291254197
3025508,39.76245739580941
3025509,57.80954079038298
3025510,0.0042183972977209196
3025511,53.973772326425554
3025512,0.0054636685945561436
3025513,54.002999272596035
3025557,41.0279407319762
3025514,54.00332469906424
3025528,40.620917850655566
3025517,0.007178219899910071
3025518,69.10062542659269
3025519,0.00805475481687844
3025520,0.0071907451218523625
3025521,41.96830448048886
3025522,42.06830104726132
3025523,0.001875530185360678
3025524,43.38087947441453
3025525,0.0
3025526,0.0
3025516,0.00812294009361383
3025527,0.021329665044638253
3025529,0.02191945800218969
3025555,37.77058429749226
3025392,42.63863722878427
3025532,0.015871189359492565
3025533,0.01758546923465183
3025534,0.0179945962385728
3025535,0.0179945962385728
3025536,45.66428544129935
3025537,0.004099999913133507
3025538,31.218774761187728
3025539,0.006808877204896899
3025540,0.0004167076244405634
3025541,36.919700183794845
3025531,44.05568137883376
3025542,49.23381243498841
3025530,0.019703553174848537
3025545,0.0028957100539509627
3025546,47.66481222375691
3025547,47.66513908295753
3025548,42.9197586813462
3025549,0.005777816126696322
3025550,41.69947626440069
3025551,58.21240961877582
3025552,0.005440413273392752
3025553,0.004599092648564566
3025554,37.707303715064285
3025544,46.66397583964955
3025471,32.10466418278809
3025556,0.0
3025614,42.19555544894869
3025571,32.01309799576233
3025560,0.013269405841602418
3025561,38.061090301515236
3025562,0.017111488652257686
3025563,0.017057967662882288
3025564,41.63771336514227
3025565,0.01324729812267546
3025566,0.01600236357125763
3025567,0.0164098142061574
3025568,0.0164098142061574
3025569,42.05798935765245
3025559,0.0
3025570,32.1332542839093
3025584,55.56000973907193
3025573,0.0012293822278444458
3025574,36.412569930248644
3025575,47.48337834390279
3025576,0.002471612394466095
3025577,45.17305265555629
3025578,0.0037121594222284254
3025579,46.07531087361267
3025580,46.07563766047215
3025581,41.8093880037949
3025582,0.006597988971765882
3025572,0.009240069144728308
3025558,39.08891349357773
3025585,0.006259832721587733
3025611,0.005346317395469094
3025599,38.41616510911536
3025588,36.68423065026327
3025589,0.0
3025590,39.96244339864474
3025591,0.0
3025592,0.0
3025593,0.008026126121099781
3025594,37.103548376580015
3025595,0.011882787071727326
3025596,0.012910008432534441
3025597,40.35233950181556
3025587,36.630453909235435
3025598,0.008346377666754869
3025586,0.005416313438744833
3025601,0.01147821778081224
3025602,41.73169572919813
3025603,0.0037123723806895704
3025604,31.827595372539324
3025605,0.013085973756121406
3025606,0.002855654232512127
3025607,36.58395138556494
3025608,48.0996265865763
3025609,0.004101697432308743
3025610,45.69644562795808
3025600,0.01147821778081224
3025613,46.63324332278902
3025543,0.0016571347232893058
3025391,0.0019764735821930267
3025628,0.028070178627539813
3025617,56.49908843351458
3025618,0.00792213287395524
3025619,0.007073570955173538
3025620,36.86575639580562
3025621,36.92169416283443
3025622,0.0011271904823764068
3025623,40.33413239336869
3025624,0.0
3025625,38.384686443000064
3025626,0.01579526359402549
3025724,0.0
3025627,37.53573832618423
3025641,48.74241281955011
3025630,40.88271638775248
3025631,0.015919974535501206
3025632,0.018689821935987675
3025633,0.019099601136881098
3025634,0.019099601136881098
3025635,42.215997109015454
3025636,0.005214074775631972
3025637,31.898804908617567
3025638,0.007242218493610522
3025639,0.0
3025629,0.019750891949937906
3025640,0.0
3025642,0.0
3025668,42.41189157128678
3025656,40.1017430060967
3025645,46.27116210993188
3025646,46.271488529123815
3025647,41.94189963904813
3025648,0.0
3025649,40.82857223665271
3025650,55.89636222115452
3025651,0.0
3025652,0.0
3025653,0.0
3025654,36.76967042628566
3025644,0.0
3025655,0.0
3025643,46.24330971930105
3025658,0.0
3025659,0.006944838513567994
3025660,37.36727900463379
3025661,0.012995229204237277
3025662,0.011123825458131367
3025663,40.64883754536334
3025664,0.007354297245771446
3025665,0.009040161537856615
3025666,0.009442010114245336
3025667,0.009442010114245336
3025657,0.0
3025725,42.206217451927536
3025669,0.0
3025671,0.011210155316793941
3025696,38.9124335647862
3025673,36.03615927256803
3025674,45.638855342115654
3025675,0.004519047687022744
3025676,43.6014011288636
3025677,0.005764784221019486
3025678,43.62756808434217
3025679,43.62789364080975
3025680,40.09796829443524
3025681,39.2350537322099
3025682,39.191500384312874
3025697,0.015729858077052652
3025683,51.47997330312351
3025685,0.007492400661876425
3025686,35.47079840968557
3025687,0.001408315917457202
3025688,0.0015431264769563012
3025689,38.5681074853851
3025690,0.0
3025691,0.0
3025692,0.016223234477542214
3025693,36.16848211268078
3025694,0.020549554111386717
3025615,0.007989619134028366
3025684,0.008341711084037652
3025670,31.350304504642256
3025698,0.018499177417639314
3025723,0.0
3025711,53.67504764657849
3025700,0.01890892590226209
3025701,40.15538322853052
3025702,0.0050254898096082305
3025703,0.002627386334037552
3025704,0.030829432850288243
3025705,0.0
3025706,39.34387432725445
3025707,57.423472332331066
3025708,0.0
3025709,53.64483664334243
3025699,0.01890892590226209
3025710,0.0
3025672,0.003272133256470774
3025713,47.11381044360526
3025714,0.0
3025715,0.0
3025716,68.54699115154969
3025717,0.0
3025718,0.0
3025719,0.0
3025720,40.0660913713853
3025721,0.0
3025722,43.45710185768788
3025712,53.67537393542655
3025726,40.97338578203636
3025390,39.38879485159483
3025807,0.004751677868986036
3025739,0.00441488814898504
3025728,0.007777891173045939
3025729,44.86341747177664
3025730,0.00403251050665739
3025731,0.00570746621742609
3025732,0.00610653497210243
3025733,0.00610653497210243
3025734,47.35528594907301
3025735,0.0
3025736,31.28622829027697
3025737,0.04458132102004591
3025781,0.006748106729614118
3025738,0.0035628817405129595
3025752,40.230789030964935
3025741,0.0048575444229054555
3025742,54.213701525644304
3025743,0.006104330050247004
3025744,54.24299141431967
3025745,54.24331684078787
3025746,47.51020545925711
3025747,0.008766563155091969
3025748,45.89255720026771
3025749,69.50437298518644
3025750,0.008697781831908825
3025740,58.09113602048552
3025751,0.007832027304039205
3025753,40.315604056294525
3025779,0.007691721909083096
3025727,0.009329403327168414
3025756,0.0
3025757,0.0
3025758,42.52424231424422
3025759,41.25904231659795
3025760,0.02257951052520662
3025761,0.020360563998336773
3025762,45.22971740483474
3025763,0.01652340945965698
3025764,0.01823985372847965
3025765,0.01864953766330024
3025755,43.796876979602516
3025766,0.01864953766330024
3025754,0.002513901053179272
3025769,31.32146223925322
3025770,0.0434371800612599
3025771,0.002497953491988293
3025772,0.003348175020746124
3025773,0.003898938523198912
3025774,0.003790176574896585
3025775,0.005020268119482517
3025776,0.00503443226446419
3025777,0.0076154576108216285
3025778,0.007691721909083096
3025768,0.004405438327349549
3025780,0.007691721909083096
3025767,47.92351700868216
3025616,41.055584005040835
3025795,0.015924263570374752
3025784,0.00676109528453728
3025785,0.0005419304166916404
3025786,0.0013126424551937375
3025787,0.0014478291405329784
3025788,0.0014627551326295667
3025789,0.0
3025790,0.0
3025791,0.020886904979440308
3025782,0.00756131212949585
3025793,0.02147723996673017
3025783,0.0076239361697322166
3025794,0.01926336355995653
3025808,55.066672580713764
3025797,0.017147039819425846
3025798,0.017555798019607268
3025799,0.017555798019607268
3025800,0.0037740185583808325
3025801,0.004405438327349549
3025802,0.0
3025803,0.04497219915804773
3025804,0.0034575348396274084
3025805,39.83416089414036
3025806,59.09149856241425
3025796,0.015434212807482982
3025809,0.005997733642942018
3025792,0.015049073535157192
3024946,0.004961762995518093
3025811,54.883475429944355
3025812,47.95871270411428
3025813,46.38261903040822
3025814,0.00771424115894665
3025815,70.57833050542553
3025816,0.008823819040312098
3025817,0.007957936600232514
3025818,40.29623359878222
3025819,40.38049453933398
3025820,0.0019063557826398472
3025821,43.88373015602898
3025822,0.0
3025823,42.365606739369476
3025810,54.88314935121406
3025825,41.31908789770122
3025826,0.02743573647113953
3025827,0.01881856148262736
3025828,45.301042362674586
3025829,0.014994363077608335
3025830,0.017759307064739452
3025831,0.018168315164837707
3025832,0.018168315164837707
3025833,46.970573144986346
3025834,31.948012869636795
3025824,42.590590339757554
3025843,54.44130722985331
3025842,0.0
3025841,54.41625197929201
3025840,0.0
3025847,46.0572109822632
3025838,0.0
3025837,0.0
3025836,0.025698950071676024
3025844,54.44159449536274
3025839,58.29611942536304
3025845,47.65311850506733
3025851,36.76236389515505
3025848,69.86209580475742
3025860,0.003917691147979894
3025849,0.0
3025850,0.0
3025852,36.83225105640993
3025853,0.0
3025854,40.3172797902764
3025855,0.0
3025856,38.88009129575688
3025857,0.0064235424919378715
3025846,0.0
3025943,50.721408966227415
3025864,0.0031315452926080323
3025863,38.579451650647336
3025875,53.80599534879129
3025858,38.12543163821221
3025865,0.0031315452926080323
3025866,44.396401476351116
3025867,0.0
3025868,27.92672960519774
3025869,40.317077285970164
3025870,0.0013062368826697397
3025871,39.830847221085484
3025872,58.8040976105074
3025873,0.002999447020371534
3025874,54.8659106861965
3025876,54.89075488385846
3025862,0.0002492625867674032
3025877,54.891038654694285
3025878,48.00054716909858
3025879,46.43225169027778
3025880,46.38064684251571
3025881,70.54307236973446
3025882,44.70991794572182
3025883,0.0063501797212148535
3025884,36.99398399987018
3025885,37.06376148857868
3025886,0.0
3025887,40.59821623625629
3025861,41.78848752406042
3025859,0.006359524825368609
3025940,50.69692852288435
3025889,0.0
3025915,0.013900349278285621
3025892,38.326319295328474
3025893,42.35289537001262
3025894,42.095845519211764
3025895,38.742616950181
3025896,38.841370879319186
3025897,40.63605713542105
3025898,39.993931052047024
3025899,44.74369220001788
3025900,0.0031017498713337218
3025901,28.041832918855278
3025902,0.0192147708680709
3025903,0.004927122446525143
3025904,39.30925764047674
3025905,56.96395074272914
3025906,0.006630455932483597
3025907,53.29950522352499
3025908,0.010644125183197864
3025909,53.12773723447269
3025910,53.12802082257075
3025911,46.77530819134516
3025912,45.32941395001215
3025944,45.090950134440305
3025916,0.010017245534689998
3025917,36.055899914341666
3025918,36.11890059335778
3025942,50.721125232713995
3025890,39.378830919135204
3025930,0.019686056818836027
3025919,0.003148838508970119
3025920,39.30476931822516
3025921,38.110790605746246
3025922,0.0
3025923,0.02305262707347417
3025924,37.26343953753957
3025925,0.021273169033718592
3025926,0.020488402264637794
3025927,40.6108964610425
3025888,39.27587971716402
3025928,0.016734745756988766
3025931,0.019686056818836027
3025891,38.368744410143286
3025932,42.13139981526274
3025933,28.579040688059596
3025934,0.004187405315311497
3025935,0.021664027841807505
3025936,0.0011553539417943036
3025937,0.00194113287021681
3025938,53.91486440868855
3025939,0.002847725444388125
3025941,0.006834207071836533
3025929,0.019277956740265133
3025945,43.809442642374876
3026056,36.60056882566234
3026026,40.02490207007568
3025958,0.018487356797728446
3025947,63.20948419184716
3025948,0.01005040466584693
3025949,0.006197652282657394
3025950,0.0
3025951,0.0
3025952,0.0
3025953,38.135980893260296
3025954,0.0
3025955,0.0
3025956,37.07203286797327
3026000,0.0
3025957,0.013142838078819724
3025971,53.91486440868855
3025960,39.34092989850616
3025961,0.015290339546605377
3025962,0.017828011954530508
3025963,0.01825597935533096
3025964,0.01825597935533096
3025965,42.04927014021005
3025966,27.886238509981986
3025967,0.0
3025968,0.021664027841807505
3025969,0.0011553539417943036
3025959,0.01983242710060951
3025970,0.00194113287021681
3025972,0.002847725444388125
3025998,42.04927014021005
3025986,38.01870279420024
3025975,50.721125232713995
3025976,50.721408966227415
3025977,45.090950134440305
3025978,43.809442642374876
3025979,43.76733539355607
3025980,63.20948419184716
3025981,0.01005040466584693
3025982,0.006197652282657394
3025983,0.0
3025984,0.0
3025974,0.006834207071836533
3025985,0.0
3025973,50.69692852288435
3025988,0.0
3025989,0.019743244133628716
3025990,0.013142838078819724
3025991,0.018487356797728446
3025992,0.01983242710060951
3025993,39.34092989850616
3025994,0.015290339546605377
3025995,0.017828011954530508
3025996,0.01825597935533096
3025997,0.01825597935533096
3025987,0.0
3025946,0.009774020613803721
3025999,0.0034316707040173864
3025913,45.2828738009548
3026014,0.011984427880823424
3026003,38.762383098661275
3026004,55.14337449266103
3026005,0.004734109574360108
3026006,51.74332872711725
3026007,0.008736497541584995
3026008,51.766759118372654
3026009,51.76704210197976
3026010,45.81797784721902
3026011,44.463953913808375
3026012,0.011707203071285865
3026002,0.003035480813048481
3026013,64.96163618069683
3026027,0.016474329309047197
3026016,36.9267203912741
3026017,36.996021042824395
3026018,0.0012586673170909063
3026019,38.62813870273448
3026020,0.0
3026021,0.0
3026022,0.021720020669213688
3026023,0.015685316581161735
3026024,0.02855977245178578
3026025,0.0210278539230114
3026015,0.006550185701812936
3026001,0.01716504998029634
3026028,0.019018448331833814
3026054,0.0
3026042,51.975508637345
3026031,43.25478551399903
3026032,27.923809036878858
3026033,0.0
3026034,0.020751245850418265
3026035,0.0023012206061724955
3026036,0.0030887647297633803
3026037,55.38553660618118
3026038,0.003997126765179218
3026039,51.951421874465886
3026040,0.007992531740441232
3026030,0.019447527955508054
3026041,51.97522486379359
3026029,0.019447527955508054
3026044,44.599464363968536
3026045,44.554507583036575
3026046,65.62665444280226
3026047,0.011199536701481012
3026048,0.007351818316706387
3026049,35.74177580703237
3026050,35.80262213576772
3026051,0.0005026019678866242
3026052,38.75255156989066
3026053,0.0
3026043,45.96701426020877
3025914,67.56107833427296
3026192,0.01770985040287617
3026057,0.019686776696465375
3026070,57.546710126681816
3026726,0.003041017427229074
3026060,0.01543493001733887
3026061,0.017973164012776495
3026062,0.018380453722604002
3026063,38.967536052259334
3026064,43.05374825686528
3026065,28.014720229097623
3026066,0.0
3026067,40.0919469775099
3026068,0.0038856598223881243
3026069,0.0046758930465593375
3026071,0.005586907533985254
3026083,38.321115116629876
3026072,53.79338338488101
3026073,52.78320978561287
3026074,53.81648839378739
3026075,53.81677141461825
3026076,47.249825384955166
3026077,45.64449014935946
3026078,45.59673233302269
3026079,68.43997538187277
3026080,46.31315508109578
3026166,0.01789001074624171
3026084,0.002108576032275495
3026086,0.0
3026110,45.723480938324656
3026098,0.005109721342464886
3026087,0.0
3026088,0.017880797168426995
3026089,36.91952395661212
3026090,37.00412526315584
3026091,40.359043824946106
3026092,40.261948988101075
3026093,0.015525628604767366
3026094,36.98248140539844
3026095,38.501427983773716
3026096,37.95795378638602
3026081,0.008970112056032556
3026097,42.61346786174388
3026085,39.46330647268483
3026100,0.017583739528698048
3026101,0.0006467128561100739
3026102,0.0014318767803320844
3026103,57.69310136416951
3026104,0.0023378735311749355
3026105,53.918261684121305
3026106,0.006321251298197104
3026107,53.94231242475202
3026108,53.94259619558784
3026109,47.33801531637641
3026099,27.894763491525612
3026082,38.242497067008294
3026111,0.009244456941997424
3026112,68.64848389927548
3026139,0.007548922415063893
3026138,52.62728411059689
3026115,36.50924660362995
3026116,36.57559086479938
3026117,0.0
3026118,39.79700011076801
3026119,0.0
3026120,0.0
3026121,38.28110886560737
3026122,0.01715863542612414
3026123,0.025382267164602606
3026140,54.85349884445229
3026124,0.01653768789124677
3026126,0.012809089555205334
3026127,0.015335195868076313
3026128,0.01574041376967255
3026129,0.01574041376967255
3026130,43.85038737518878
3026131,28.080235953065483
3026132,0.0
3026133,0.018686032389680387
3026134,0.0021967455502703635
3026135,38.99051743243667
3026136,56.18544267928231
3026125,41.34048396220493
3026167,0.003613061778378026
3026141,54.853783101605806
3026164,28.561835292160133
3026113,0.009520539982031003
3026153,0.0
3026142,47.96439120249692
3026143,46.28023287730161
3026144,0.01047988185090304
3026145,70.19289677570256
3026146,0.010756004959771087
3026147,0.006907305216985934
3026148,36.88466072594672
3026149,36.953866010065376
3026150,6.164662052665312e-05
3026165,0.0018809423961556433
3026151,40.316618470102206
3026154,38.75462138676862
3026114,0.005685849866443359
3026155,0.018392196564778796
3026156,0.01923179542984215
3026157,0.017792373719326706
3026158,41.94187422980526
3026159,0.014052913364426347
3026160,0.016586408790604325
3026161,40.68699976895172
3026162,0.01699285091517942
3026163,43.866733224475574
3026152,0.0
3026168,38.45364417579024
3026169,54.24107633800984
3026249,0.003337194940433998
3026223,0.0026246154950392256
3026181,0.0015736791477491342
3026170,0.005345662625421319
3026171,50.9751878002281
3026172,0.009351755927230658
3026173,50.99886761857825
3026174,50.99915135209167
3026175,45.28496659104431
3026176,43.88809502427185
3026177,43.84570358050675
3026178,63.417678924513176
3026195,0.020689525242801207
3026179,0.012331808766205416
3026182,0.0016177099836011612
3026194,0.020689525242801207
3026183,0.0017161327024609108
3026184,38.08920126069194
3026185,0.0
3026186,0.0
3026187,0.01808116488877665
3026188,0.015511745522998782
3026189,0.01997672413376322
3026190,0.02227318142480728
3026191,39.422182950263974
3026180,0.008316577380987176
3026193,0.02025949682514313
3026197,27.893313223688956
3026220,0.0050947783704973675
3026278,0.014050695385877015
3026209,0.0
3026198,0.0
3026199,0.024466779938204716
3026200,0.0
3026201,0.0
3026202,58.28673598818159
3026203,0.0
3026204,54.407612021634364
3026205,0.0
3026206,54.43240472088324
3026221,38.11895777418375
3026207,54.43268849171906
3026210,46.04991833023629
3026196,42.128024565258876
3026211,69.8502210599605
3026212,0.0
3026213,0.0
3026214,36.75639655946397
3026215,36.826270369278426
3026216,0.0
3026217,40.31061305711132
3026218,0.0
3026219,38.87369659607169
3026208,47.64552189626008
3026055,0.01683793884831092
3026222,0.005068143466885919
3026058,0.019978023894936466
3026237,54.64304248247788
3026226,0.0014414558658726359
3026227,0.0018394411163544077
3026228,0.0018394411163544077
3026229,44.39010301309035
3026230,0.0
3026231,27.923585909533003
3026232,0.018054824871636257
3026233,0.005213244631316835
3026234,39.6992698330539
3026235,58.540840662814844
3026225,0.0
3026236,0.006950545547047308
3026250,39.82802080897266
3026239,54.45837509462187
3026240,54.45865868271993
3026241,47.70171974839376
3026242,46.04994057358907
3026243,0.013933365422303428
3026244,69.50430987511322
3026245,0.01397674830572705
3026246,0.010106542751026673
3026247,36.532881774771866
3026279,0.010179878073012722
3026238,0.010967722158577577
3026224,41.78156284149475
3026251,0.0
3026277,69.88845840039332
3026265,0.0181289895526547
3026254,37.49263831367797
3026255,0.03006869016892113
3026256,0.020530187827740645
3026257,41.3570499780256
3026258,0.01677532153206719
3026259,0.019319358598467243
3026260,0.019727603963359777
3026261,0.019727603963359777
3026262,42.946875833914106
3026263,28.561798506939272
3026253,38.31019698409274
3026264,0.003542810528890937
3026252,0.0
3026267,0.006077993946949024
3026268,58.81294700416914
3026269,0.007023614103016814
3026270,54.8751460123232
3026271,0.011041340857427648
3026272,54.68837549839774
3026273,54.688659095927626
3026274,47.86238994614735
3026275,46.19366207139149
3026276,46.14396816603262
3026266,0.0052860878441808555
3026248,36.60119728075331
3026433,54.18280742271137
3026584,38.390101891270255
3026293,0.019802282564522964
3026503,50.84465571154552
3026283,39.95867192538168
3026284,0.0
3026285,0.0
3026286,0.01921103744291782
3026287,37.321276571666544
3026288,0.030144808500603158
3026289,0.02060496933917978
3026290,40.80202748072922
3026291,0.01684959133839684
3026292,0.019393978582084945
3026294,0.019802282564522964
3026306,51.58261236280735
3026295,42.0433103948708
3026296,0.0057339196702863495
3026297,0.0031712561523939893
3026298,0.01854849232715158
3026299,0.0048008031325751325
3026300,0.0055924045986528205
3026301,54.927828573295336
3026302,0.006537503569140543
3026303,51.55949456692693
3026335,0.007716431511016912
3026307,45.68920454115208
3026309,44.20579929448891
3026333,0.0067696495837351375
3026321,0.028986510646823487
3026310,64.70815486226046
3026311,0.013561321165180636
3026312,0.009692330485718043
3026313,35.49679901755029
3026314,35.55764248526269
3026315,0.002925319465036011
3026316,38.42550475989615
3026317,0.0
3026318,0.0
3026319,0.018719562654679774
3026304,0.010553663675942692
3026320,36.31656888996165
3026308,44.2485202226096
3026323,40.139728266858164
3026324,0.016512365309445377
3026325,0.019056561632005687
3026326,0.019464880636655753
3026327,0.019464880636655753
3026328,43.421650761193824
3026329,28.031890329526856
3026330,0.0
3026331,0.019562276605851983
3026332,0.005976459867364046
3026322,0.020267397058467352
3026305,51.582329229175365
3026334,56.81508381386345
3026336,53.170855751723096
3026337,0.011740620970047086
3026349,39.378445449431055
3026338,53.19389530977106
3026339,53.19417853406799
3026340,46.818096113718866
3026341,0.014347695263548703
3026342,0.014709463408031628
3026343,67.3929756853803
3026344,0.01475311880823416
3026345,0.010875447928977896
3026346,0.004629063372478015
3026363,27.98517244192344
3026347,36.79523028678567
3026350,0.00017716798679610554
3026362,0.007001606915494705
3026351,37.82441330794433
3026352,37.90687440472312
3026353,37.12715277298492
3026354,0.017162685722482966
3026355,0.021895471019506996
3026356,41.25759389356285
3026357,0.018129885677360114
3026358,0.020681303475163993
3026359,0.02109085351282902
3026348,0.004732691422116899
3026391,0.021789046042019988
3026365,0.006484626216927102
3026388,0.02380852060134224
3026390,0.019231921099478865
3026377,0.01518834607768147
3026366,0.007278571373288151
3026367,53.50334384226364
3026368,0.008146517211596815
3026369,50.33957889296128
3026370,0.012173899970991607
3026371,50.36227066552462
3026372,50.36255396025438
3026373,44.84010065214891
3026374,0.014782886253754894
3026389,39.06984903741913
3026375,43.45015243664825
3026378,0.011307095466945206
3026364,0.01894491109271093
3026379,34.88926423637624
3026380,34.94493402092214
3026381,0.005161763470423825
3026382,37.596903444712126
3026383,0.0006026318762221785
3026384,36.2831296116736
3026385,0.021315155895879817
3026386,0.018663954147777384
3026387,0.023715888638791066
3026376,62.6632417521919
3026282,0.0034100031879351947
3026393,0.022199594766926626
3026392,0.022199594766926626
3026405,52.89132408795221
3026447,0.005825537826930963
3026395,0.00711015169088822
3026396,0.012807484013485724
3026397,0.01716407949753411
3026398,0.0056309015823984634
3026399,39.38335298923619
3026400,56.45785364380735
3026401,0.007832159616426842
3026402,52.86800278879616
3026403,0.01185479151528793
3026419,36.51877637242049
3026404,52.89104036168973
3026418,0.020985486428399674
3026407,0.014461483651268321
3026408,0.014823892966547578
3026409,66.87860652202932
3026410,0.014867261604401528
3026411,0.01099120583289388
3026412,0.00474516002346673
3026413,37.94980519681562
3026414,0.004848123971729985
3026415,39.05007598304829
3026416,0.0002943253005190775
3026406,46.61037258801325
3026417,37.55580744902536
3026394,42.02108431760347
3026445,0.0057198504207088665
3026137,0.0035539444227444287
3026422,40.38545697725864
3026423,0.01815753964468398
3026424,0.020707132981564187
3026425,0.021116294876500335
3026426,0.021116294876500335
3026427,42.38979267239325
3026428,0.006691916731956891
3026429,27.913939102553286
3026430,0.021193928201773113
3026431,0.007147993906050152
3026421,0.021920558216768037
3026432,0.007943102892037018
3026434,0.008812027901768446
3026435,50.91891399830568
3026436,0.01284527952062896
3026437,50.94166024111631
3026438,50.94194328586146
3026420,0.025139711011049025
3026440,0.015457387944627534
3026441,43.810756246219015
3026442,63.631213035325544
3026443,0.0158627190040136
3026444,0.011975189981719953
3026439,45.244732973971814
3026360,0.02109085351282902
3026446,0.0057198504207088665
3026448,38.07038737481672
3026461,0.0086010585857534
3026450,36.68185468703717
3026451,0.022075105184196017
3026452,35.94861577777892
3026453,0.024601574513741984
3026454,0.02540172493224323
3026455,39.74757834254204
3026456,0.02081154740114346
3026457,0.023376311051441577
3026458,0.023788168036645792
3026459,0.023788168036645792
3026449,0.0012597967619129295
3026460,42.88757843589786
3026474,43.45244326233931
3026463,0.01904371374119523
3026464,0.006581656879152695
3026465,38.49151128718186
3026466,53.507679593047534
3026467,0.00824384776215452
3026468,50.343271848929284
3026469,0.01227203494279355
3026470,50.365964433350136
3026471,50.36624771287328
3026472,44.84267479112035
3026462,0.005466736233046015
3026473,0.014881467936299056
3026475,62.66942267087684
3026501,50.82192062960842
3026489,0.01933119922360754
3026478,34.89081469341808
3026479,34.946495922055774
3026480,0.005258850904495851
3026481,37.59901417138603
3026482,0.0006988140932444377
3026483,36.28497328976436
3026484,0.02141512693086896
3026485,35.4923390866264
3026486,0.023816115142293395
3026487,0.023908714850191793
3026477,0.011404795655676725
3026488,39.07232773492366
3026476,0.015286919927452833
3026491,0.022299483566274512
3026492,0.022299483566274512
3026493,42.024195149894226
3026494,0.0072082525466448475
3026495,27.92521981274642
3026496,0.018543258520473845
3026497,0.004551572240822275
3026498,38.402651846112995
3026499,54.069057991536845
3026500,0.006207775506425671
3026490,0.021888843844145297
3026361,43.41518314587494
3026502,0.01022057222062133
3026724,42.514945234126166
3026613,37.31122718572023
3026517,0.019402576717406594
3026506,43.791398530424686
3026507,43.75036234252852
3026508,63.4691908137698
3026509,0.013226245298103335
3026510,0.009361280252830326
3026511,35.19660578250503
3026512,35.25448809146499
3026513,0.003227625485463486
3026514,38.01405368565919
3026531,0.0040079267646935856
3026515,0.0
3026518,35.90236647053032
3026530,0.003218943932958205
3026519,0.021922629497808748
3026520,0.022719617845578303
3026521,39.68086872071041
3026522,0.0181528047762841
3026523,0.020704405113312604
3026524,0.021113994847731254
3026525,0.021113994847731254
3026526,42.80394897660104
3026527,0.005974039368085196
3026516,0.0
3026528,0.0028558079411607276
3026533,0.004871130637127928
3026556,0.019333047523352506
3026614,0.0
3026545,35.23303709506607
3026534,50.77216171847561
3026535,0.008873432742891532
3026536,50.79489107836681
3026537,50.79517412704334
3026538,45.14220858138904
3026539,43.760303025663944
3026540,43.719378417662796
3026541,63.38605330156277
3026542,0.011873060605541708
3026557,0.019741473104552886
3026543,0.008019678419129192
3026546,0.0018942318632737254
3026532,54.01070456746458
3026547,37.9851525855005
3026548,0.0
3026549,0.0
3026550,0.018030904340416275
3026551,35.87863905353813
3026552,0.02054766582683974
3026553,0.021343033673329462
3026554,39.64664611786617
3026555,0.01678819834366739
3026544,35.17530737399673
3026615,0.0
3026529,0.017182794610669024
3026559,42.76104507645456
3026586,0.014155768763290695
3026585,0.01728092025587561
3026562,0.03415257223986132
3026563,0.0
3026564,39.78408114618933
3026565,58.924440514854055
3026566,0.00011049683367525803
3026567,54.95156840867337
3026568,0.0041185451506958685
3026569,54.975514558326815
3026570,54.97579757915768
3026587,42.12662043483474
3026571,48.02461235271725
3026573,46.39145109399767
3026574,70.76643025496014
3026575,0.007132878721476886
3026576,0.003247478420902546
3026577,0.0
3026578,37.062730900405796
3026579,0.0
3026580,40.63259721443829
3026581,0.0
3026582,39.18059460878102
3026583,39.41451956733883
3026572,0.006731100745039977
3026558,0.019741473104552886
3026588,0.01040583899680669
3026611,0.002403929822498438
3026560,0.004625715248040487
3026600,50.00571274386623
3026589,0.012946554966905662
3026590,0.013354284142517986
3026591,0.013354284142517986
3026592,45.21261076099798
3026593,6.085117609620555e-05
3026594,27.958465620844695
3026595,0.01487086734425009
3026596,0.00445852939032789
3026597,0.005249444017913667
3026612,0.002503699367819772
3026598,53.11185889485716
3026601,0.010126514228520614
3026561,0.0015157381330948366
3026602,50.02834482897716
3026603,50.02862787765369
3026604,44.60674047988758
3026605,43.281322961271854
3026606,0.013087973359496402
3026607,62.105703570117456
3026608,0.013131762622908594
3026609,0.009267610622243225
3026610,0.002359832862743613
3026599,0.006114452793497614
3026281,38.76954904153721
3026616,0.018897069725066506
3026695,0.006139650630860126
3026670,44.629559998930546
3026628,0.013302244358320786
3026617,0.01632197102550857
3026618,0.02825233171121531
3026619,0.02142328015164863
3026620,38.835818862617145
3026621,0.01686774726137817
3026622,0.0194129922531575
3026623,0.019821483026938102
3026624,0.019821483026938102
3026625,41.720913507545866
3026642,0.009291191154733012
3026626,0.004704313285402586
3026629,0.004483046650189885
3026641,0.013153036983153442
3026630,0.005273513192029813
3026631,53.398977304027085
3026632,0.006138340390262387
3026633,50.25224150419611
3026634,0.010148171744948298
3026635,52.21800594490246
3026636,52.21828952247715
3026637,46.13981357032871
3026638,44.65388980323887
3026627,0.01037439510946684
3026639,44.609786242228296
3026644,35.8404992564783
3026667,0.01105076806479476
3026504,50.84493876022205
3026656,0.01891779620681934
3026645,0.002527920325901799
3026646,38.800107786395685
3026647,0.0
3026648,0.0
3026649,0.01891437766371122
3026650,36.64166350549419
3026651,0.021295694415965582
3026652,0.020516097336674134
3026653,40.570449665002336
3026668,50.06101198901134
3026654,0.01597118548973156
3026657,0.01891779620681934
3026643,35.77774557911014
3026658,43.29324906222009
3026659,0.005332069054599729
3026660,28.48361695608186
3026661,0.01281435901920975
3026662,0.0053728266897874665
3026663,0.006165166939404336
3026664,53.15016417744993
3026665,0.007031505177963547
3026666,50.038374181854515
3026655,0.018510396442549953
3026696,0.0069333635640069675
3026640,65.75532422609469
3026671,43.301735406340214
3026672,43.26246542327803
3026684,0.029207348994774156
3026673,62.160274721850854
3026674,0.01406016084463978
3026675,0.010188063731090366
3026676,34.69167242526626
3026677,0.0033159798405854673
3026678,0.0034173766392752982
3026679,37.329782826894544
3026680,0.0
3026681,0.0
3026698,0.007801000066954319
3026682,0.01983741495278486
3026685,0.022365556942386736
3026697,54.22727125417834
3026686,38.85776863068355
3026687,0.01780182189420164
3026688,0.020351689039918783
3026689,0.020760975163178107
3026690,0.020760975163178107
3026691,41.7483869572529
3026692,0.005627244643620779
3026693,0.01121642526959591
3026694,0.016204934119636274
3026683,0.017239473704439328
3026669,50.06129503768787
3026700,0.011827197154556724
3026723,0.019852281119108337
3026505,45.17697191757068
3026712,37.847822378286736
3026701,50.97807819166597
3026702,50.97836127914833
3026703,45.26708713211464
3026704,43.870927960056534
3026705,43.82956770665141
3026706,63.69889159763406
3026707,0.014840563458074548
3026708,0.010960535018402197
3026709,35.07110137013595
3026280,38.68555989816563
3026710,0.004080910319273903
3026713,0.0
3026699,50.955321240653475
3026714,0.0
3026715,0.020629608770216447
3026716,35.86045303704411
3026717,0.031642815565711
3026718,0.02145451623265069
3026719,39.43057973042825
3026720,0.016897721470982716
3026721,0.019443673336596176
3026722,38.143412995163075
3026711,0.004184123113978181
3026725,0.006251400428944019
3026059,40.15939349965198
3026727,0.013288503881325874
3026740,0.014067180188511249
3026729,0.00617507678228448
3026730,53.923658208981145
3026731,0.00704121594903299
3026732,50.69963087365392
3026733,0.011058235201454767
3026734,50.550808544815155
3026735,50.55109208351684
3026736,44.975182468953854
3026737,43.61211388832641
3026738,43.571767620045726
3026739,62.97064551313485
3026741,0.010197431790303144
3026753,0.017807766788928623
3026742,34.901709531458245
3026743,34.958084558161126
3026744,0.003427435908218483
3026745,37.61128226272658
3026746,0.0
3026747,0.0
3026748,0.019840442929349254
3026749,0.01725921179028817
3026750,0.029206276126926445
3026836,0.015514860975178246
3026754,0.02035613357397806
3026756,0.02076511693157151
3026780,0.0
3026768,49.279576327199344
3026757,0.011206929464340478
3026758,0.005633348138629781
3026759,0.0024294774100178354
3026760,0.016542573732026215
3026761,0.006046323699994756
3026762,0.006839911456200323
3026763,52.235301088299295
3026764,0.007707413847977804
3026765,49.25675274614626
3026766,0.011732977597687579
3026751,0.022368920031389326
3026767,49.279293278522815
3026755,0.02076511693157151
3026770,42.80941488921106
3026771,0.014702209546871108
3026772,60.86150339299889
3026773,0.014745917090216696
3026774,0.010866619375546121
3026775,0.003943528122829743
3026776,0.003987775491180368
3026777,0.004090847001421554
3026778,36.88284527648152
3026779,0.0
3026769,44.08039095580042
3026752,39.188850842074636
3026781,0.020533908369004393
3026782,34.975847432081586
3026809,34.901133637424465
3026808,34.845774750705715
3026785,38.33078697934539
3026786,0.018492476989316144
3026787,0.021046388868974843
3026788,0.02145637162151998
3026789,0.02145637162151998
3026790,41.090995016029744
3026791,0.006309723795107807
3026792,0.003098890033266748
3026793,38.35417099479401
3026810,0.0036131941955075122
3026794,0.004936920227416117
3026796,53.107842018636454
3026797,0.00659428555076199
3026798,50.0022871457217
3026799,49.16842122957486
3026800,50.02491923083263
3026801,50.02520227950916
3026802,44.604347711027714
3026803,43.27918291610584
3026804,43.23999399536055
3026805,62.09998915361355
3027172,36.220234956117224
3026795,38.12444692820528
3026837,42.96094109381111
3026811,37.53799377202394
3026834,49.57691172479648
3026783,0.030880550337430566
3026823,42.125918962562956
3026812,0.0
3026813,36.216831504090614
3026814,36.22154318831825
3026815,35.53004152698784
3026816,35.557413615072626
3026817,38.975011822103596
3026818,39.140007590949665
3026819,36.71743259400142
3026820,36.79944858521236
3026835,44.29123762964267
3026821,38.289937465063765
3026824,0.007306888632230093
3026784,0.023063384152648355
3026825,0.004090560067198803
3026826,0.01687054745208438
3026827,0.007204995488589732
3026828,38.2127111043488
3026829,52.582145068302
3026830,0.008869135572242733
3026831,49.55404203272742
3026832,0.012902544582884461
3026833,49.576628567083866
3026822,37.75664469467802
3026838,61.06669391105913
3026839,0.01592025022296034
3026920,0.02342846313155011
3026851,38.55673520836053
3027171,36.154672707887244
3026841,0.005703156997127518
3026842,34.60946787852185
3026843,0.005808743227525941
3026844,37.260000942386554
3026845,0.001243474512901598
3026846,35.88775334413592
3026847,0.02197560198709456
3026848,35.14019521300435
3026849,0.025182706733866293
3026893,0.006637357471849764
3026850,0.02521322516807829
3026864,50.09097504245022
3026853,0.0231881965020359
3026854,0.02362075732938249
3026855,0.02362075732938249
3026856,41.37878069799409
3026857,0.008536949701079584
3026858,0.00531255821085856
3026859,0.01682565102975548
3026860,0.005814536688782532
3026861,38.40223318308809
3026862,53.21184973958372
3026852,0.020623855672186657
3026863,0.007474546968240313
3026865,0.011497288810549003
3026891,28.15273491266069
3026879,36.08680373309452
3026868,44.666308885038944
3026869,0.014103349918207279
3026870,0.014464893739194679
3026871,62.24812910722683
3026872,0.014508683002606871
3026873,0.010632747908727466
3026874,34.72384367465591
3026875,34.778325657840725
3026876,0.004491314502386794
3026877,37.573591573232434
3026867,50.113903527678104
3026878,0.0
3026866,50.113620479001575
3026881,35.469927620127486
3026882,0.026195975191754633
3026883,38.76522826802645
3026884,38.92738971680416
3026885,0.019708603351566198
3026886,0.02226790572628677
3026887,0.022678814213471076
3026888,0.022678814213471076
3026889,41.32583675583688
3026890,0.007500032827011873
3026880,0.020627394425541245
3026807,0.009749222671286403
3026892,0.014553689851879749
3026950,42.122254513814234
3026908,0.00518077626870014
3026897,50.7447856512137
3026898,0.012325716115695095
3026899,50.5955649836682
3026900,50.59584863239909
3026901,45.00649030262614
3026902,43.64013345295573
3026903,43.599687569896986
3026904,62.744530065685964
3026905,0.015340352054820044
3026906,0.011301376156450318
3026895,53.97659102166108
3026907,0.005136465803245085
3026921,0.02342846313155011
3026910,37.77001144852192
3026911,0.0006247874331802409
3026912,0.0
3026913,0.02174494182244225
3026914,35.62738307822246
3026915,0.03195456700578177
3026916,0.02501922725091767
3026917,39.25182114427282
3026918,0.020435188299570223
3026919,0.022996453902278086
3026909,0.005284619635724998
3026894,38.384153726896024
3026922,41.124404877939895
3026948,0.017253060672378563
3026936,0.006991403105329107
3026925,0.03404651322506411
3026926,0.0
3026927,0.0
3026928,58.91291440706597
3026929,1.0530531161181793e-05
3026930,54.94173602647122
3026931,0.004017794674573966
3026932,54.96568026877603
3026933,54.9659632896069
3026934,48.01774399029049
3026924,0.005060914100863088
3026935,0.006629894852179088
3026923,28.66821664870278
3026938,0.007031672828615996
3026939,0.0031471405206811983
3026940,0.0
3026941,37.05845748579398
3026942,0.0
3026943,40.6267788474339
3026944,0.0
3026945,39.15575711488454
3026946,0.017309413101639973
3026947,38.38684223245678
3026937,70.74988209822186
3026840,0.011873625023409887
3026949,42.38136908027352
3026951,0.010378351942339489
3026975,0.004216875160066829
3027059,38.09911209315279
3026953,0.013326636900567951
3026954,0.013326636900567951
3026955,45.2015729344599
3026956,4.479703755498393e-05
3026957,27.958058997958037
3026958,0.016669940414537794
3026959,0.006172868171639998
3026960,38.11127430170992
3026961,52.24558882954954
3026962,0.007833958319623045
3026963,49.26704048739651
3026964,48.46727415010709
3026965,49.28958101977306
3026966,49.28986406844959
3026967,44.09067869705066
3026968,42.81970263046131
3026969,0.01482875401851635
3026970,60.87179777788113
3026971,0.014872543281928541
3026972,0.010993492914037048
3026973,34.36877356052017
3026976,37.003690106862805
3026977,0.0
3026978,0.0
3027003,60.98438284563015
3026991,0.01682565102975548
3026979,0.02066024776068338
3026981,0.03312893415228778
3026982,0.025217940943403353
3026983,38.38456592530025
3026984,0.02062938149199188
3026985,0.023193238034102323
3026986,37.204371898047164
3026987,0.023604934420184753
3026988,41.1561018010029
3026989,0.008421070806435872
3026974,34.42133961200332
3026990,0.005197724260143568
3027005,0.010632747908727466
3026993,0.006607565185782043
3026994,52.32463507893919
3026995,0.007474546968240313
3026996,49.33444428073147
3026997,0.011497288810549003
3026998,49.356994349851185
3026999,49.357277398527714
3027000,44.13777018112049
3027001,0.014103349918207279
3027002,42.82414240234297
3026992,0.005814536688782532
3027004,0.014508683002606871
3026980,0.019137379192006514
3027006,0.004388005698451278
3027031,49.576628567083866
3027019,0.023740942906336448
3027008,0.004491314502386794
3027009,37.05489669560792
3027010,0.0
3027011,35.71032649157841
3027012,0.020627394425541245
3027013,35.03867514057426
3027015,0.025354348035616984
3027016,38.44138107270015
3027017,0.02076460580453575
3027057,0.013812045777847178
3027018,0.023329129173609617
3027020,0.023740942906336448
3027026,38.2127111043488
3027021,40.73786411484567
3027029,49.55404203272742
3027028,0.008869135572242733
3027027,52.582145068302
3027030,0.012902544582884461
3027025,0.007204995488589732
3027024,0.01687054745208438
3027023,0.005319300040356447
3027022,0.00854341306512766
3027014,0.026195975191754633
3027060,53.02030616048216
3027033,44.29123762964267
3027007,34.45891724109268
3027032,49.57691172479648
3027034,0.015514860975178246
3027035,42.96094109381111
3027036,61.06669391105913
3027037,0.01592025022296034
3027038,0.011873625023409887
3027039,0.005703156997127518
3027040,34.60946787852185
3027041,0.005808743227525941
3027042,37.260000942386554
3027043,0.001243474512901598
3027058,0.0028452634391638236
3027044,35.88775334413592
3027046,35.14019521300435
3027047,0.025182706733866293
3027048,0.02521322516807829
3027049,38.55673520836053
3027050,0.020623855672186657
3027051,0.0231881965020359
3027052,0.02362075732938249
3027053,0.02362075732938249
3027054,41.37878069799409
3027055,0.008536949701079584
3027056,28.15194181555845
3027045,35.78775496039734
3027115,40.9726616539357
3027062,49.92764496432522
3027142,37.87421682438804
3027074,0.0015203370488718604
3027063,0.008495681321708184
3027064,49.950269420041614
3027065,49.95055246871814
3027066,44.55220079940662
3027067,43.232536797941776
3027068,43.19351667755049
3027069,61.9752886073489
3027070,0.01149361929954672
3027071,0.007643483237968026
3027072,0.0014223179243295163
3027116,0.018763069985416592
3027073,34.868954758640285
3027087,0.01075895001813093
3027076,0.0
3027077,0.0
3027078,0.01764627556768068
3027079,35.494371246531294
3027080,0.0222402701003974
3027081,0.021915759803814997
3027082,39.088575935065876
3027083,0.017355940035733583
3027084,0.01990359808430374
3027085,0.02031250795324292
3027075,37.69808135747316
3027086,0.02031250795324292
3027088,0.005186681568376352
3027114,0.022532266579011164
3027102,67.40303569143447
3027091,0.006307379070519387
3027092,39.26957542212399
3027093,57.061195186819745
3027094,0.007968538807565763
3027095,53.373516270033555
3027096,0.011993672104751437
3027097,53.2003606944205
3027098,53.20064429588944
3027099,46.82294349022538
3027100,0.014601677802897254
3027090,0.012502097827559596
3027101,45.21753022790891
3027089,0.0019837067720811855
3027104,0.011128304107068632
3027105,36.006321436872234
3027106,36.070803172101726
3027107,0.004351451803387326
3027108,39.348521449899984
3027109,37.71051004490806
3027110,37.607866225581425
3027111,37.6563221931572
3027112,36.90028762186414
3027113,0.032108273879423964
3027103,0.015007300408583451
3026896,0.008299103807702641
3026952,0.012918930076697418
3027061,0.004496324290756158
3027130,53.08250752974765
3027119,0.021726851919836785
3027120,42.52165355953202
3027121,29.00093419152161
3027122,28.85795528489014
3027123,0.012502097827559596
3027124,0.0034941599777330756
3027125,38.47492296011838
3027126,54.31561260625334
3027127,0.005146840954060152
3027128,51.03234691273375
3027118,39.0261815836821
3027129,0.009149819949840873
3027143,37.76997750793006
3027132,46.74061660118729
3027133,0.011745071185327331
3027134,45.14415452600461
3027135,67.20618586843642
3027136,0.012150693791013528
3027137,0.00829614377575979
3027138,36.14289236735319
3027139,36.20836783122038
3027140,0.001540143318862838
3027141,39.53748247895272
3027131,53.08279113121659
3027117,37.44071928638199
3027144,37.82591218949509
3027170,0.00893678103297025
3027158,38.4833277071786
3027147,0.020255361698010645
3027148,41.209256807744296
3027149,0.016502506090310277
3027150,38.01559607166031
3027151,0.019453175002879883
3027152,0.019453175002879883
3027153,43.011756327476355
3027154,28.978118010338747
3027155,28.836443014916384
3027156,0.012497768038171209
3027146,0.02915874175800406
3027157,0.0041251099343316555
3027145,37.05392073953992
3027160,0.005779745865996901
3027161,51.05732776228232
3027162,0.009814923672010397
3027163,53.111189456891566
3027164,53.11147375655622
3027165,46.76092787337751
3027166,0.01266405510625727
3027167,45.16134524183787
3027168,67.25246202019996
3027169,0.012797018281983496
3027159,54.344927061622975
3027617,0.0029871383117304738
3026806,41.93612433897553
3027477,0.02004347167574332
3027186,43.03334927810682
3027175,37.888356618209684
3027176,37.78397783365679
3027177,37.840562439995296
3027178,37.06718059421876
3027179,0.02982690742159974
3027180,0.020911482492101056
3027181,41.22825177412894
3027182,0.01715373704429874
3027183,38.03037579756644
3027184,39.703315805488025
3027185,0.020108347801884207
3027187,28.981313807669256
3027199,0.01266405510625727
3027188,28.839451653662298
3027189,0.012497768038171209
3027190,0.0041251099343316555
3027191,37.90269072902919
3027192,52.338783491676686
3027193,0.005779745865996901
3027194,49.34668017927451
3027195,0.009814923672010397
3027196,51.2178750953193
3027228,0.009814923672010397
3027200,43.98256850081004
3027202,0.012797018281983496
3027226,0.005779745865996901
3027214,40.69883092146781
3027203,0.00893678103297025
3027204,35.34545811590726
3027205,35.40512761053617
3027206,0.0021759610381269228
3027207,39.83427213366436
3027208,37.49365084580978
3027209,37.393121090797905
3027210,37.43167266948748
3027211,36.69676204563478
3027212,0.02982690742159974
3027197,51.21815939498396
3027213,0.020911482492101056
3027201,64.09005509881324
3027216,0.019699755033815
3027217,0.020108347801884207
3027218,0.020108347801884207
3027219,41.866225483551155
3027220,28.95412550658283
3027221,28.813816888037298
3027222,0.012497768038171209
3027223,0.0041251099343316555
3027224,37.90269072902919
3027225,52.338783491676686
3027215,0.01715373704429874
3027198,45.43836184096784
3027227,49.34668017927451
3027229,50.511559101056605
3027230,50.51184340072126
3027242,37.01379331675005
3027231,44.94496698928327
3027232,0.01266405510625727
3027233,43.54281496840037
3027234,62.91029702691383
3027235,0.012797018281983496
3027236,0.00893678103297025
3027237,35.04357346472318
3027238,35.10104521688993
3027239,0.0021759610381269228
3027256,0.018582701896574884
3027240,39.365001427487606
3027243,37.03484401805926
3027255,0.012429931270657788
3027244,36.337270697368176
3027245,0.02982690742159974
3027246,0.020911482492101056
3027247,40.18502648573783
3027248,0.01715373704429874
3027249,0.019699755033815
3027250,0.020108347801884207
3027251,0.020108347801884207
3027252,41.303658726349006
3027241,37.11058848313888
3027173,0.0021759610381269228
3027258,53.23349816880488
3027281,0.017634216948857175
3027283,0.02059145765868179
3027270,0.002501933459058669
3027259,0.020280871340871105
3027260,50.10962387360375
3027261,0.024402817717683156
3027262,51.323830013827276
3027263,51.32411361161589
3027264,45.51209903184294
3027265,0.027066466735354712
3027266,44.04920093459405
3027267,64.26863528269621
3027282,0.020182485013713704
3027268,0.013274050580945728
3027271,35.22686669772287
3027257,38.16172370252654
3027272,0.0026456775808089456
3027273,39.55912751362976
3027274,37.26906705045499
3027275,37.170728105753376
3027276,37.19901574554266
3027277,36.48600791627226
3027278,0.03031868474196832
3027279,0.021395262084275363
3027280,40.397567834293206
3027269,0.009409883590415512
3027284,0.02059145765868179
3027286,28.90114753618308
3027366,57.23161016997884
3027298,0.01193778506091885
3027287,28.763870409870822
3027288,0.04180282898913236
3027289,0.0036185986503349064
3027290,40.137465622366456
3027291,58.77398025302459
3027292,0.005319015855026123
3027293,54.84021833055972
3027294,0.00932590095015104
3027295,54.864128240589146
3027296,54.86441126142001
3027340,35.943886013072486
3027297,47.98165121350741
3027311,0.022491043496961113
3027300,70.49990427591574
3027301,0.01234302208223026
3027302,0.008469377160564798
3027303,38.88101921514062
3027304,38.96546707585839
3027305,0.0023412229725515215
3027306,40.317189262296644
3027307,0.0
3027308,38.90921303145627
3027309,0.022532118266635422
3027299,0.01229929331406887
3027310,37.84330630524493
3027312,0.019366866167789248
3027338,0.0002551818557812324
3027174,39.55381654436993
3027315,0.018157991372821373
3027316,0.01856559388856355
3027317,0.01856559388856355
3027318,42.965673138233136
3027319,0.0051901308022346115
3027320,27.949922345056496
3027321,0.007056744550480053
3027322,0.01614373511410395
3027323,37.36712545645648
3027324,50.4629782549184
3027314,0.01561802139210467
3027325,0.01783418788778755
3027313,41.03711359228809
3027328,48.80732231287835
3027329,48.80760657974529
3027330,43.75756538101482
3027331,0.024838942873673716
3027332,42.485622290956876
3027333,60.056858863930835
3027334,0.010843968396210107
3027335,0.007001711637288418
3027336,34.529399943803746
3027337,34.583063674425084
3027327,0.02193604018162564
3027253,28.86367164343891
3027339,37.9337773012516
3027285,41.53635074044096
3027354,0.009477328996613864
3027343,35.24283823909917
3027344,0.019896563161875172
3027345,0.018928040290767688
3027346,38.617038711833025
3027347,0.015185352457870834
3027348,0.0177210569811958
3027349,0.01812787620893345
3027350,0.01812787620893345
3027351,39.07106791435968
3027352,28.894005542388097
3027342,0.015965534051274217
3027353,28.75762033998026
3027367,0.011668349556597422
3027356,36.828477824413405
3027357,48.602091647050905
3027358,0.01867156256005702
3027359,46.16190157323046
3027360,0.02278015258335122
3027361,47.115791063400344
3027362,47.11607526735277
3027363,42.57592557863207
3027364,0.025686810986216436
3027365,41.43244139186716
3027355,0.01697855703549329
3027341,35.858552958405106
3027368,0.007818909655940696
3027394,47.24469120573092
3027382,0.01320310237779196
3027371,0.0010662778650094955
3027372,36.840294012340316
3027373,0.0
3027374,34.97463808842184
3027375,0.01071940857912689
3027376,34.25736974081149
3027377,0.014664230045856288
3027378,0.014784595857875229
3027379,37.2971910614191
3027380,0.010289134449045997
3027370,33.46811371137223
3027381,0.012800483490060906
3027369,33.422509005561686
3027384,38.73608216563944
3027385,0.0047922721581079315
3027386,28.577229069983357
3027387,0.01330561995491531
3027388,0.0032842726654988457
3027389,0.0040730438079746144
3027390,48.74592447567438
3027391,0.00493630794524754
3027392,46.28305618595434
3027393,0.008937705353295912
3027383,0.01320310237779196
3027254,28.7285319396883
3027326,47.74869748982413
3027396,42.66263745033834
3027506,38.965612481210314
3027410,0.02941280523708448
3027399,57.4553189400552
3027400,0.011937631348074434
3027401,0.008084949897001256
3027402,0.001189265281309083
3027403,33.69508918100163
3027404,0.0013305349657803949
3027405,37.195223880553385
3027406,0.0
3027407,35.25990754517404
3027424,0.0
3027408,0.01707322452450852
3027411,0.020193710373422907
3027423,49.419751158329305
3027412,37.81263138341542
3027413,0.0164413516751476
3027414,0.01898367324536521
3027415,0.019391616823079123
3027416,0.019391616823079123
3027417,39.199857975930456
3027418,0.005798493031866953
3027419,28.649300063923565
3027420,0.007456762404805157
3027409,34.68208236188753
3027421,0.0
3027426,0.0
3027449,0.01020410014158929
3027507,39.202847490180126
3027438,36.96186401997709
3027427,46.87911727541011
3027428,46.879401159604974
3027429,42.40408701928515
3027430,0.0021780695598108755
3027431,0.0022674713853384878
3027432,56.85076099546292
3027433,0.002311131212219158
3027434,0.0
3027435,0.0
3027450,39.40800118227748
3027436,33.54038714957254
3027439,0.0
3027425,46.85594543521855
3027440,35.05814081736696
3027441,0.008340032937897472
3027442,34.506361626459594
3027443,0.013760092847941224
3027444,0.010993500819258538
3027445,37.556602388551454
3027446,0.007304953311977531
3027447,0.009803616808203602
3027448,0.01020410014158929
3027437,0.0
3027508,38.21057561741868
3027422,37.04980315124672
3027452,28.08437172853682
3027479,0.016290960980222258
3027478,35.79048856776713
3027455,0.004525205117517303
3027456,46.20373736465673
3027457,0.005389159297683273
3027458,44.11514464538746
3027459,0.009395435967306465
3027460,44.137044225476295
3027461,44.137327359366594
3027462,40.491423772025286
3027463,39.6001574260475
3027480,0.018833431562051806
3027464,0.012353687333641705
3027466,0.012397411644523501
3027467,0.008539717271106466
3027468,0.0016388196049713674
3027469,0.0016828505572387162
3027470,0.0017812813467309007
3027471,35.3828986991462
3027472,0.0
3027473,0.0
3027474,0.017540316252685675
3027475,33.27362585208428
3027395,47.244974829793904
3027465,52.26548670933685
3027451,0.0
3027481,0.01924145437908893
3027504,40.40176600279682
3027453,0.011474686908793679
3027493,54.53605861005475
3027482,0.01924145437908893
3027483,37.08602767341513
3027484,0.005649687133217279
3027485,0.0024436869355384744
3027486,0.03198730717812212
3027487,0.0
3027488,0.0
3027489,58.3883261261324
3027490,0.0
3027505,0.0
3027491,54.51126781815451
3027494,54.536342380890574
3027454,0.003735462340859499
3027495,47.752774952301706
3027496,6.827342934620325e-05
3027497,46.15801729539657
3027498,69.94578996006649
3027499,0.00020138555278153888
3027500,0.0
3027501,36.849658743522525
3027502,36.91949536003864
3027503,0.0
3027492,0.0
3027509,0.010191608073726027
3027476,0.021948215163933704
3027588,60.08445791135
3027589,0.00558421430502241
3027521,0.004318988582716826
3027510,42.123804679399825
3027511,41.870524703171725
3027512,0.004083776318268407
3027513,0.006566696970523823
3027514,0.006964479658345616
3027515,0.006964479658345616
3027516,44.47722415192218
3027517,0.0
3027518,28.019048328134147
3027535,37.15583095983056
3027519,0.04466490992079587
3027522,59.025693052096855
3027534,37.08430633977441
3027523,0.0052294496317027775
3027524,55.05493428820132
3027525,0.009235633440929009
3027526,55.07887853050614
3027527,55.079161551337
3027528,48.13166513715243
3027529,0.011847108701086562
3027530,46.499369814712146
3027531,70.86151850321066
3027520,0.0035293099611387966
3027532,0.012252345722397973
3027537,40.723579452421156
3027560,55.079161551337
3027397,0.011531997104425188
3027549,45.299297024341534
3027538,0.0
3027539,39.27234741561154
3027540,39.50436692311287
3027541,38.48157572968341
3027542,0.022398639533752915
3027543,0.019275048937803057
3027544,42.21539919104297
3027545,0.01552686446982388
3027546,0.018066380896446747
3027561,48.13166513715243
3027547,0.018473908906382955
3027550,0.005117235252996883
3027536,0.0022518753772025673
3027551,28.05390956200596
3027552,0.04466490992079587
3027553,0.0035293099611387966
3027554,39.89549174541333
3027555,59.025693052096855
3027556,0.0052294496317027775
3027557,55.05493428820132
3027558,0.009235633440929009
3027559,55.07887853050614
3027548,0.018473908906382955
3027533,0.008379478455082315
3027563,0.012208616954236582
3027564,70.86151850321066
3027565,0.012252345722397973
3027577,42.21539919104297
3027566,0.008379478455082315
3027567,37.08430633977441
3027568,37.15583095983056
3027569,0.0022518753772025673
3027570,40.723579452421156
3027571,0.0
3027572,39.27234741561154
3027573,39.50436692311287
3027574,38.48157572968341
3027591,0.009590663943138258
3027575,0.022398639533752915
3027578,0.01552686446982388
3027590,55.95975963030503
3027579,0.018066380896446747
3027580,0.018473908906382955
3027581,0.018473908906382955
3027582,45.299297024341534
3027583,0.005117235252996883
3027584,28.05390956200596
3027585,0.04505424628934942
3027586,0.0038837288034971307
3027562,0.011847108701086562
3027576,0.019275048937803057
3027593,55.764137732402546
3027587,40.21270281263764
3027616,28.70318310853229
3027398,41.509535810820346
3027605,0.0
3027594,48.613659369365436
3027595,46.986189352885944
3027596,0.012565110999161948
3027597,72.00699160729096
3026728,0.0053831863965771495
3027599,0.008966841406953854
3027600,37.164333381522354
3027601,37.235245742667374
3027602,0.0021062614697824906
3027603,40.82810854700977
3027598,0.012842194381524131
3027606,39.59583102492526
3027592,55.76385414430449
3027607,38.56488677254028
3027608,0.028779618653718607
3027609,0.01926488180199716
3027610,42.336962735899135
3027611,0.015519096832748781
3027612,0.01805691452699555
3027613,0.018464089802249853
3027614,0.018464089802249853
3027615,44.067508005544965
3027604,0.0
3027625,54.46541365882601
3027624,0.0
3027623,54.44243948375463
3027622,0.0
3027628,0.0
3027620,39.59122450002177
3027619,0.0
3027618,0.026046717882199578
3029398,28.67225483284016
3027621,58.30557857185848
3027626,54.46567312275343
3027638,0.0
3027629,46.0642474162598
3027641,0.00748233982220414
3027630,69.91749304157835
3027631,0.0
3027632,0.0
3027633,36.762498378549175
3027634,36.828803539071636
3027635,0.0
3027636,40.31961587674735
3027637,0.0
3027724,51.222609785204384
3027627,47.66342607532911
3027642,0.004481962274253416
3027643,41.68626946123116
3027668,0.00021354938533931487
3027656,55.473878420978096
3027645,0.0007815737761052047
3027646,0.0011771708855420767
3027647,0.0011771708855420767
3027648,44.09850892534401
3027649,0.0
3027650,0.0
3027651,0.046840896477304404
3027652,0.001857280274615193
3027653,0.0026441278864564673
3027654,59.52014966056906
3027655,0.004163916440096237
3027657,0.008160452098488598
3027658,55.49675659827566
3027659,55.4970129057443
3027660,48.41748409715055
3027661,46.8061645552194
3027662,46.75310285460702
3027663,71.57796651000122
3027664,0.011169638639229373
3027665,0.007004312989918194
3027666,37.23170250656805
3027667,37.30442494156561
3027644,0.0
3027639,0.004439645683783677
3027694,45.67973981871459
3027669,40.93280686020885
3027698,0.010942295349439954
3027697,0.015140495151031714
3027696,68.53276657424408
3027673,0.020697719667761814
3027674,0.03049193402974444
3027675,43.15719678508144
3027676,42.36731220433513
3027677,0.014235155294734526
3027678,0.01676608958383231
3027679,0.017172058773871332
3027680,0.017172058773871332
3027699,36.273443690215736
3027681,44.87764984467462
3027683,0.0
3027684,0.019949687183789578
3027685,0.005747292646698949
3027686,39.48494117694477
3027687,57.642408960264454
3027688,0.008068997912536104
3027689,53.87539893110622
3027690,0.01209278344161659
3027691,53.69627692733593
3027692,53.696533069752185
3027693,47.166087017200915
3027682,28.131683474978214
3027640,38.08064064045155
3027723,0.008273987881570842
3027721,0.004277458512383737
3027670,0.0
3027671,0.0
3027711,0.020152841426661215
3027700,0.004022306861548116
3027701,0.004123218497882247
3027702,39.6115671928691
3027703,0.0
3027704,0.0
3027705,0.024285515284313035
3027706,0.024682297243576408
3027707,0.026587059092827027
3027722,51.20039599050601
3027708,41.5698046842834
3027710,0.017607545212140283
3027712,39.06472755668262
3027672,0.020247972004955768
3027713,0.020561225104137156
3027714,42.25528787584756
3027715,28.548582867642118
3027716,0.007144995258926867
3027717,0.022402269938777353
3027718,0.001970843222565687
3027719,0.002757690023818985
3027720,54.50840318675972
3027709,40.85708640638222
3027725,51.222866058962694
3027823,52.51179003885581
3027727,44.117519379275194
3027739,0.01629360776078053
3027728,0.011219407076440202
3027729,64.05982500454894
3027730,0.011283195447933719
3027731,0.007118135557343043
3027732,0.00023152293461669985
3027733,0.00023152293461669985
3027734,0.00032657197520742534
3027735,38.41187716743228
3027736,0.0
3027737,0.0
3027781,27.855634402220314
3027738,37.321766138454166
3027752,0.002757690023818985
3027741,40.1951130036722
3027742,39.52483442008039
3027743,0.01463423794901529
3027744,0.017166435111524256
3027745,0.017593435317059432
3027746,0.017593435317059432
3027747,42.17272073765215
3027748,0.0018300592916995644
3027749,0.0
3027750,0.022402269938777353
3027740,0.03063586354549409
3027751,0.001970843222565687
3027753,54.50840318675972
3027779,0.017593435317059432
3027695,45.631730746414654
3027756,0.008273987881570842
3027757,51.222609785204384
3027758,51.222866058962694
3027759,45.43488121094023
3027760,44.117519379275194
3027761,44.07419274672795
3027762,64.05982500454894
3027763,0.011283195447933719
3027764,0.007118135557343043
3027765,0.00023152293461669985
3027755,51.20039599050601
3027766,0.00023152293461669985
3027754,0.004277458512383737
3027769,0.0
3027770,0.0
3027771,0.02035516495361003
3027772,0.01629360776078053
3027773,0.03063586354549409
3027774,40.1951130036722
3027775,39.52483442008039
3027776,0.01463423794901529
3027777,0.017166435111524256
3027778,0.017593435317059432
3027768,38.291464340894194
3027726,45.43488121094023
3027780,42.17272073765215
3027837,37.59527135402099
3027784,0.003971956429899041
3027785,38.92570759258055
3027786,55.77716404915986
3027787,0.006287733634885749
3027788,52.2811303822539
3027789,0.010301143625883129
3027790,52.302673619835026
3027791,52.302929216263024
3027792,46.185985856888024
3027793,44.79375296199056
3027794,0.013278013330382829
3027795,65.86925098101115
3027796,0.013341704300665613
3027797,0.007589930453461658
3027798,37.170358084601176
3027799,37.24263896839024
3027800,0.0023489944798425703
3027801,38.920199951980386
3027802,0.0
3027803,0.0
3027804,0.02245542238111744
3027805,0.018331928145029073
3027806,0.032773973002326054
3027807,40.934702773678794
3027808,40.22718224460426
3027782,0.0
3027783,0.018452502503261456
3027811,0.019057733489077508
3027812,0.019057733489077508
3027813,43.39379930111553
3027814,27.89397794559397
3027815,0.0
3027816,0.021488386983536816
3027817,0.0031182588851393408
3027818,39.00391823874272
3027819,56.0202178565533
3027820,0.005429756792809187
3027821,52.48997979251837
3027822,0.009435230811554096
3027809,0.016089405212690342
3027824,52.512046348777226
3027825,46.33544875356238
3027826,44.92963744374793
3027827,44.88338211959535
3027828,66.54461334409712
3027829,0.01243470601460145
3027830,0.008273711738696362
3027831,35.951287325276105
3027832,36.01473623122093
3027833,0.0014735942617605687
3027834,39.044919045877826
3027835,0.0
3027810,0.018629391025890816
3027836,0.0
3028030,0.003944195568067013
3028059,70.8957052203636
3027840,40.62124039553163
3027841,40.35648888855116
3027842,0.014778668616988032
3027843,0.01731142550436434
3027844,0.01771769322594597
3027845,39.145416613038776
3027846,43.182664555140974
3027847,27.984163146974037
3027848,0.0
3027849,0.01846565294119032
3027850,0.004448838271820358
3027852,58.22879122159995
3027864,0.002725795825628246
3027853,0.006766626818767617
3027854,54.37237551513534
3027855,0.010783698539209453
3027856,54.393581666748624
3027857,54.393837296797855
3027858,47.64659818394385
3027859,45.99718984348975
3027860,45.947953827137944
3027861,69.4179208626663
3027862,0.013811421181608836
3027851,39.885121001806425
3027947,0.004713516026142899
3027865,38.59492289615826
3027867,39.76843079496958
3027868,0.0
3027869,0.0
3027870,0.018842033503882426
3027871,0.023355699888607098
3027872,0.03324565486948916
3027873,40.997032407175354
3027874,40.49896929647532
3027875,0.016289388062483298
3027876,0.018830452347225177
3027877,0.01923815794455227
3027878,0.01923815794455227
3027863,0.009636072235479595
3027880,0.0034114711234439826
3027881,0.005234197924481771
3027882,0.01847942510744185
3027883,0.0011971988078388741
3027884,39.622108044883554
3027885,58.378673983078826
3027886,0.0035010033597913763
3027887,54.500232257037666
3027888,0.007492335253298073
3027889,54.522294089120386
3027890,54.522550396589025
3027891,47.73677711930631
3027866,0.002825731842232818
3027892,46.07794838395475
3027893,46.027513102409756
3027894,69.6314027892981
3027919,0.004719796493385036
3027896,0.006339522363302908
3027897,0.0
3027898,36.80347317459783
3027899,0.0
3027900,40.110613714456896
3027901,0.0
3027902,0.0
3027903,38.57014643216059
3027904,0.02002638044646312
3027905,0.02979625655560332
3027920,53.17468695269867
3027906,41.859285141099505
3027908,0.01356109568019538
3027909,0.016088692109185742
3027910,40.37188766984658
3027911,0.016494086673196226
3027912,43.97968536713556
3027913,28.049352532824283
3027914,0.0
3027915,0.01958346184741455
3027916,0.0027484723595899777
3027917,39.15532923755077
3027918,56.830504325617696
3027907,41.597652208302414
3027879,0.012109976873629523
3027921,0.00872275291554409
3027946,28.542011619065043
3027934,0.0
3027923,55.4595793493107
3027924,48.38118159845621
3027925,46.650819659979646
3027926,46.5981981160527
3027927,71.21903185736993
3027928,0.011721165474049578
3027929,0.007562018805777601
3027930,0.0006698801925357456
3027931,37.19233337874416
3027932,0.0007674436018705813
3027922,55.45932260259023
3027933,40.644515465112285
3027895,0.01048358358992918
3027936,39.05689347534188
3027937,38.12551908119526
3027938,0.031088923514450657
3027939,42.483803810952615
3027940,42.21089347014057
3027941,0.01480606876855043
3027942,0.017341062692750965
3027943,40.93227423963718
3027944,0.017747683206224277
3027945,44.08833627863762
3027935,0.0
3027948,0.01877016684580889
3027949,0.004301357824928798
3027950,0.005091836202146486
3027962,0.009340070054699457
3027951,54.837819461784136
3027952,0.006650637001889981
3027953,51.48138659109195
3027954,0.010665802135795143
3027955,51.5030701428704
3027956,51.50332641662871
3027957,45.63079452575957
3027958,44.195214272158495
3027959,0.013607002439401494
3027960,64.26548677823058
3028004,0.006187625857080817
3027961,0.013670790810895011
3027975,0.019592672910751494
3027964,0.0025894888228393796
3027965,0.0026887435706579163
3027966,38.36384726783511
3027967,0.0
3027968,0.0
3027969,0.01869229780985984
3027970,36.16254023971009
3027971,0.03215899318750383
3027972,39.857602894724444
3027973,39.60739782034894
3027963,35.44936139354528
3027974,0.01704852874225536
3027976,0.02002173133917657
3028002,39.11300784649524
3027990,47.65626439552936
3027979,27.870094489042824
3027980,0.0
3027981,0.024815210334161748
3027982,0.0
3027983,39.587350707459144
3027984,58.2966048628175
3027985,0.0
3027986,54.43420775347556
3027987,0.0
3027988,54.4569447869743
3027978,42.33452016849932
3027989,54.45720109444294
3027977,0.02002173133917657
3027992,0.0
3027993,69.90604380750186
3027994,0.0
3027995,0.0
3027996,0.0
3027997,36.82321033890165
3027998,0.0
3027999,40.31333598347678
3028000,0.0
3028001,0.0
3027991,0.0
3027838,36.80997914297784
3028003,38.074576522773754
3027839,0.03186184689019176
3028018,0.007990931878433787
3028007,0.0
3028008,0.0
3028009,0.0
3028010,0.0
3028011,44.09200447488537
3028012,0.0
3028013,0.0
3028014,0.019097092751229363
3028015,0.005636417980938077
3028016,39.8794553107431
3028006,41.67973763259999
3028017,59.242209120063755
3028031,0.004045445199049405
3028020,0.01201510018109244
3028021,55.046277358741676
3028022,55.04653350115793
3028023,48.10602370501535
3028024,46.40936747790354
3028025,0.014984546230936969
3028026,70.500342677969
3028027,0.015047905313541173
3028028,0.010864037360226828
3028029,0.003944195568067013
3028019,55.23849331087622
3028005,0.003185657542151816
3028032,40.14212369528142
3028058,46.506068665833894
3028046,0.006380826402310165
3028035,38.599683670471705
3028036,37.71672674083008
3028037,0.0345162160576574
3028038,41.87603864532454
3028039,41.61428434142239
3028040,0.01753008661274355
3028041,0.02007562683377903
3028042,0.020484053352093405
3028043,0.020484053352093405
3028044,43.15841793910053
3028034,0.0
3028045,28.541773828125194
3028033,0.0
3028048,0.005719254370402991
3028049,39.960433695173165
3028050,59.52227179583355
3028051,0.008074120008680316
3028052,55.47736680318732
3028053,0.01209891575345957
3028054,55.282984716719035
3028055,55.2832408676543
3028056,48.271377159158206
3028057,46.55728013614795
3028047,0.019181532784106014
3027767,0.00032657197520742534
3028203,40.540079374598506
3028060,0.015132099280210663
3028064,0.004128264592664069
3028065,40.27645589100472
3028066,0.0
3028067,0.0
3028068,0.020173854533109374
3028069,37.54160356758549
3028070,0.03460338509244493
3028071,41.566629151784745
3028072,41.049036449648725
3028073,0.01761455963152979
3028074,0.020160502183917503
3028076,0.020568992905064837
3028088,52.095886067279125
3028077,42.253114849844636
3028078,0.0040350393072217045
3028079,0.006035034047111803
3028080,0.01923885008817653
3028081,0.005303506082717431
3028082,0.006095686075795711
3028083,55.53513388026143
3028084,0.0076575919176677006
3028085,52.07470294624334
3028086,0.011681368658759763
3028075,0.020568992905064837
3028171,39.0227805317936
3028089,46.04141028297737
3028091,44.51729643792428
3028092,65.57954539711635
3028093,0.014713129399617903
3028094,0.010529604791292356
3028095,35.69852308758317
3028096,35.76021627911149
3028097,0.0037127663419063224
3028098,38.70502649526903
3028099,0.0
3028100,0.0
3028101,0.019753364959513617
3028102,36.527290513559926
3028087,52.09563033534567
3028104,40.61230792529585
3028105,40.372220344242166
3028106,0.01719409853445709
3028107,0.019739439452461604
3028108,0.020147874545543894
3028109,0.020147874545543894
3028110,43.63584628948016
3028111,28.008924470342365
3028112,0.0
3028113,0.017348391760672627
3028114,0.003864368525813481
3028115,0.004654061067705907
3028090,44.56135256660774
3028116,56.83915389569059
3028117,0.005617327397759796
3028118,53.20831862616064
3028143,0.011579330577047912
3028120,53.229391151131686
3028121,53.22964696495551
3028122,46.83653096764106
3028123,0.012696618194514894
3028124,45.227102759694965
3028125,67.46631328995487
3028126,0.013121871334273316
3028127,0.00939673516839282
3028128,0.003163136985643937
3028129,36.79816428239365
3028144,0.0028906956375153404
3028130,0.0030721592544225105
3028132,0.0
3028133,0.0
3028134,37.91224391573551
3028135,37.091650080679806
3028136,0.018624170746250338
3028137,0.022795506992188675
3028138,41.16848360913257
3028139,0.016453805241388317
3028140,0.018994693506163594
3028141,0.019402355400626237
3028142,0.019402355400626237
3028131,39.38737209425281
3028103,0.034179111647015877
3028145,0.0
3028170,0.026049819186961996
3028158,62.8837967827139
3028147,0.006991851210594017
3028148,38.51616969086937
3028149,53.63378027053479
3028150,0.008674981524553938
3028151,50.46517194534944
3028152,0.013182011045857882
3028153,50.485907637864265
3028154,50.48616351530444
3028155,44.92010249540698
3028156,0.01579474641786686
3028146,0.018825256513134523
3028157,43.5190381217256
3028119,0.010097682186610474
3028160,0.012468572188020634
3028161,34.93120611325886
3028162,34.984331971565744
3028163,0.006124119730830407
3028164,37.656590093213254
3028165,0.0016200197329241345
3028166,0.0
3028167,0.022520267764155808
3028168,35.52217690646705
3028169,0.028829364252533345
3028159,0.016220040738990745
3028172,0.018872358091043012
3028173,0.021425480209158437
3028174,0.02183525283082038
3028175,0.02183525283082038
3028176,42.012642299773546
3028177,0.005327054936992864
3028178,27.88766871285886
3028179,0.014531104133308837
3028180,0.003235772485082264
3028181,0.004023990380395533
3028182,56.467287669749474
3028183,0.005446837385445157
3028184,52.892668232883
3028185,0.009922922574387958
3028186,52.91373336560697
3028187,52.91398963281609
3028188,46.619846909732594
3028189,45.08120021173455
3028190,0.012882470603652607
3028191,66.93058482525629
3028192,0.012945825157136647
3028193,0.009225028165294441
3028194,37.87603794367254
3028195,37.949146616768246
3028196,0.002902073548451106
3028197,0.0029175697339874564
3028198,0.0
3028199,0.0
3028227,35.282891147444424
3028228,35.338414066145596
3028202,0.02657414355458414
3028506,42.721999477523255
3028204,40.301578366122065
3028205,0.016523429865339133
3028206,0.019062697628834578
3028207,37.986830951066935
3028208,0.019470000986108515
3028209,0.014345060638232284
3028210,0.003013904006452534
3028211,0.013383379471720431
3028212,0.02121889779183865
3028213,0.007658619232088803
3028200,0.019198087978137244
3028215,54.318125938967356
3028216,0.009343883659822165
3028217,51.04921750645917
3028218,0.013857523387505503
3028219,51.07000941213401
3028220,51.070265063783104
3028221,45.328037509461815
3028222,0.016473399621254946
3028223,43.882589017572776
3028224,63.85962744029594
3028225,0.01689854777891351
3028226,0.013140643763727776
3028201,36.48913186408555
3028283,50.98071754998881
3028229,0.006791558603377466
3028270,39.025255202276426
3028231,0.00228076176685117
3028232,0.0
3028233,0.02307801450334957
3028234,35.97316459621303
3028235,0.029468434109063097
3028236,0.027311895739008205
3028237,39.69064624382368
3028238,0.02011768262829918
3028239,0.022676785699988787
3028240,0.023087583431738782
3028241,0.023087583431738782
3028242,42.793768270973956
3028243,0.006952889450453375
3028244,0.008518208005093193
3028245,0.01892401269191823
3028246,0.007088962038026768
3028247,0.007883651862316418
3028248,53.6381483512148
3028249,0.00877239209282753
3028250,50.46889723298721
3028251,0.013280323825106445
3028252,50.48963193603265
3028253,50.48988779973791
3028254,44.922699536798454
3028255,0.015893503119611224
3028284,50.10058788835328
3028230,38.13372219202307
3028258,0.016318788549582224
3028259,0.012566439924799189
3028260,0.006307927117533333
3028261,34.98590749681358
3028262,0.006221334223502086
3028263,37.658718736873595
3028264,0.0017163249256107551
3028265,0.0
3028266,0.022620402092032563
3028267,35.5239032287823
3028268,0.02893051884750618
3028269,0.026150364080720488
3028256,43.52134994945704
3028271,0.01897145973729598
3028272,0.021525095945472594
3028273,0.021934965156558538
3028274,0.021934965156558538
3028275,42.0157431021758
3028276,0.005424690208016569
3028277,27.887943483322164
3028278,0.019362340045625367
3028279,0.0058383226426862705
3028280,0.006631182514146102
3028281,54.237867173896255
3028282,0.007518096334349489
3028257,62.89002921565019
3028285,51.0015020820775
3028061,0.01094746393638587
3028437,0.019384734092444386
3028287,45.2801829539523
3028288,43.88150417435025
3028289,0.014984708412895497
3028290,63.745204514017495
3028291,0.015048436098905854
3028292,0.01130637474175001
3028293,35.253573654043535
3028294,35.30889630113826
3028295,0.004969210796775318
3028296,38.0939533850697
3028297,0.00047460563432563836
3028298,0.0
3028299,0.021203477451474075
3028300,35.940596244474065
3028301,0.027575808472135328
3028302,39.89495335107788
3028303,39.64403963782344
3028304,0.01825921432528036
3028305,0.020809114067287617
3028306,0.021218328137917564
3028307,0.021218328137917564
3028308,42.7356499741515
3028309,0.005120039596802779
3028310,0.006567747011429854
3028311,0.018000047949606576
3028339,0.01984672281615262
3028394,0.0034773570622969635
3028314,54.179015931830826
3028315,0.006178375772249079
3028316,50.930489431092326
3028317,0.010664175207028422
3028318,50.951266333786485
3028319,50.95152198898648
3028320,45.2450906001315
3028321,43.85011493790005
3028322,43.80866102306741
3028323,63.661281174173745
3028324,0.013690877915533833
3028325,0.00996043247918988
3028312,0.004502627256753348
3028327,35.28725075517879
3028328,0.003632010393561817
3028329,38.064790024474
3028330,0.0
3028331,0.0
3028332,0.019828003415734177
3028333,35.9167133785683
3028334,0.026187070540287755
3028335,39.86011276727661
3028336,39.60986281134639
3028337,0.016895520588786773
3028338,0.01943866917345064
3028313,0.005293406087920201
3028326,35.23207402025447
3028340,0.01984672281615262
3028381,0.007421167540412521
3028343,0.00521901217812974
3028344,0.03658291274331056
3028345,0.0
3028346,39.780138902419125
3028347,58.95726706898999
3028348,0.0
3028349,54.99827033835546
3028350,0.0025719125006546913
3028351,55.0202527808623
3028352,55.02050841091153
3028353,48.049496295433016
3028366,38.35629617500366
3028354,0.005176724301063595
3028356,70.85610939673921
3028357,0.0055983161125812446
3028358,0.0018645488124673102
3028359,0.0
3028360,37.06831244235905
3028361,0.0
3028362,40.64708880922873
3028363,0.0
3028364,0.0
3028365,39.42761297045494
3028062,38.96963461121161
3028355,46.41154186477457
3028341,42.69303217629994
3028367,0.018920526757152594
3028369,42.037799868477975
3028370,0.008902337459549955
3028371,0.011433389095292143
3028372,0.011839377333791642
3028373,0.011839377333791642
3028374,45.00196058780394
3028375,0.0
3028376,27.90519461851826
3028377,0.015746588183099427
3028378,0.005147753007205628
3028379,0.005939537201091779
3028380,53.67730504010719
3028368,0.01521961236111522
3028382,50.485041509339396
3028383,0.011442311050603423
3028384,50.505763098923204
3028385,50.5060187541232
3028386,44.93388568985318
3028387,43.57174026596402
3028388,43.53129057018655
3028389,62.91714245652238
3028390,0.014472506218763642
3028391,0.010292448045717724
3028392,34.8607289770721
3028393,34.916332958090166
3028342,0.0037751357589133456
3028507,0.004521373457208675
3028395,37.56506849737439
3028397,0.0
3028398,0.019508641729027634
3028399,0.019489624794004644
3028400,0.033004904992082376
3028401,39.25018558984741
3028402,39.011557109136916
3028403,0.016208473680944614
3028404,0.01874822386953371
3028405,0.01915569077901368
3028406,0.01915569077901368
3028407,41.92302599649037
3028408,0.0030975566763647277
3028409,0.013363634846753665
3028410,0.014175160465437563
3028411,0.005171901884634035
3028412,0.00596323915073176
3028413,53.972002358007664
3028414,0.007444375496445844
3028415,50.7380237810174
3028416,0.011463280514471113
3028417,52.755718490580556
3028418,52.7559746234919
3028419,46.509059759905476
3028420,44.98195824318184
3028421,44.936465872393974
3028422,66.66751214901056
3028450,50.53933624955797
3028451,50.53959190475796
3028425,35.989644781678344
3028426,36.053298727601195
3028427,0.0035014743304932297
3028428,39.09341997843006
3028429,0.0
3028430,0.0
3028431,0.019526208404348735
3028432,36.851753016060194
3028433,0.02598926817240824
3028434,41.089331155410285
3028435,40.81584755751177
3028436,0.016843438839704003
3028423,0.014493126383864125
3028438,0.01979241369545975
3028439,0.01979241369545975
3028440,43.512237907388375
3028441,0.0037246095076504224
3028442,0.005167433066696214
3028443,0.01368706982349793
3028444,0.0060630689407311904
3028445,0.006856280386462939
3028446,53.71667080853981
3028447,0.008340324248235798
3028448,50.51860893792826
3028449,0.012368685508379969
3028424,0.010315898621391411
3028396,0.0
3028452,44.95733749496792
3028493,0.004893024608621128
3028454,0.015339307620535191
3028455,62.97322422837296
3028456,0.015403035306545548
3028457,0.011214209197120913
3028458,0.00429001808821812
3028459,0.00429001808821812
3028460,0.004392250873865582
3028461,37.58412004919324
3028462,0.0
3028463,0.0
3028464,0.020449430266291504
3028465,0.02041203833687135
3028466,0.03396773234675195
3028467,39.27292309289917
3028468,39.03386069037471
3028469,0.017140534794361763
3028470,0.01968489409837263
3028471,0.02009315635733132
3028472,0.02009315635733132
3028473,0.012431360619511776
3028474,0.00401677298883278
3028475,0.014209843851275035
3028476,39.0821399044981
3028477,0.006563581467714467
3028478,38.85545664335741
3028286,51.001757737277494
3028453,43.59271728622769
3028481,51.450952377032976
3028482,50.54853726013774
3028483,51.47179856196099
3028484,51.47205425221118
3028485,45.60561824757251
3028486,44.17152763325366
3028487,44.12887797680269
3028488,64.53757503265128
3028489,42.495468416710196
3028490,0.011718787034532862
3028491,35.26029408333564
3028492,35.318835381248235
3028479,54.81183692879157
3028494,38.110389142569794
3028495,0.0003980969584902953
3028496,0.0
3028497,36.73926076234408
3028498,36.036136047613724
3028499,36.12464658543756
3028500,39.90278908362159
3028501,39.65156254844281
3028502,36.75691018180463
3028503,36.8394802577934
3028504,38.34003972967411
3028505,37.80314779241825
3028480,0.008843432710732447
3028063,39.05478628357489
3029257,33.30472108847551
3029106,50.12435829399041
3028510,0.006073236625107389
3028511,0.006865998666850471
3028512,54.5112390585512
3028513,0.008349527583813634
3028514,51.19782699808406
3028515,0.012375639593887005
3028516,51.0423376444306
3028517,51.04259374223107
3028518,45.31216790757531
3028519,43.91132619462365
3028520,0.01534609770660791
3028522,0.015409572765744072
3028534,39.37008223557354
3028523,0.011223598042142346
3028524,0.004300917735413304
3028525,35.14731069305074
3028526,0.004402359350035271
3028527,37.87283478161551
3028528,0.0
3028529,0.0
3028530,0.020452868538582962
3028531,35.76220055307177
3028532,0.03396483608842319
3028521,63.80568800748851
3028617,44.368443447850844
3028535,0.017147825328225088
3028537,0.020098652940447683
3028538,0.020098652940447683
3028539,0.012435714021468076
3028540,0.0040247559340118345
3028541,0.005378439815473455
3028542,0.017230962992546044
3028543,0.006550159081516226
3028544,38.241031252633434
3028545,52.7690424540597
3028546,0.00882999042726222
3028547,49.70904782893155
3028548,0.012863189442520231
3028533,39.61548678379655
3028550,49.72992970628371
3028551,44.38864781541457
3028552,43.082935115524435
3028553,0.015836594346528406
3028554,61.62779259640169
3028555,0.01590024027557319
3028556,0.011705290062239432
3028557,34.53170480180761
3028558,0.00477599977623785
3028559,0.0048795749043794205
3028560,37.121744286663315
3028561,0.00038464715507295784
3028536,0.019690701035374594
3028562,0.0
3028563,0.020953803707354335
3028564,35.14376726873108
3028589,0.012284546567158945
3028566,38.72290249452352
3028567,38.494155033405306
3028568,0.017638701882168626
3028569,0.020186156902417516
3028570,0.020594950015243738
3028571,0.020594950015243738
3028572,41.28098814388788
3028573,0.004507905714746255
3028574,0.005864030127014655
3028575,0.01734316192334334
3028590,34.90841650758968
3028576,0.006809047612788581
3028578,53.293077287421646
3028579,0.008491747519981241
3028580,50.17434013910014
3028581,0.012997883314499888
3028582,50.19502358171129
3028583,50.19527923691128
3028584,44.71681987869595
3028585,43.37757312881802
3028586,43.337823429988795
3028587,62.3981471714882
3028588,0.016035052226098828
3028577,0.007603421349093449
3028549,49.72967405108372
3028591,34.96138882433162
3028616,49.69650836636891
3028604,0.02317550625376229
3028593,37.62576986761365
3028594,0.0014377968450835794
3028595,0.0
3028596,0.022203105086357002
3028597,35.5571810223061
3028598,0.030519940785267614
3028599,39.3589378405188
3028600,39.118236071844436
3028601,0.0202051029488756
3028602,0.022764634428949528
3028592,0.005941029139580227
3028603,0.02317550625376229
3028565,0.03545828883039182
3028606,0.007039115443474837
3028607,0.008401669241137095
3028608,0.01681475921587541
3028609,0.007775000212920453
3028610,38.237515440474475
3028611,52.70873735258752
3028612,0.009460558022516854
3028613,49.675625017780156
3028614,0.013974895768344205
3028615,49.696252612685356
3028605,42.07997885446156
3028618,0.016591248148787707
3028619,0.016952810146446933
3028620,61.27825595525623
3028622,0.013098711128999276
3028623,0.006919856890043096
3028624,34.64728663202975
3028625,0.00683418474583775
3028626,37.31843265507366
3028627,0.002323357059531058
3028628,0.0
3028629,0.02311499034588855
3028630,35.14509533617379
3028631,0.029056235330759645
3028632,0.027343542401086503
3028633,38.50824831435406
3028634,0.020147557671034665
3028635,0.022707310805881353
3028636,0.023139058119064432
3028637,0.023139058119064432
3028638,41.36906944534437
3028639,0.006860668901292602
3028640,0.008335234727649013
3028641,0.01676988631253878
3028642,0.006383381507786416
3028643,38.42839377993459
3028644,53.34291630719704
3028645,0.008064798518132544
3028646,50.21687782830912
3028674,0.015428556593299355
3028675,0.007328742041552587
3028649,50.237822648166166
3028650,44.746537324069486
3028651,0.015177269837603818
3028652,43.36431078045266
3028653,62.469184463968666
3028654,0.015602420293899827
3028655,0.011855614779548891
3028656,34.76544832979427
3028657,34.81744694505916
3028658,0.00551488433477471
3028659,37.63443209142957
3028660,0.0010154348397455066
3028647,0.012567182013998065
3028662,0.021764766940743332
3028663,35.47584404720844
3028664,0.030075744620659612
3028665,0.02633316833893301
3028666,38.876019961614944
3028667,0.01915233777317541
3028668,0.021706655709476642
3028669,0.022116631601972626
3028670,0.022116631601972626
3028671,41.31631460885609
3028672,0.005828371882087775
3028673,0.007299806601948329
3028648,50.23756699296617
3028730,0.018388667061241187
3028676,38.533377487158596
3028717,0.004657740139746246
3028678,0.009610200208205643
3028679,51.24421796292955
3028680,0.013645929482011111
3028681,51.0883161519965
3028682,51.08857234917754
3028683,45.3443249126541
3028684,43.940104331599414
3028685,43.89837069563102
3028686,63.57328918964358
3028687,0.016685570535796085
3028688,0.01232910409529993
3028689,0.006157332006660494
3028690,35.17634014448102
3028691,0.006262014266845592
3028692,38.03578976280031
3028693,0.0017589679282091408
3028694,0.0
3028695,36.55885613968549
3028696,35.79419511829178
3028697,0.0355853775974635
3028698,39.680707629327166
3028699,39.43406137073029
3028700,0.01976968537581361
3028701,0.022325424510363706
3028702,0.022756461829996574
3028731,0.014691716374081376
3028677,54.565621694397194
3028705,28.64917280151549
3028706,0.008022771162165805
3028707,0.034399006009320846
3028708,0.0
3028709,39.77027647947601
3028710,58.92347457326245
3028711,0.0
3028712,54.96941978293554
3028713,0.0020552608367254673
3028714,54.99139841074511
3028715,54.991654040794344
3028716,48.029339435081454
3028703,0.022756461829996574
3028718,46.39342968215738
3028719,70.80752922706148
3028720,0.005079331951263896
3028721,0.001350021495330784
3028722,0.0
3028723,37.055778300818524
3028724,0.0
3028725,40.63001994631369
3028726,0.0
3028727,0.0
3028728,0.0152674128821353
3028729,38.341889017105714
3028704,41.32006963147005
3028661,0.0
3028621,0.01701646235737591
3028883,45.53593859301385
3028735,0.011314857391090779
3028736,0.011314857391090779
3028737,44.88818724185668
3028738,0.0
3028739,27.903791644389536
3028740,0.017358387184793152
3028741,0.006676760691645049
3028742,38.251323639095965
3028743,52.77933484052223
3028744,0.008956592037391043
3028745,49.719340215394084
3028747,49.73996643754625
3028759,0.0005107322190715819
3028748,49.740222092746244
3028749,44.3989402018771
3028750,43.093227501986966
3028751,43.05450395672219
3028752,61.63809162949601
3028753,0.016026923642667584
3028754,0.011832220887797125
3028755,34.54046749864803
3028756,34.593767879354814
3028757,0.005005659968378044
3028746,0.012989791052649054
3028788,0.005602352411520031
3028760,0.0
3028762,35.15245785488666
3028763,0.03657033377061154
3028764,38.778287510928955
3028765,38.548648364324904
3028766,0.019770579500527553
3028767,0.02232795962545412
3028768,0.022738462646527336
3028769,0.022738462646527336
3028770,41.34668627481068
3028771,0.006610581330604144
3028772,0.00797198867017705
3028773,0.01676988631253878
3028758,37.24554659338269
3028775,0.007177091211095584
3028776,52.44941884015602
3028777,0.008064798518132544
3028778,49.45427788324076
3028779,0.012567182013998065
3028780,49.47487168046617
3028781,49.475127335666166
3028782,44.2137595378146
3028783,0.015177269837603818
3028784,42.889456311153346
3028785,61.19530064438859
3028786,0.015602420293899827
3028761,0.021080200144917374
3028787,0.011855614779548891
3028734,0.010909316187427095
3028789,34.495599506246904
3028813,49.696252612685356
3028791,37.11177469702039
3028792,0.0010154348397455066
3028793,0.0
3028794,0.021764766940743332
3028795,35.04326214565815
3028796,0.030075744620659612
3028797,0.02740169894317629
3028798,38.391294009466506
3028799,0.02020628572854536
3028800,0.022765820933909588
3028801,0.02317669275872235
3028790,0.00551488433477471
3028807,0.007775000212920453
3028811,49.675625017780156
3028810,0.009460558022516854
3028809,52.70873735258752
3028808,0.008570823598559074
3028812,0.013974895768344205
3028806,0.01681475921587541
3028805,0.00834188391978223
3028804,0.0068674456846185405
3028803,0.01805152075960892
3028214,38.46120820536455
3028802,0.02317669275872235
3028774,0.006383381507786416
3028814,49.69650836636891
3028816,0.016591248148787707
3028815,44.368443447850844
3028817,43.02733694608719
3028818,61.27825595525623
3028819,0.01701646235737591
3028820,0.013098711128999276
3028821,0.006919856890043096
3028822,0.006727672423174457
3028823,0.00683418474583775
3028824,37.31843265507366
3028825,0.002323357059531058
3028826,0.0
3028827,35.83859646386031
3028828,35.14509533617379
3028830,0.027343542401086503
3028831,38.50824831435406
3028832,0.020147557671034665
3028833,0.022707310805881353
3028834,0.023139058119064432
3028835,0.023139058119064432
3028836,41.36906944534437
3028837,0.006860668901292602
3028838,28.114036952148904
3028839,0.014582395849281945
3028840,0.004086291374134325
3028829,0.029056235330759645
3028841,0.004876421771958602
3028896,0.025896835669484232
3028843,0.005760786096613979
3028844,50.076485524842326
3028845,0.010242912860820326
3028846,50.09715752336168
3028847,50.09741317856167
3028848,44.64845478165005
3028849,43.31641971695279
3028850,0.013203998229811486
3028851,62.234666412821205
3028852,0.013267725915821843
3028853,0.00954090239297057
3028854,34.866531131613115
3028855,0.0031150682801718978
3028856,0.0032152051243651875
3028857,37.77422644109998
3028858,0.0
3028859,0.0
3028860,0.019399267205864792
3028861,35.51065315975727
3028862,0.02672131255934503
3028863,39.29093704706177
3028864,39.0515313217834
3028865,0.017420134595067673
3028866,0.01996587598177927
3028867,0.020374374796671913
3028868,0.020374374796671913
3028897,41.22262466648085
3028898,0.019519190728951887
3028871,0.005647731624192782
3028872,0.013534645745940557
3028873,0.006731356425970591
3028874,39.43860846742343
3028875,57.715271248530904
3028876,0.008870310638280915
3028877,53.9284114567057
3028878,0.01290134644408743
3028879,53.7247942444653
3028880,53.7250503989584
3028881,47.182908484590726
3028882,0.014962345816444254
3028869,0.012710911991443806
3028884,68.29306399565242
3028885,0.015387824270529185
3028886,0.011644330279205759
3028887,36.21544358318298
3028888,36.280784578971556
3028889,0.00481994467704207
3028890,39.64408150139536
3028891,37.96644062574734
3028892,0.0
3028893,37.92309181127628
3028894,37.11065589392777
3028895,0.03657141396135756
3028870,0.0042925175797410686
3028732,42.01856807221333
3028899,0.022074553609181837
3028940,38.63196441653967
3028901,0.02248466628090124
3028902,42.7287280200017
3028903,28.983260421123557
3028904,28.860922841396384
3028905,0.013534645745940557
3028906,0.003916488659396566
3028907,38.62332707627963
3028908,54.89587618322329
3028909,0.00604441531393151
3028910,51.52430150187172
3028911,0.010053263290720387
3028912,53.603900766071746
3028913,53.60415692056485
3028914,47.098459670198636
3028915,0.012104555487881995
3028916,0.012466684114722078
3028917,68.09113681059382
3028918,0.012530033941966926
3028919,0.008810995550130327
3028920,36.35553547924011
3028921,36.421884508781126
3028922,0.002007717675628366
3028923,39.837896732718605
3028924,38.13438744123806
3028925,0.0
3028842,53.17842656110329
3028900,0.02248466628090124
3028928,0.033599526372856584
3028929,0.02360717725714693
3028930,41.463698274879285
3028931,0.017257291317273573
3028932,0.019801457837511496
3028933,0.020209642671501445
3028934,0.020209642671501445
3028935,43.22399207334642
3028936,28.960321931209617
3028937,28.83910015043264
3028938,0.0135303840193445
3028939,0.004547844599424297
3028926,38.097096366024815
3028941,54.92599303919517
3028942,0.006678319056175294
3028943,51.54996841437534
3028944,0.010719365191400923
3028945,53.63321169631211
3028946,53.63346848142948
3028947,47.11918339384403
3028948,0.013023733678660639
3028949,45.478317456574
3028950,68.13862037042148
3028951,0.013176638701131728
3028733,0.008380842452571443
3028927,37.267849077826696
3028508,28.212877502673795
3028952,0.009451876907830089
3028954,36.43406721253189
3028955,0.0026437183760717117
3028956,39.85466177825517
3028957,38.14890379363603
3028958,0.0
3028959,38.112138501463846
3028960,37.28142671636621
3028961,0.034272885815524505
3028962,0.024267051872996773
3028963,41.48306219161575
3028964,0.01790885164883086
3028965,0.020456375586950272
3028967,0.020865145800692684
3028979,51.69133743894901
3028968,43.245806683374944
3028969,28.96354673173294
3028970,28.842164972089385
3028971,0.0135303840193445
3028972,0.004547844599424297
3028973,38.036254138982294
3028974,52.865917279307475
3028975,0.006678319056175294
3028976,49.79333274848179
3028977,0.010719365191400923
3028966,0.020865145800692684
3029008,0.006678319056175294
3028980,45.762516828902626
3028982,44.2691471150823
3028983,64.89467429498202
3028984,0.013176638701131728
3028985,0.009451876907830089
3028986,35.53755231995377
3028987,35.59801717896256
3028988,0.0026437183760717117
3028989,40.14232237701005
3028990,37.74397463256425
3028991,0.0
3028992,37.69260572558494
3028993,36.902427006283204
3028978,51.69108065383164
3028995,0.024267051872996773
3028996,40.943619175563505
3028997,0.01790885164883086
3028998,0.020456375586950272
3028999,39.44664570643231
3029000,0.020865145800692684
3029001,42.0663900268808
3029002,28.936212756894683
3029003,28.81616018082962
3029004,0.0135303840193445
3029005,0.004547844599424297
3029006,38.036254138982294
3028981,0.013023733678660639
3029007,52.865917279307475
3029009,49.79333274848179
3029063,0.0172559851646769
3029022,39.66099532012529
3029011,50.96655329482285
3029012,50.966810079940224
3029013,45.2563999618372
3029014,0.013023733678660639
3029015,43.818055348724876
3029016,63.68449782708653
3029017,0.013176638701131728
3029018,0.009451876907830089
3029019,35.22788377899918
3029020,35.28612180847916
3029010,0.010719365191400923
3029021,0.0026437183760717117
3029035,28.845274427198028
3029024,0.0
3029025,37.285446873961405
3029026,36.53460626653711
3029027,0.034272885815524505
3029028,0.024267051872996773
3029029,40.4200882154805
3029030,0.01790885164883086
3029031,0.020456375586950272
3029032,0.020865145800692684
3029033,0.020865145800692684
3029023,37.35098928863115
3028994,0.034272885815524505
3029036,28.7296445157753
3029062,40.4021212918673
3029050,0.012528736013183946
3029039,38.02839812680818
3029040,52.838510076846056
3029041,0.0060429949564843695
3029042,49.769978756565486
3029043,0.010051971648028282
3029044,50.94075327113349
3029045,50.94100942230245
3029046,45.238127609253134
3029047,0.012103259710944456
3029048,43.802593019928516
3029038,0.003915070572389908
3029049,63.642878835080566
3029037,0.01353321530518171
3029052,35.21728693995598
3029053,35.275447721816334
3029054,0.002006426083373401
3029055,39.64448194585614
3029056,37.33752092899479
3029057,0.0
3029058,37.271490846952894
3029059,36.522009663995824
3029060,0.033598222100826795
3029061,0.023605870580143913
3029051,0.008809699430841492
3028953,0.0025449258527775642
3029064,0.01980015168491482
3029066,0.020208336905106535
3029067,41.47838349916468
3029068,28.842202403570163
3029069,28.72672484161948
3029070,0.044576072944723676
3029071,0.001913205402125977
3029072,0.002700159674722799
3029073,58.822775825481784
3029074,0.0036280043169025873
3029075,54.9003563195787
3029076,0.008092574438971368
3029077,54.92230633715878
3029078,54.92256196720801
3029079,48.01593621952735
3029080,0.01069811825892392
3029081,0.011059505473280877
3029082,70.61217669152373
3029083,0.011123170677174728
3029084,0.007398482671305181
3029085,0.0011799249161609064
3029086,38.98281943393902
3029087,0.0010866922907661145
3029088,0.0011021557375870345
3029089,0.0
3029090,0.0
3029091,0.021313569901816386
3029119,34.62910884598417
3029120,0.0
3029094,0.020750095625939546
3029095,40.96239111806956
3029096,0.014430813724225985
3029097,0.016962674679285514
3029098,0.017368799822203483
3029099,0.017368799822203483
3029100,42.80398626765179
3029101,0.0014066120857466678
3029102,27.89911535778993
3029103,0.00834604870695909
3029104,0.0017443784614733886
3029105,0.002530384096126466
3029092,37.81697378295368
3029107,0.003863337350833855
3029108,47.457118773929444
3029109,0.007854314971985481
3029110,48.47805023978541
3029111,48.47830699527924
3029112,43.52115367496674
3029113,0.010148463099282804
3029114,0.010237955463746094
3029115,59.521114760937195
3029116,0.01030146222151905
3029117,0.006602551905761816
3029118,0.0
3029093,0.024452252406291456
3029034,41.49789809115082
3029121,38.00969843282969
3029162,0.008531045666322441
3029123,35.91817992480062
3029124,0.01573669959346691
3029125,35.27471902975012
3029126,0.023322765823931325
3029127,0.021332131492297884
3029128,38.62312506372241
3029129,0.015010923404783738
3029130,0.017543532211870685
3029131,0.017949737270275955
3029132,0.017949737270275955
3029133,39.03997006646407
3029134,28.836263588621428
3029135,28.72148745413046
3029136,0.010415289670473922
3029137,0.002624230828195432
3029138,0.0034116411606959114
3029139,48.297996453660424
3029140,0.004746687616015034
3029141,45.89976168706364
3029142,0.00874476385768084
3029143,46.81967856100422
3029144,46.8199352596724
3029145,42.36268084988236
3029146,0.011041893343275294
3029147,41.240048110938446
3029065,0.020208336905106535
3029122,36.00437039516493
3029150,0.007488203967292126
3029151,33.4597902618577
3029152,33.50524762498636
3029153,0.0006946412510661981
3029154,0.0007103177059851347
3029155,0.0
3029156,0.0
3029157,0.009963932619488376
3029158,34.26868962267194
3029159,0.024441356230986533
3029160,0.015561251470884762
3029161,37.26732731408496
3029148,56.751229074169046
3029163,0.011031460514650078
3029164,0.011432114329465809
3029165,0.011432114329465809
3029166,38.699175658738085
3029167,0.002073538222191474
3029168,28.54108924157401
3029169,0.014060986218133112
3029170,0.003969585657606868
3029171,0.0047592212373727865
3029172,48.93290346719559
3029173,0.0060977017260139665
3029174,46.439655226052736
3029149,0.011194916089915635
3029397,44.19794773951557
3029175,0.010107039099044953
3029177,47.39467562415132
3029190,0.018047804786696073
3029179,0.012158515001808983
3029180,41.59465254551887
3029181,57.71947654316696
3029182,0.01258400666640204
3029183,0.008864562750693904
3029184,0.001963224165399704
3029185,33.74882997820142
3029186,0.0020609171512992225
3029187,37.28854140922767
3029188,0.0
3029189,0.0
3029191,34.72165734238728
3029203,0.0
3029192,0.03365537553889327
3029193,0.023662121040978198
3029194,37.839604700579855
3029195,0.01731166563756876
3029196,0.019856061263160037
3029197,0.020264280979101306
3029198,0.020264280979101306
3029199,39.187548486959685
3029200,0.004186107435916469
3029286,40.404521833658556
3029204,0.0
3029206,0.0
3029230,0.010687603093488311
3029218,33.564810409149686
3029207,46.94366847754836
3029208,1.3297199302825333e-05
3029209,46.96478950588443
3029210,46.96504591574123
3029211,42.45754526724269
3029212,0.0028180409885584404
3029213,0.0029074128809131157
3029214,57.00805065875316
3029215,0.0029710154773010694
3029216,0.0
3029201,28.617670345002516
3029217,0.0
3029205,49.509612941926754
3029220,0.0
3029221,0.0
3029222,0.0
3029223,0.008968428962429975
3029224,34.502014640208714
3029225,0.017061864309249823
3029226,0.014025716290581882
3029227,37.53057969427109
3029228,0.0077883466884264
3029229,0.010287174097425604
3029219,0.0
3029202,0.007130090128835862
3029231,0.010687603093488311
3029232,39.333580308986214
3029259,35.97220715064198
3029258,0.026331889573447547
3029235,0.012416276639165873
3029236,0.004608129108478816
3029237,0.005399028530626692
3029238,46.36877323629103
3029239,0.0068792037724878154
3029240,44.25304120809826
3029241,0.010896000896926371
3029242,44.272985785611596
3029243,44.27324151777837
3029260,35.81243515938165
3029244,40.58002900862309
3029246,39.65079574557693
3029247,52.506577523187836
3029248,0.013923755329855791
3029249,0.009749110947594128
3029250,0.0028385956636415486
3029251,32.25419205330055
3029252,0.0029381859581520445
3029253,35.463187482732565
3029254,0.0
3029255,0.0
3029256,0.01895360217697085
3029245,39.67719697737309
3029287,0.0
3029261,0.017351453491993296
3029284,36.91647118332586
3029233,0.0
3029273,54.537890948443916
3029262,0.019896940627642024
3029263,0.02030540177064967
3029264,0.02030540177064967
3029265,37.08620256510582
3029266,0.004224720165473999
3029267,0.0055798000994749675
3029268,0.03233908081551642
3029269,0.0
3029270,39.69890743758375
3029285,0.0
3029271,58.39823384330832
3029274,0.0
3029234,0.0
3029275,54.56062607459402
3029276,54.56088238206266
3029277,47.76355247941373
3029278,0.0
3029279,46.165526942131436
3029280,70.00162678832153
3029281,0.0
3029282,0.0
3029283,0.0
3029272,0.0
3029288,0.0
3029289,39.20304857754633
3029369,40.40839646522308
3029301,0.03945136616977365
3029290,38.166250834825334
3029291,0.011313196143494424
3029292,0.008312728654894415
3029293,41.76878715703288
3029294,0.0021441584556284423
3029295,0.004615249099295128
3029296,0.0050109168139210025
3029297,0.0050109168139210025
3029298,44.17935043671564
3029299,0.0
3029343,48.15657457096778
3029300,27.965351230105167
3029314,0.010721006031681697
3029303,39.891593112554716
3029304,59.05854509733237
3029305,0.003231132843262384
3029306,55.101654079588464
3029307,0.00769221516228923
3029308,55.1236365220953
3029309,55.123892152144535
3029310,48.15657457096778
3029311,0.01029595361343089
3029312,46.51948989128589
3029302,0.0015175637690493836
3029313,70.95118502282256
3029315,0.006999768110289814
3029341,55.1236365220953
3029329,0.01696234271096405
3029318,0.00069056820349204
3029319,0.0007060812432400581
3029320,0.0
3029321,0.0
3029322,0.020902867822281856
3029323,38.44782076018757
3029324,0.02404010677676627
3029325,0.020341025223555742
3029326,42.126659611721905
3029327,0.01402670075190686
3029317,37.16144358707623
3029328,0.016556563088721263
3029316,37.09352957798199
3029331,45.088822083081475
3029332,0.001008018131004713
3029333,28.00069383183473
3029334,0.0422842818036905
3029335,0.0015175637690493836
3029336,39.891593112554716
3029337,59.05854509733237
3029338,0.003231132843262384
3029339,55.101654079588464
3029340,0.00769221516228923
3029330,0.01696234271096405
3029176,47.394419449250826
3029342,55.123892152144535
3029178,42.76085413672456
3029357,0.02404010677676627
3029346,70.95118502282256
3029347,0.010721006031681697
3029348,0.006999768110289814
3029349,37.09352957798199
3029350,37.16144358707623
3029351,0.00069056820349204
3029352,40.73809727598765
3029353,0.0
3029354,0.0
3029355,39.51748680850066
3029345,46.51948989128589
3029356,38.44782076018757
3029370,60.835261030464146
3029359,42.126659611721905
3029360,0.01402670075190686
3029361,0.016556563088721263
3029362,0.01696234271096405
3029363,0.01696234271096405
3029364,45.088822083081475
3029365,0.001008018131004713
3029366,28.00069383183473
3029367,0.04599046167340334
3029368,0.0044366423726816175
3029358,0.020341025223555742
3029344,0.01029595361343089
3029371,0.0067532693693500385
3028509,0.014161596877935993
3029385,41.168396469024096
3029374,56.39354450962058
3029375,56.39380065203684
3029376,49.047153389463595
3029377,47.37503520251291
3029378,0.013746581973339046
3029379,73.08165676488306
3029380,0.01380994105594325
3029381,0.009622867490327078
3029382,37.4061709154863
3029383,37.48007686031052
3029373,0.01076771932094258
3029384,0.002813522430993012
3029372,56.597360956139894
3029387,0.0
3029388,39.91941156811575
3029389,38.813814600937505
3029390,0.03321737496864716
3029391,43.4145289407347
3029392,42.61274701842434
3029393,0.01627311685536545
3029394,0.0188124358416025
3029395,40.596382469567025
3029396,0.01921979040763349
3029386,0.0
3029399,0.005822524595860275
